{"type":"FeatureCollection","features":[{"type":"Feature","properties":{"iso3":"CRI","name":"Коста-Рика"},"geometry":{"type":"Polygon","coordinates":[[[-82.5636,9.5767],[-82.8793,8.0707],[-85.025,10.1157],[-85.1145,9.5818],[-85.6249,9.9024],[-85.908,10.8976],[-83.642,10.9172],[-82.5636,9.5767]]]}},{"type":"Feature","properties":{"iso3":"NIC","name":"Никарагуа"},"geometry":{"type":"Polygon","coordinates":[[[-83.1575,14.9931],[-83.7129,10.7859],[-85.7443,11.0621],[-87.6675,12.9036],[-84.9852,14.7524],[-83.1575,14.9931]]]}},{"type":"Feature","properties":{"iso3":"MAF","name":"Сен-Мартен"},"geometry":{"type":"Polygon","coordinates":[[[-63.0112,18.0689],[-63.123,18.0689],[-63.0631,18.1153],[-63.0112,18.0689]]]}},{"type":"Feature","properties":{"iso3":"SXM","name":"Синт-Мартен"},"geometry":{"type":"Polygon","coordinates":[[[-63.023,18.0192],[-63.0112,18.0689],[-63.0123,18.0454],[-63.023,18.0192]]]}},{"type":"Feature","properties":{"iso3":"HTI","name":"Республика Гаити"},"geometry":{"type":"MultiPolygon","coordinates":[[[[-71.7792,19.7182],[-71.7683,18.0392],[-74.46,18.3931],[-72.3761,18.5745],[-73.3153,19.8546],[-71.7792,19.7182]]],[[[-73.0691,18.932],[-73.078,18.7909],[-73.2764,18.9541],[-73.0691,18.932]]],[[[-72.791,20.0919],[-72.6389,19.9858],[-72.9604,20.0623],[-72.791,20.0919]]]]}},{"type":"Feature","properties":{"iso3":"DOM","name":"Доминиканская Республика"},"geometry":{"type":"Polygon","coordinates":[[[-71.439,17.6356],[-71.5578,19.8954],[-69.9568,19.6719],[-68.3392,18.6115],[-68.6874,18.2149],[-71.0278,18.2732],[-71.439,17.6356]]]}},{"type":"Feature","properties":{"iso3":"SLV","name":"Сальвадор"},"geometry":{"type":"Polygon","coordinates":[[[-89.3626,14.416],[-87.7314,13.8411],[-87.8207,13.2852],[-90.0952,13.7365],[-89.3626,14.416]]]}},{"type":"Feature","properties":{"iso3":"GTM","name":"Гватемала"},"geometry":{"type":"Polygon","coordinates":[[[-92.2352,14.5454],[-91.7366,16.0702],[-90.4472,16.0727],[-91.4096,17.2559],[-90.9892,17.8164],[-89.1615,17.8148],[-89.2375,15.8944],[-88.2283,15.729],[-89.1718,14.6069],[-90.0952,13.7365],[-92.2352,14.5454]]]}},{"type":"Feature","properties":{"iso3":"CUB","name":"Куба"},"geometry":{"type":"MultiPolygon","coordinates":[[[[-82.1014,23.1904],[-79.8203,22.887],[-79.2757,22.4076],[-74.1537,20.1686],[-77.7151,19.8555],[-77.2296,20.6438],[-78.1164,20.7619],[-78.7277,21.5927],[-81.8494,22.2137],[-81.8388,22.6725],[-84.8872,21.857],[-84.0449,22.666],[-82.1014,23.1904]]],[[[-77.6337,22.054],[-77.7101,21.9213],[-77.9186,22.0881],[-77.6337,22.054]]],[[[-78.1506,22.4315],[-78.18,22.322],[-78.2735,22.4236],[-78.1506,22.4315]]],[[[-78.5477,22.464],[-78.3512,22.5386],[-78.2839,22.4555],[-78.5477,22.464]]],[[[-77.8425,22.149],[-78.0417,22.2013],[-77.9992,22.2987],[-77.8425,22.149]]],[[[-82.5618,21.5717],[-82.9596,21.4413],[-83.1838,21.5935],[-82.9912,21.9427],[-82.5618,21.5717]]],[[[-79.5792,22.8067],[-79.5228,22.7111],[-79.6282,22.8052],[-79.5792,22.8067]]]]}},{"type":"Feature","properties":{"iso3":"HND","name":"Гондурас"},"geometry":{"type":"MultiPolygon","coordinates":[[[[-83.1575,14.9931],[-84.9852,14.7524],[-85.7339,13.8587],[-86.759,13.7461],[-87.0592,12.9915],[-87.8022,13.89],[-89.3626,14.416],[-87.7019,15.9106],[-84.9737,15.9899],[-83.1575,14.9931]]],[[[-86.4383,16.4139],[-86.5803,16.3002],[-86.6304,16.3018],[-86.4383,16.4139]]],[[[-85.8338,16.5109],[-85.9472,16.4036],[-85.9242,16.4833],[-85.8338,16.5109]]]]}},{"type":"Feature","properties":{"iso3":"USA","name":"США"},"geometry":{"type":"MultiPolygon","coordinates":[[[[-132.8425,56.7948],[-132.8847,56.5125],[-132.948,56.5672],[-132.8425,56.7948]]],[[[-132.6434,56.4352],[-132.8915,56.2594],[-133.0376,56.3648],[-132.6434,56.4352]]],[[[-134.52,58.3325],[-134.4563,58.2065],[-134.6616,58.2909],[-134.52,58.3325]]],[[[-145.1281,60.4011],[-145.1505,60.3126],[-145.2843,60.3368],[-145.1281,60.4011]]],[[[-144.2357,60.0152],[-144.6136,59.8126],[-144.4449,59.9507],[-144.2357,60.0152]]],[[[-148.0796,60.1517],[-148.0742,60.0347],[-148.2719,60.0533],[-148.0796,60.1517]]],[[[-151.8994,60.4904],[-152.069,60.3581],[-151.9597,60.5038],[-151.8994,60.4904]]],[[[-160.3623,55.357],[-160.3433,55.2588],[-160.5175,55.3338],[-160.3623,55.357]]],[[[-159.3904,55.0409],[-159.4213,54.9781],[-159.4619,55.0588],[-159.3904,55.0409]]],[[[-159.5748,55.2177],[-159.535,55.0596],[-159.6485,55.0746],[-159.5748,55.2177]]],[[[-166.1386,53.7874],[-166.2507,53.7678],[-166.1137,53.8431],[-166.1386,53.7874]]],[[[-176.009,51.8124],[-176.2044,51.8348],[-176.1937,51.8863],[-176.009,51.8124]]],[[[-165.8299,66.3171],[-166.1486,66.2218],[-165.8222,66.3281],[-165.8299,66.3171]]],[[[-171.791,63.4247],[-170.4304,63.6988],[-168.716,63.3106],[-169.6764,62.9561],[-171.791,63.4247]]],[[[-166.8363,60.217],[-165.5918,59.9131],[-167.4364,60.2066],[-166.8363,60.217]]],[[[-152.8504,57.8968],[-152.2162,57.577],[-152.9408,57.4981],[-153.9727,56.7742],[-154.706,57.3354],[-152.8504,57.8968]]],[[[-130.0251,55.8882],[-130.5753,54.7697],[-131.0328,56.0881],[-131.7842,55.8766],[-132.119,55.5698],[-131.5514,56.2068],[-132.8246,57.0558],[-133.4659,57.1722],[-133.1943,57.8777],[-134.0311,58.0722],[-133.8768,58.5182],[-134.7761,58.4539],[-135.3637,59.4194],[-135.0902,58.2458],[-136.989,59.0345],[-136.0615,58.4527],[-136.6074,58.244],[-139.7991,59.5462],[-138.9881,59.835],[-139.4314,60.0123],[-144.1472,60.0164],[-144.9013,60.3352],[-144.6911,60.6691],[-146.5705,60.7292],[-146.3844,61.1358],[-148.3419,61.0604],[-148.6401,60.4895],[-147.9641,60.4849],[-148.4307,59.9891],[-151.9495,59.2651],[-151.0465,59.7718],[-151.8532,59.7821],[-151.3218,60.7429],[-149.0751,60.8764],[-150.0533,61.1711],[-149.4335,61.5008],[-153.025,60.2957],[-152.6601,59.9972],[-154.1783,59.1556],[-153.4376,58.7548],[-158.4761,56.0755],[-163.3353,54.8392],[-161.6973,55.9072],[-160.2917,55.8051],[-160.3021,56.3141],[-157.4619,57.5062],[-157.5236,58.4213],[-156.8089,59.1343],[-158.1909,58.6143],[-158.5032,58.8503],[-158.0805,58.9774],[-158.8095,58.9739],[-158.9507,58.4045],[-160.3631,59.0512],[-162.1449,58.6442],[-161.6444,59.1097],[-162.4213,60.284],[-161.9466,60.6848],[-162.685,60.2689],[-162.5708,59.9897],[-163.9069,59.8068],[-165.3538,60.5412],[-163.5869,60.903],[-165.1148,60.9328],[-166.1681,61.6508],[-164.409,63.215],[-160.9267,63.6605],[-161.4907,64.4338],[-160.887,64.7956],[-166.1428,64.5828],[-166.9284,65.1571],[-166.157,65.2858],[-168.0884,65.6578],[-164.4605,66.5884],[-163.6382,66.5747],[-164.0337,66.2155],[-163.6954,66.0838],[-161.0343,66.1888],[-161.8282,66.3708],[-162.6074,66.8944],[-162.3616,66.9473],[-161.591,66.4595],[-160.2317,66.4203],[-166.7863,68.3596],[-166.2091,68.8854],[-163.5357,69.1701],[-161.881,70.3317],[-159.8657,70.2789],[-159.3868,70.5245],[-160.0816,70.6349],[-159.6809,70.7868],[-156.4702,71.4077],[-155.5794,71.1211],[-155.9735,70.842],[-141.0021,69.6508],[-141.0021,60.3002],[-139.0792,60.3437],[-137.4386,58.9031],[-135.4759,59.7933],[-133.4011,58.4109],[-131.8243,56.59],[-130.0251,55.8882]]],[[[-164.904,54.5448],[-163.379,54.8155],[-163.0833,54.669],[-164.904,54.5448]]],[[[-133.7371,55.4969],[-133.2817,55.4979],[-133.6502,55.2693],[-133.7371,55.4969]]],[[[-131.4046,55.2133],[-131.232,54.9038],[-131.5922,55.0257],[-131.4046,55.2133]]],[[[-132.3798,56.4988],[-132.133,55.9433],[-132.699,56.1982],[-132.3798,56.4988]]],[[[-131.2692,55.9554],[-131.1879,55.2063],[-131.4476,55.4088],[-131.811,55.2231],[-131.2692,55.9554]]],[[[-133.866,57.0687],[-133.0708,56.9743],[-132.9592,56.6771],[-133.6028,56.4641],[-133.866,57.0687]]],[[[-133.0974,55.2137],[-132.7058,54.6842],[-133.4291,55.3038],[-133.0974,55.2137]]],[[[-146.5603,60.4806],[-146.1022,60.4112],[-146.5953,60.2685],[-146.5603,60.4806]]],[[[-147.4993,59.8902],[-147.1809,60.3583],[-146.9579,60.2889],[-147.4993,59.8902]]],[[[-147.8915,60.2994],[-147.7321,60.2221],[-147.8158,60.1852],[-147.8915,60.2994]]],[[[-148.0377,60.9241],[-148.0574,60.8179],[-148.1238,60.8443],[-148.0377,60.9241]]],[[[-152.9084,57.1524],[-153.2954,57.0004],[-153.3746,57.0519],[-153.2852,57.1851],[-152.9084,57.1524]]],[[[-152.3623,58.5708],[-152.6366,58.5417],[-152.3679,58.6111],[-152.3623,58.5708]]],[[[-153.347,57.9328],[-153.295,57.8295],[-153.5201,57.9558],[-153.347,57.9328]]],[[[-155.5939,55.9243],[-155.6806,55.7918],[-155.7374,55.8298],[-155.5939,55.9243]]],[[[-154.6828,56.4358],[-154.7771,56.4399],[-154.4449,56.5732],[-154.6828,56.4358]]],[[[-154.116,56.5439],[-154.3321,56.539],[-154.1104,56.6029],[-154.116,56.5439]]],[[[-160.7951,55.1452],[-160.5528,55.3808],[-160.4875,55.1849],[-160.7951,55.1452]]],[[[-162.2646,54.9835],[-162.3908,54.873],[-162.4339,54.9315],[-162.2646,54.9835]]],[[[-162.6454,54.4621],[-162.7331,54.4023],[-162.8206,54.4945],[-162.6454,54.4621]]],[[[-160.1721,55.123],[-160.1696,54.9417],[-160.2271,54.9227],[-160.1721,55.123]]],[[[-165.8929,54.207],[-166.0364,54.0472],[-166.1058,54.1448],[-165.8929,54.207]]],[[[-165.5506,54.2845],[-165.6154,54.1396],[-165.6542,54.2533],[-165.5506,54.2845]]],[[[-160.919,58.5771],[-161.1315,58.6682],[-160.7151,58.7952],[-160.919,58.5771]]],[[[-173.074,60.4932],[-172.3875,60.3985],[-172.2321,60.2991],[-173.074,60.4932]]],[[[-170.1162,57.2418],[-170.264,57.1368],[-170.3866,57.203],[-170.1162,57.2418]]],[[[-169.8207,52.8834],[-169.7228,52.7923],[-169.9918,52.8298],[-169.8207,52.8834]]],[[[-170.6821,52.6976],[-170.7974,52.5498],[-170.8271,52.6007],[-170.6821,52.6976]]],[[[-172.3136,52.3296],[-172.6198,52.2729],[-172.4704,52.388],[-172.3136,52.3296]]],[[[-169.6326,56.5457],[-169.5505,56.6281],[-169.4743,56.594],[-169.6326,56.5457]]],[[[-176.3786,51.8611],[-176.3497,51.7333],[-176.4137,51.8406],[-176.3786,51.8611]]],[[[-176.0774,52.1],[-176.1429,52.0043],[-176.1845,52.0561],[-176.0774,52.1]]],[[[-177.1101,51.9288],[-177.6549,51.6766],[-177.6702,51.7011],[-177.1101,51.9288]]],[[[178.5706,51.9775],[178.5118,51.8991],[178.475,51.9677],[178.5706,51.9775]]],[[[178.908,51.6156],[179.2781,51.3722],[178.6479,51.6439],[178.908,51.6156]]],[[[173.7761,52.4951],[173.6162,52.3913],[173.4023,52.4048],[173.7761,52.4951]]],[[[-135.4487,57.5344],[-134.6207,56.7183],[-134.6819,56.2162],[-135.4549,57.2494],[-135.8123,57.0095],[-135.4487,57.5344]]],[[[-134.6803,58.1617],[-134.2401,58.144],[-133.8228,57.6287],[-134.3069,58.0344],[-133.9088,57.3687],[-134.4353,57.057],[-134.6803,58.1617]]],[[[-136.5686,57.9722],[-134.9547,58.0153],[-135.3385,57.7687],[-134.9315,57.4812],[-136.5686,57.9722]]],[[[-133.5661,56.3392],[-132.1727,55.4806],[-132.5113,55.5939],[-132.6313,55.4732],[-132.0217,54.7263],[-133.6802,55.7852],[-133.2415,55.9208],[-133.7425,55.9648],[-133.5661,56.3392]]],[[[-134.3844,56.724],[-133.7384,56.6504],[-134.1896,56.077],[-134.3844,56.724]]],[[[-152.8411,58.4164],[-151.9825,58.2443],[-153.3813,58.0872],[-152.8411,58.4164]]],[[[-167.8651,53.3873],[-168.5056,53.0432],[-169.0889,52.832],[-168.2877,53.5001],[-167.8651,53.3873]]],[[[-167.1182,53.8726],[-166.3095,53.6975],[-167.8088,53.3238],[-166.8187,53.6414],[-167.1182,53.8726]]],[[[-173.9925,52.1233],[-173.3572,52.0957],[-173.0229,52.0792],[-173.9925,52.1233]]],[[[-174.1207,52.1352],[-175.2956,52.0222],[-174.0184,52.3318],[-174.1207,52.1352]]],[[[-176.6983,51.986],[-176.4523,51.7357],[-176.9616,51.6037],[-176.6983,51.986]]],[[[-177.6445,51.8263],[-177.9253,51.6174],[-178.1945,51.8822],[-177.6445,51.8263]]],[[[179.6271,52.0304],[179.5496,51.894],[179.5039,51.9796],[179.6271,52.0304]]],[[[177.6696,52.103],[177.3285,51.8411],[177.2503,51.9029],[177.6696,52.103]]],[[[172.4948,52.9379],[173.1021,52.9956],[173.436,52.8521],[172.4948,52.9379]]],[[[-155.5813,19.012],[-156.0487,19.75],[-155.8316,20.2758],[-154.8042,19.5245],[-155.5813,19.012]]],[[[-157.2903,21.1126],[-156.9523,21.1997],[-156.7122,21.1551],[-157.2903,21.1126]]],[[[-156.4088,20.6052],[-156.2775,20.9513],[-155.9898,20.7571],[-156.4088,20.6052]]],[[[-157.9625,21.7014],[-157.6354,21.3076],[-158.2731,21.5853],[-157.9625,21.7014]]],[[[-159.3521,22.2196],[-159.6088,21.9095],[-159.7892,22.0418],[-159.3521,22.2196]]],[[[-160.08,21.9074],[-160.2347,21.8037],[-160.1006,22.0152],[-160.08,21.9074]]],[[[-156.8806,20.9048],[-156.9734,20.7575],[-157.0506,20.9125],[-156.8806,20.9048]]],[[[-74.8566,45.0039],[-70.865,45.2707],[-69.2429,47.463],[-67.8068,47.0828],[-67.8022,45.7275],[-66.987,44.8277],[-68.7627,44.5708],[-70.2692,43.6719],[-71.0462,42.3311],[-69.9486,41.6771],[-71.3901,41.7953],[-71.5229,41.379],[-72.9247,41.2852],[-73.9871,40.7514],[-73.872,41.0552],[-73.9699,41.2497],[-74.2642,40.5286],[-73.9723,40.4003],[-74.0799,39.7881],[-74.7945,39.0019],[-75.5242,39.4902],[-75.0742,39.9835],[-75.5876,39.6408],[-75.3922,39.0928],[-75.0887,38.7775],[-75.0388,38.4264],[-75.9344,37.1519],[-75.6593,37.954],[-76.3412,38.7097],[-75.8729,39.5109],[-76.5704,39.2693],[-76.3412,38.087],[-77.0012,38.4453],[-77.2325,38.4077],[-77.0182,38.7777],[-77.0304,38.8893],[-77.2604,38.6],[-77.2732,38.3518],[-76.2643,37.8936],[-77.1111,38.1657],[-76.2833,37.0527],[-76.4009,36.9913],[-76.6309,37.2217],[-77.2509,37.3292],[-76.4878,36.897],[-75.9994,36.9126],[-75.5342,35.8191],[-75.9465,36.6591],[-75.8201,36.1128],[-76.7336,36.2292],[-75.7588,35.8433],[-76.1738,35.3542],[-77.04,35.5274],[-76.4398,34.8429],[-77.4123,34.7308],[-77.9278,33.9397],[-80.8025,32.448],[-81.4604,31.1271],[-81.5162,30.8018],[-81.2495,29.7938],[-80.05,26.8077],[-80.4847,25.2298],[-81.1105,25.138],[-81.7155,25.9832],[-81.8287,26.6871],[-82.7146,27.4996],[-82.4058,27.8629],[-82.8435,27.846],[-82.6515,28.8875],[-83.6944,29.926],[-85.3189,29.6802],[-85.6035,30.2868],[-88.006,30.2309],[-88.0113,30.6942],[-90.332,30.2776],[-89.4007,30.046],[-89.7209,29.6193],[-89.0157,29.2029],[-89.3761,28.9813],[-91.8932,29.836],[-95.0229,29.7023],[-95.2735,28.9639],[-96.64,28.7088],[-97.7685,27.4575],[-97.3582,25.8705],[-99.1078,26.4469],[-101.3804,29.7426],[-102.3431,29.865],[-103.2577,29.0011],[-106.4454,31.7684],[-111.042,31.3242],[-114.7248,32.7153],[-117.1283,32.5333],[-118.5062,34.0174],[-120.6447,34.58],[-122.4992,37.5426],[-121.5253,38.0559],[-122.9988,37.9886],[-124.324,40.252],[-124.0719,41.4595],[-124.5396,42.8129],[-123.9893,46.2194],[-123.2206,46.1536],[-124.0728,46.2794],[-123.8429,46.9632],[-124.71,48.3804],[-122.7786,48.1376],[-123.1391,47.3861],[-122.5328,47.9197],[-123.0276,47.1389],[-122.702,47.1109],[-122.3538,47.3716],[-122.242,48.0107],[-122.7888,48.993],[-95.1621,48.9917],[-95.1553,49.3697],[-94.6209,48.7426],[-91.5183,48.0583],[-88.3782,48.3031],[-82.5511,45.3474],[-82.1378,43.5709],[-83.1497,42.1419],[-82.69,41.6752],[-79.0367,42.8023],[-78.8456,43.5833],[-76.82,43.6288],[-74.8566,45.0039]]],[[[-72.2741,41.153],[-72.5809,40.9213],[-71.9032,41.0607],[-74.0149,40.5812],[-72.2741,41.153]]],[[[-68.2994,44.4565],[-68.3151,44.2497],[-68.4117,44.2943],[-68.2994,44.4565]]],[[[-74.0797,40.5865],[-74.2359,40.5187],[-74.1882,40.6146],[-74.0797,40.5865]]],[[[-70.616,41.4572],[-70.7853,41.3274],[-70.8292,41.359],[-70.616,41.4572]]],[[[-71.2414,41.4919],[-71.3462,41.4694],[-71.232,41.6543],[-71.2414,41.4919]]],[[[-70.0412,41.3975],[-70.0551,41.2495],[-70.2331,41.2863],[-70.0412,41.3975]]],[[[-75.6489,35.9104],[-75.6508,35.8356],[-75.7172,35.9461],[-75.6489,35.9104]]],[[[-75.4647,35.4486],[-75.6901,35.2216],[-75.5035,35.7691],[-75.4647,35.4486]]],[[[-75.8649,35.1741],[-75.9637,35.1188],[-75.9842,35.1231],[-75.8649,35.1741]]],[[[-76.3577,34.8037],[-76.437,34.7563],[-76.2074,34.9389],[-76.3577,34.8037]]],[[[-82.1161,26.4609],[-82.145,26.4467],[-82.2014,26.548],[-82.1161,26.4609]]],[[[-82.1211,26.6655],[-82.0852,26.4936],[-82.1691,26.7007],[-82.1211,26.6655]]],[[[-80.3818,25.1423],[-80.5806,24.9542],[-80.2571,25.3476],[-80.3818,25.1423]]],[[[-91.8752,29.641],[-91.8309,29.4865],[-92.0066,29.6103],[-91.8752,29.641]]],[[[-96.8397,28.0888],[-96.9787,28.0139],[-96.8574,28.1329],[-96.8397,28.0888]]],[[[-96.4133,28.3378],[-96.8011,28.1484],[-96.4036,28.3816],[-96.4133,28.3378]]],[[[-97.0605,27.822],[-97.3848,27.2425],[-97.295,27.5231],[-97.0605,27.822]]],[[[-94.7676,29.3391],[-95.0896,29.1363],[-94.826,29.3413],[-94.7676,29.3391]]],[[[-97.3512,26.8015],[-97.1845,26.1129],[-97.386,27.1965],[-97.3512,26.8015]]],[[[-120.3677,34.0733],[-120.3597,34.0223],[-120.4416,34.0329],[-120.3677,34.0733]]],[[[-119.4788,33.2746],[-119.5437,33.2246],[-119.5752,33.2783],[-119.4788,33.2746]]],[[[-118.5571,33.0327],[-118.4732,32.8389],[-118.5902,33.0112],[-118.5571,33.0327]]],[[[-120.0718,34.0265],[-120.1671,33.9181],[-120.2519,34.0139],[-120.0718,34.0265]]],[[[-119.8096,33.9678],[-119.5691,34.053],[-119.5493,34.0282],[-119.8096,33.9678]]],[[[-118.3479,33.3857],[-118.4463,33.3171],[-118.5694,33.4642],[-118.3479,33.3857]]],[[[-122.8977,48.7104],[-122.8925,48.5945],[-123.0028,48.6522],[-122.8977,48.7104]]],[[[-123.1142,48.6133],[-122.9868,48.468],[-123.1399,48.508],[-123.1142,48.6133]]],[[[-122.6286,48.3842],[-122.3667,47.9854],[-122.3832,47.9232],[-122.7415,48.2253],[-122.6286,48.3842]]],[[[-71.3545,41.5423],[-71.3931,41.4667],[-71.384,41.5706],[-71.3545,41.5423]]],[[[-74.1332,39.6808],[-74.2505,39.5294],[-74.1067,39.7464],[-74.1332,39.6808]]],[[[-75.1362,38.1805],[-75.3785,37.8721],[-75.0979,38.2981],[-75.1362,38.1805]]],[[[-76.6223,34.6945],[-76.6078,34.6636],[-76.6739,34.7001],[-76.6223,34.6945]]],[[[-81.3223,24.6851],[-81.3791,24.6363],[-81.4201,24.75],[-81.3223,24.6851]]],[[[-80.7868,24.821],[-80.8483,24.8037],[-80.7852,24.8353],[-80.7868,24.821]]],[[[-80.6383,24.9032],[-80.6651,24.8984],[-80.6146,24.9379],[-80.6383,24.9032]]],[[[-80.9889,24.7279],[-81.1374,24.7105],[-80.9305,24.7595],[-80.9889,24.7279]]],[[[-81.419,30.9714],[-81.4635,30.7278],[-81.4846,30.8979],[-81.419,30.9714]]],[[[-81.5322,24.6142],[-81.6315,24.59],[-81.5623,24.6892],[-81.5322,24.6142]]],[[[-80.3958,27.7945],[-80.1705,27.2048],[-80.4369,27.8505],[-80.3958,27.7945]]],[[[-81.7397,24.5545],[-81.8114,24.5578],[-81.7387,24.5754],[-81.7397,24.5545]]],[[[-88.8893,29.7126],[-88.9436,29.6603],[-88.8727,29.753],[-88.8893,29.7126]]],[[[-88.574,30.2292],[-88.6592,30.2256],[-88.7229,30.2643],[-88.574,30.2292]]],[[[-88.1094,30.2737],[-88.1593,30.2309],[-88.3163,30.2404],[-88.1094,30.2737]]],[[[-89.1847,30.1687],[-89.2205,30.0376],[-89.342,30.0628],[-89.1847,30.1687]]],[[[-88.8126,29.9333],[-88.8557,29.7759],[-88.8669,30.0567],[-88.8126,29.9333]]],[[[-85.0005,29.6272],[-85.0083,29.6066],[-85.1167,29.6328],[-85.0005,29.6272]]],[[[-122.8851,47.2747],[-122.8768,47.1861],[-122.9119,47.2543],[-122.8851,47.2747]]],[[[-122.4686,47.49],[-122.5099,47.358],[-122.4865,47.4888],[-122.4686,47.49]]],[[[-122.5079,47.6827],[-122.5759,47.6195],[-122.5498,47.704],[-122.5079,47.6827]]],[[[-122.8689,48.5486],[-122.9216,48.4569],[-122.9122,48.538],[-122.8689,48.5486]]],[[[-68.6768,44.2562],[-68.7017,44.1827],[-68.703,44.232],[-68.6768,44.2562]]]]}},{"type":"Feature","properties":{"iso3":"CAN","name":"Канада"},"geometry":{"type":"MultiPolygon","coordinates":[[[[-133.0979,54.0056],[-132.1661,53.9552],[-132.5347,53.6517],[-131.6676,54.1414],[-132.0113,53.2652],[-132.7475,53.3105],[-133.0979,54.0056]]],[[[-131.7537,53.1956],[-131.9718,52.8798],[-131.2215,52.1536],[-132.5468,53.1375],[-131.7537,53.1956]]],[[[-127.9181,50.8605],[-125.4821,50.3168],[-124.8306,49.5301],[-123.2838,48.4552],[-125.1207,48.7608],[-124.8497,49.0283],[-124.8126,49.2126],[-125.5431,48.9528],[-125.9354,49.4015],[-126.5485,49.4189],[-126.1341,49.6723],[-127.2498,50.138],[-127.8639,50.1277],[-127.4659,50.5831],[-128.3499,50.6966],[-127.9181,50.8605]]],[[[-130.0947,55.6948],[-135.4759,59.7933],[-137.4386,58.9031],[-139.0792,60.3437],[-141.0021,60.3002],[-141.0021,69.6508],[-135.2588,68.6843],[-135.9102,69.1115],[-129.5384,70.1052],[-132.6867,69.2599],[-133.4183,68.8443],[-133.1968,68.7398],[-131.7884,69.432],[-128.853,69.751],[-127.6838,70.2604],[-127.991,70.5738],[-125.7278,69.38],[-124.555,70.1512],[-124.3381,69.3648],[-121.7418,69.7975],[-113.9644,68.3991],[-115.1332,67.8192],[-110.0739,67.9929],[-107.9887,67.2564],[-108.496,67.0923],[-107.2595,66.3985],[-107.9584,67.8186],[-105.7502,68.5923],[-108.7181,68.2975],[-108.3458,68.5978],[-106.1645,68.9199],[-104.4868,68.0632],[-102.3204,67.7356],[-98.6315,68.0726],[-97.4549,67.617],[-97.1398,67.7962],[-98.6505,68.3635],[-97.4104,68.4965],[-95.9703,68.2491],[-96.3691,67.5098],[-95.4189,67.0132],[-96.4226,67.0518],[-95.7875,66.6168],[-96.0369,66.9375],[-95.3997,66.9495],[-95.2587,67.2625],[-95.4607,68.0214],[-93.4489,68.6189],[-94.6004,68.8032],[-93.5323,69.4809],[-96.5514,70.2103],[-95.8786,70.549],[-96.5489,70.8087],[-96.4466,71.2399],[-94.6111,71.9869],[-91.5641,70.1783],[-92.8878,69.6682],[-90.4156,69.457],[-91.2372,69.2855],[-90.2478,68.2674],[-89.2795,69.2555],[-88.0414,68.8117],[-87.8279,68.3],[-88.3138,67.9503],[-87.3594,67.1772],[-86.5608,67.4821],[-85.6898,68.6709],[-84.8676,68.7733],[-85.5074,69.8453],[-82.3742,69.6418],[-82.7548,69.4944],[-81.2525,68.7432],[-82.5527,68.4465],[-81.2943,67.4974],[-81.4676,67.0699],[-83.4064,66.3712],[-84.5385,66.9728],[-84.8458,67.0287],[-85.1137,66.9069],[-83.869,66.2136],[-86.7082,66.523],[-85.9587,66.119],[-87.4529,65.339],[-89.7494,65.936],[-91.4272,65.9479],[-87.0275,65.1981],[-88.1056,64.1833],[-90.0417,64.1409],[-90.8119,63.5809],[-93.6963,64.1472],[-90.7113,63.3041],[-92.3613,62.8194],[-91.9358,62.5924],[-92.528,62.1684],[-93.2054,62.3649],[-94.7617,60.4982],[-94.9573,59.0688],[-94.3322,58.2974],[-93.1788,58.7256],[-92.4328,57.3203],[-92.7981,56.922],[-90.5922,57.2245],[-85.6767,55.6011],[-85.3653,55.0793],[-82.3933,55.0678],[-82.2916,53.0307],[-81.8279,52.2242],[-80.658,51.7583],[-80.8512,51.125],[-79.3479,50.7626],[-79.6888,51.3466],[-78.9032,51.2003],[-78.4481,52.2614],[-79.7124,54.6718],[-77.7753,55.2913],[-76.5298,56.5],[-76.8909,57.7581],[-78.5059,58.6491],[-77.2892,60.022],[-77.603,60.8252],[-78.1813,60.8191],[-77.5144,61.5563],[-78.1334,62.2823],[-73.7051,62.4731],[-71.4227,61.1589],[-69.4719,61.0109],[-69.6737,60.0759],[-70.6548,60.0262],[-69.7339,59.918],[-69.344,59.3031],[-70.1543,58.7606],[-68.3812,58.7435],[-68.3565,58.1632],[-69.0408,57.9025],[-66.3624,58.7912],[-66.0024,58.4312],[-65.4751,59.4703],[-65.0382,59.3879],[-65.4334,59.7765],[-64.4994,60.2683],[-64.7685,60.0121],[-63.4151,59.1944],[-63.9711,59.0538],[-62.8739,58.6725],[-63.5371,58.3299],[-62.5938,58.474],[-63.2615,58.0147],[-61.9586,57.9118],[-62.4956,57.4892],[-61.3337,57.0106],[-62.4973,56.8017],[-61.4495,55.9957],[-60.341,55.7847],[-60.6171,55.0602],[-59.7588,55.3096],[-59.8378,54.814],[-59.2596,55.2],[-57.4045,54.5909],[-60.3954,53.6533],[-60.3295,53.2661],[-57.4161,54.1627],[-57.3317,53.4691],[-55.9661,53.4711],[-55.8028,52.6432],[-56.3249,52.5445],[-55.6728,52.1901],[-60.0802,50.2546],[-66.4955,50.2119],[-69.6739,48.1992],[-71.0183,48.4556],[-69.775,48.0981],[-71.2678,46.7959],[-72.2046,46.5589],[-74.3151,45.5311],[-73.9738,45.3451],[-75.4013,44.7723],[-76.82,43.6288],[-78.8456,43.5833],[-79.0367,42.8023],[-82.69,41.6752],[-83.1497,42.1419],[-82.1378,43.5709],[-82.5511,45.3474],[-88.3782,48.3031],[-91.5183,48.0583],[-94.6209,48.7426],[-95.1553,49.3697],[-95.1621,48.9917],[-123.0773,48.9802],[-123.1875,49.6803],[-123.5306,49.3973],[-124.0286,49.6029],[-123.5825,49.6812],[-123.8254,50.1442],[-124.7824,50.0201],[-124.8599,50.8724],[-126.0943,50.4976],[-126.5173,51.0568],[-127.7081,51.1512],[-126.6915,51.7034],[-127.8691,51.7752],[-127.4379,52.3562],[-126.714,52.0607],[-126.9513,52.7212],[-127.8343,52.251],[-128.1022,51.7884],[-128.0533,52.9107],[-129.1716,53.5336],[-127.9278,53.2747],[-128.5321,53.8581],[-128.9594,53.8415],[-129.5637,53.2515],[-130.3353,53.7239],[-129.626,54.2303],[-130.4303,54.421],[-129.5606,55.4625],[-130.0485,55.0573],[-130.0947,55.6948]]],[[[-110.4078,78.7566],[-109.3521,78.3687],[-113.2926,78.3344],[-112.8559,78.4668],[-110.4078,78.7566]]],[[[-113.2834,77.813],[-109.619,78.0568],[-111.952,77.3442],[-113.2834,77.813]]],[[[-115.5513,77.3633],[-117.2336,76.2815],[-117.993,76.4058],[-117.8808,76.8051],[-119.9129,75.8588],[-122.9028,76.1347],[-119.0902,77.3051],[-115.5513,77.3633]]],[[[-108.4062,76.0851],[-105.4814,75.7022],[-106.0926,75.0895],[-112.5193,74.4168],[-114.377,74.6708],[-111.0335,75.2268],[-117.6001,75.2717],[-115.1418,75.6785],[-117.1636,75.6449],[-114.9915,75.8963],[-116.6646,75.9576],[-114.7786,76.1726],[-115.8317,76.2958],[-114.9985,76.4975],[-109.0864,75.5065],[-110.3095,76.3974],[-108.8316,76.8211],[-108.4062,76.0851]]],[[[-114.5215,72.5929],[-111.2697,72.7137],[-111.6751,72.3001],[-110.0084,72.9836],[-107.8128,71.6262],[-107.306,71.8947],[-108.2374,73.1499],[-106.4821,73.1962],[-105.4151,72.7883],[-104.3859,71.577],[-104.5148,71.0643],[-100.9057,69.8117],[-103.4348,69.6677],[-103.1202,69.2046],[-101.7893,69.1816],[-102.8951,68.8236],[-106.6591,69.4396],[-113.0195,68.4813],[-113.6941,69.195],[-116.5135,69.4246],[-117.1954,70.0541],[-111.6326,70.3088],[-117.5871,70.6295],[-118.3765,70.9677],[-115.3034,71.4937],[-118.9877,71.7643],[-118.3745,72.5339],[-116.5732,73.0549],[-114.2064,73.2978],[-114.5215,72.5929]]],[[[-124.6962,74.3482],[-117.5148,74.2317],[-115.3928,73.502],[-122.8399,71.0975],[-125.8453,71.9787],[-123.7973,73.7682],[-124.6962,74.3482]]],[[[-77.1249,83.0085],[-61.2072,82.3411],[-68.6885,81.2933],[-64.7801,81.4929],[-72.056,80.1232],[-70.5591,80.071],[-71.3878,79.7618],[-76.8988,79.5123],[-74.5323,79.0527],[-78.5816,79.075],[-74.4331,78.7241],[-76.4161,78.5115],[-75.1935,78.3277],[-78.0126,77.946],[-78.4932,77.3694],[-82.0568,77.2965],[-77.9987,76.852],[-80.7997,76.1736],[-82.5298,76.7233],[-82.2332,76.4658],[-89.5701,76.4919],[-86.8123,77.1849],[-88.017,77.7847],[-84.487,77.368],[-83.6081,77.4422],[-82.5953,77.9921],[-84.8605,77.4995],[-85.5476,77.9277],[-84.2227,78.176],[-84.7832,78.5276],[-87.5518,78.1766],[-86.8079,78.7744],[-83.2714,78.7703],[-81.7501,78.9758],[-84.412,78.9966],[-83.5759,79.0537],[-86.4208,79.8452],[-86.4985,80.2583],[-80.4759,79.6063],[-80.1245,79.6695],[-82.987,80.3226],[-76.863,80.8648],[-78.7162,80.9517],[-76.8851,81.4303],[-85.1458,80.5211],[-86.6154,80.63],[-83.2888,81.1479],[-87.7117,80.6562],[-89.2633,80.9143],[-86.4768,81.0357],[-84.9412,81.2862],[-89.623,81.0325],[-89.981,81.1247],[-87.597,81.5258],[-91.6841,81.6357],[-85.0448,81.9828],[-86.6156,82.2186],[-84.8968,82.4494],[-79.4249,81.8544],[-82.4476,82.395],[-78.7488,82.6794],[-79.8863,82.9385],[-76.0094,82.5352],[-75.5656,82.6085],[-77.1249,83.0085]]],[[[-96.2766,77.6306],[-93.5829,77.7708],[-93.1287,77.6602],[-96.2766,77.6306]]],[[[-93.5426,75.0279],[-94.5345,74.6367],[-96.5996,75.0318],[-94.8782,75.63],[-93.5426,75.0279]]],[[[-101.5232,73.4864],[-99.158,73.7316],[-97.1117,73.7903],[-98.4309,72.9581],[-96.5421,72.6987],[-96.6134,71.8338],[-99.1671,71.3672],[-102.7087,72.7645],[-100.1281,72.9067],[-100.5364,73.1979],[-99.8251,73.2139],[-101.5232,73.4864]]],[[[-85.814,65.8319],[-84.5011,65.4584],[-82.05,64.6443],[-81.8871,64.0164],[-80.2613,63.802],[-81.0464,63.4616],[-83.304,64.1438],[-85.3926,63.1197],[-85.7689,63.7003],[-87.1771,63.5951],[-86.2521,64.1369],[-85.814,65.8319]]],[[[-97.7009,76.4665],[-97.8905,75.7604],[-97.336,75.4198],[-97.9918,75.0458],[-100.7312,75.3465],[-99.1946,75.6984],[-102.7975,75.5997],[-100.9728,75.7984],[-102.1377,76.2849],[-101.7875,76.4513],[-99.8655,75.9242],[-99.5411,76.1463],[-100.8908,76.4755],[-97.7009,76.4665]]],[[[-103.7064,79.3521],[-100.0147,78.7286],[-98.9996,77.9969],[-99.9559,77.7938],[-101.0741,78.1938],[-102.7313,78.371],[-104.5126,78.2946],[-104.9956,78.5185],[-103.3716,78.7363],[-105.5802,79.1142],[-103.7064,79.3521]]],[[[-94.1793,81.3393],[-88.8573,80.1662],[-87.675,80.3721],[-87.9223,80.0977],[-86.9772,79.8942],[-87.2952,79.5802],[-85.0421,79.2846],[-87.6174,78.6763],[-88.0402,78.9953],[-87.9829,78.5371],[-88.8224,78.1859],[-90.0371,78.6068],[-89.4898,78.1719],[-91.4096,78.188],[-94.1697,78.9728],[-91.2999,79.3727],[-95.1032,79.2899],[-95.733,79.4182],[-94.4019,79.7363],[-96.7732,80.1358],[-94.6459,80.0487],[-94.2626,80.1949],[-96.3941,80.315],[-95.5491,80.3666],[-95.927,80.7207],[-93.9279,80.5592],[-95.2698,81.0008],[-93.2356,81.1289],[-94.1793,81.3393]]],[[[-96.898,76.754],[-93.2119,76.7547],[-93.5346,76.4477],[-89.2845,76.3016],[-91.4073,76.2201],[-88.9167,75.454],[-82.1537,75.8311],[-79.6602,75.4495],[-80.382,75.0342],[-79.4014,74.9176],[-81.9402,74.4727],[-83.5221,74.9015],[-84.4255,74.5081],[-91.5083,74.6507],[-93.0917,76.354],[-96.898,76.754]]],[[[-98.3408,78.7512],[-94.9343,78.0756],[-96.9896,77.806],[-98.3408,78.7512]]],[[[-93.1708,74.161],[-90.3546,73.8687],[-92.1179,72.7538],[-94.2113,72.7569],[-93.5416,72.437],[-95.193,72.0274],[-95.6329,73.6955],[-93.1708,74.161]]],[[[-97.4694,69.6668],[-96.3,69.3444],[-95.2678,68.8261],[-96.5988,68.4608],[-99.5641,69.0341],[-97.4694,69.6668]]],[[[-61.1052,45.9447],[-60.7379,45.7514],[-60.2979,46.3112],[-59.828,45.9651],[-60.6729,45.5908],[-61.4498,45.7162],[-60.4891,47.0097],[-60.4945,46.2703],[-61.1052,45.9447]]],[[[-66.9187,45.1456],[-67.8022,45.7275],[-67.8068,47.0828],[-69.2429,47.463],[-70.865,45.2707],[-74.7089,45.0039],[-73.5581,45.4251],[-72.1093,46.5512],[-71.2612,46.7563],[-70.5195,47.0325],[-68.8157,48.366],[-65.5234,49.2662],[-64.2538,48.5504],[-66.7044,48.0225],[-64.7032,47.7249],[-65.3189,47.1012],[-64.5415,46.2403],[-61.0315,45.2917],[-64.2861,44.5503],[-65.4817,43.5181],[-66.1257,43.8138],[-66.0906,44.5049],[-63.368,45.3648],[-64.8731,45.3546],[-64.3146,45.8357],[-64.6327,45.9466],[-66.9187,45.1456]]],[[[-55.4587,51.5365],[-56.8222,49.6135],[-56.1794,50.115],[-55.5029,49.9832],[-56.1402,49.6191],[-55.2295,49.5082],[-55.3532,49.0794],[-53.6194,49.3216],[-54.1145,48.3936],[-53.0276,48.6347],[-53.8696,48.0197],[-53.6724,47.6482],[-52.866,48.113],[-53.0698,46.6812],[-53.5898,46.6389],[-53.5974,47.146],[-54.1737,46.8804],[-53.8495,47.4403],[-54.1918,47.8598],[-55.7885,46.8672],[-54.7846,47.6647],[-59.2598,47.6342],[-58.3302,48.5221],[-59.1677,48.5585],[-57.9905,48.9879],[-58.2134,49.3867],[-57.0359,51.0108],[-55.4587,51.5365]]],[[[-86.5894,71.0108],[-84.8237,71.0286],[-84.6994,71.6314],[-85.9116,71.9865],[-84.2837,72.0445],[-85.6499,72.7222],[-84.2566,72.7967],[-85.4547,73.1055],[-81.6054,73.696],[-80.2772,72.7702],[-81.2293,72.3117],[-80.6115,72.4508],[-80.9251,71.9077],[-79.8313,72.4463],[-78.5851,71.8806],[-78.6993,72.3514],[-77.5165,72.1778],[-78.4224,72.5715],[-76.8935,72.7207],[-75.0715,72.3229],[-75.9228,71.7172],[-74.2664,72.0377],[-75.2048,71.7091],[-74.7008,71.6756],[-74.9962,71.2181],[-73.8666,71.771],[-74.1973,71.4042],[-71.6407,71.5163],[-71.1865,71.2787],[-72.6327,70.8308],[-70.6727,71.0522],[-71.8902,70.4315],[-71.2759,70.5003],[-71.4294,70.1278],[-70.0847,70.8295],[-68.4958,70.6103],[-70.0577,70.0426],[-67.8553,70.2818],[-67.1928,69.7568],[-68.0204,69.7701],[-69.2508,69.5119],[-66.6763,69.2584],[-69.3191,68.857],[-63.0401,67.235],[-63.7016,66.8224],[-61.2997,66.6487],[-62.5531,66.4068],[-61.9916,66.0353],[-62.6589,65.6399],[-63.4587,65.853],[-63.6066,64.9281],[-65.4016,65.764],[-64.4454,66.3171],[-65.8257,65.9969],[-66.9863,66.6275],[-67.8834,66.4674],[-67.3504,65.9297],[-68.4599,66.2493],[-68.7489,66.2],[-66.6974,64.8152],[-65.4319,64.7264],[-65.0746,64.4367],[-65.5803,64.2938],[-64.4109,63.7063],[-64.6646,63.2454],[-65.1918,63.7643],[-64.6724,62.922],[-65.1085,62.6265],[-68.9111,63.7032],[-65.9802,62.2089],[-66.3237,61.8703],[-71.3473,63.0661],[-71.9922,63.4162],[-71.3809,63.5803],[-73.2713,64.5825],[-74.6814,64.8307],[-76.8562,64.2376],[-78.1746,64.6177],[-77.3267,65.4531],[-75.4521,64.8416],[-75.7987,65.2975],[-73.5508,65.4853],[-74.4164,66.1671],[-72.22,67.2543],[-73.8516,68.7014],[-74.8549,69.0658],[-76.5851,68.6987],[-75.6478,69.2125],[-79.0664,70.6036],[-79.0929,69.9253],[-81.652,70.0946],[-80.9217,69.7309],[-87.9007,70.2519],[-89.4559,71.0617],[-87.1401,71.0116],[-89.6933,71.4235],[-90.0252,71.9488],[-88.7052,73.4033],[-85.0093,73.7786],[-86.6678,72.7625],[-86.2185,71.8991],[-85.0234,71.3532],[-86.5894,71.0108]]],[[[-61.8011,49.0939],[-63.0415,49.225],[-64.4852,49.887],[-62.8585,49.7055],[-61.8011,49.0939]]],[[[-63.9936,47.0616],[-63.6814,46.5619],[-62.0237,46.4216],[-62.4781,45.9997],[-63.5689,46.2092],[-64.388,46.6409],[-63.9936,47.0616]]],[[[-83.9124,62.4255],[-81.9644,62.8276],[-83.0158,62.2099],[-83.9124,62.4255]]],[[[-79.5453,62.4117],[-79.6688,61.6444],[-80.2652,61.8182],[-80.0216,62.343],[-79.5453,62.4117]]],[[[-76.7402,68.2313],[-75.0781,68.1731],[-75.202,67.4592],[-77.2242,67.5082],[-76.7402,68.2313]]],[[[-80.8607,73.6706],[-77.2065,73.4996],[-76.09,72.8812],[-79.5005,72.756],[-80.8607,73.6706]]],[[[-80.7317,52.7473],[-81.0966,52.7799],[-82.0393,53.0499],[-81.1356,53.2058],[-80.7317,52.7473]]],[[[-78.6728,56.2605],[-78.9138,56.1328],[-78.6688,56.4386],[-78.6728,56.2605]]],[[[-79.2724,56.6004],[-79.1755,55.8851],[-80.0083,55.911],[-79.4589,56.5397],[-79.5363,56.1801],[-79.2724,56.6004]]],[[[-79.6879,56.3268],[-80.0575,56.2874],[-79.5797,56.4664],[-79.6879,56.3268]]],[[[-89.712,77.3104],[-90.9932,77.3295],[-91.1827,77.5572],[-90.1719,77.5947],[-89.712,77.3104]]],[[[-104.4934,77.1624],[-105.2151,77.1821],[-106.0661,77.7254],[-105.2896,77.6421],[-104.4934,77.1624]]],[[[-99.7312,80.1441],[-98.9452,79.7241],[-100.126,80.0013],[-99.7312,80.1441]]],[[[-105.2889,72.9199],[-106.18,73.3041],[-106.9497,73.5104],[-104.5875,73.5781],[-105.2889,72.9199]]],[[[-102.728,76.307],[-102.008,75.9394],[-104.4061,76.1085],[-102.728,76.307]]],[[[-104.603,76.5827],[-103.7228,76.6011],[-103.0335,76.4315],[-104.603,76.5827]]],[[[-117.5126,76.0994],[-118.8171,75.5221],[-119.3946,75.6173],[-117.5126,76.0994]]],[[[-113.8325,77.7546],[-114.6083,77.7693],[-115.0293,77.9675],[-114.3304,78.0775],[-113.8325,77.7546]]],[[[-130.9271,54.4791],[-130.9068,54.6318],[-130.758,54.6138],[-130.9271,54.4791]]],[[[-131.0106,52.0953],[-131.1034,52.0139],[-131.0981,52.1506],[-131.0106,52.0953]]],[[[-130.448,54.089],[-130.3842,53.8439],[-130.7073,53.9215],[-130.448,54.089]]],[[[-129.9447,53.4364],[-129.9344,53.1767],[-130.5176,53.5442],[-129.9447,53.4364]]],[[[-130.3494,54.8146],[-130.3125,54.9459],[-130.2141,55.0259],[-130.3494,54.8146]]],[[[-129.1843,52.9907],[-128.5099,52.5186],[-128.679,52.2896],[-129.1843,52.9907]]],[[[-126.2085,49.3798],[-126.064,49.2636],[-126.2296,49.2957],[-126.2085,49.3798]]],[[[-124.4215,49.7278],[-124.3623,49.5882],[-124.6499,49.7583],[-124.4215,49.7278]]],[[[-126.7381,49.8437],[-126.9386,49.7185],[-126.9258,49.8377],[-126.7381,49.8437]]],[[[-125.196,50.3897],[-125.1951,50.0443],[-125.3584,50.3115],[-125.196,50.3897]]],[[[-128.994,52.6617],[-129.151,52.6053],[-129.2635,52.8008],[-128.994,52.6617]]],[[[-127.9987,51.7038],[-128.0918,51.5111],[-128.1424,51.6466],[-127.9987,51.7038]]],[[[-128.3688,52.4009],[-128.4398,52.6964],[-128.2473,52.7844],[-128.3688,52.4009]]],[[[-129.4507,53.1747],[-129.4097,53.0237],[-129.5147,53.1794],[-129.4507,53.1747]]],[[[-129.177,53.2591],[-129.3239,53.1421],[-129.2382,53.3301],[-129.177,53.2591]]],[[[-123.4679,48.8674],[-123.5175,48.7501],[-123.5823,48.9258],[-123.4679,48.8674]]],[[[-59.7271,44.0028],[-60.0377,43.9066],[-60.1175,43.9534],[-59.7271,44.0028]]],[[[-60.9125,45.5673],[-61.0029,45.4817],[-61.0817,45.5578],[-60.9125,45.5673]]],[[[-61.6841,47.4987],[-61.9247,47.4251],[-61.3955,47.6376],[-61.6841,47.4987]]],[[[-64.6633,47.863],[-64.5339,47.8138],[-64.6846,47.7536],[-64.6633,47.863]]],[[[-64.4761,47.9589],[-64.5913,47.9072],[-64.5002,48.0138],[-64.4761,47.9589]]],[[[-66.2738,44.2923],[-66.3241,44.2573],[-66.2104,44.392],[-66.2738,44.2923]]],[[[-66.7625,44.6818],[-66.8971,44.6289],[-66.8021,44.8054],[-66.7625,44.6818]]],[[[-73.4761,45.7047],[-73.6436,45.4491],[-73.9605,45.4414],[-73.6875,45.5614],[-73.4761,45.7047]]],[[[-73.6953,45.5855],[-73.8577,45.5736],[-73.5724,45.6945],[-73.6953,45.5855]]],[[[-70.9135,46.9195],[-71.1167,46.8648],[-70.8258,46.9954],[-70.9135,46.9195]]],[[[-55.4728,50.7759],[-55.6339,50.7402],[-55.4693,50.7964],[-55.4728,50.7759]]],[[[-54.5592,49.6315],[-54.7865,49.4961],[-54.8636,49.5761],[-54.5592,49.6315]]],[[[-55.3612,51.8896],[-55.3998,51.9385],[-55.2741,51.9952],[-55.3612,51.8896]]],[[[-54.2776,49.7115],[-53.9807,49.662],[-54.2861,49.5954],[-54.2776,49.7115]]],[[[-54.1476,47.5731],[-54.326,47.4081],[-54.1282,47.6468],[-54.1476,47.5731]]],[[[-64.9565,62.4583],[-64.5153,62.5518],[-64.4181,62.4874],[-64.9565,62.4583]]],[[[-67.9223,60.3399],[-68.1419,60.562],[-67.8188,60.4495],[-67.9223,60.3399]]],[[[-70.4426,62.7338],[-70.7661,62.5969],[-71.2201,62.8739],[-70.4426,62.7338]]],[[[-64.7896,61.6622],[-65.3939,61.5628],[-65.4321,61.6495],[-64.7896,61.6622]]],[[[-65.1659,61.7977],[-64.9605,61.8717],[-64.8471,61.7615],[-65.1659,61.7977]]],[[[-69.3032,59.1449],[-69.2208,58.9676],[-69.3528,58.9607],[-69.3032,59.1449]]],[[[-64.6463,60.5146],[-64.7379,60.3756],[-64.8364,60.501],[-64.6463,60.5146]]],[[[-61.0869,56.1408],[-60.9827,56.0151],[-61.1958,56.0639],[-61.0869,56.1408]]],[[[-61.7953,57.4225],[-61.6595,57.525],[-61.6375,57.4161],[-61.7953,57.4225]]],[[[-67.7546,69.6314],[-68.2023,69.5804],[-68.2214,69.6167],[-67.7546,69.6314]]],[[[-62.6253,67.177],[-62.8054,67.0288],[-62.8716,67.0626],[-62.6253,67.177]]],[[[-78.8452,76.1063],[-79.0518,75.867],[-79.6987,75.8833],[-78.8452,76.1063]]],[[[-79.8267,56.8431],[-79.9437,56.7768],[-79.8981,56.8653],[-79.8267,56.8431]]],[[[-79.7426,57.608],[-79.8084,57.4424],[-79.8382,57.483],[-79.7426,57.608]]],[[[-79.4911,56.7427],[-79.5774,56.6449],[-79.5701,56.7957],[-79.4911,56.7427]]],[[[-79.9746,53.3522],[-80.0041,53.2801],[-80.074,53.3443],[-79.9746,53.3522]]],[[[-79.2713,52.0868],[-79.5206,51.9529],[-79.6437,52.0101],[-79.2713,52.0868]]],[[[-123.3779,48.9083],[-123.541,48.9459],[-123.6893,49.0951],[-123.3779,48.9083]]],[[[-124.9075,50.084],[-125.026,50.1341],[-124.9908,50.2171],[-124.9075,50.084]]],[[[-73.4353,67.97],[-74.4807,67.8049],[-74.7493,68.0185],[-73.4353,67.97]]],[[[-78.5368,63.4237],[-77.7037,63.4309],[-77.5327,63.2336],[-78.5368,63.4237]]],[[[-94.4987,75.9922],[-94.7515,75.7697],[-94.9012,75.9308],[-94.4987,75.9922]]],[[[-80.1672,59.7089],[-80.3247,59.6332],[-80.299,59.6742],[-80.1672,59.7089]]],[[[-79.8986,59.8531],[-80.1671,59.7639],[-80.0412,59.8702],[-79.8986,59.8531]]],[[[-96.8624,73.1888],[-96.9438,72.9267],[-97.0692,73.1302],[-96.8624,73.1888]]],[[[-97.4165,74.6266],[-97.6561,74.4657],[-97.75,74.5105],[-97.4165,74.6266]]],[[[-97.6591,74.0716],[-98.9739,73.8121],[-99.417,73.8954],[-97.6591,74.0716]]],[[[-90.1998,69.4191],[-90.2955,69.2578],[-90.492,69.3699],[-90.1998,69.4191]]],[[[-90.5997,69.3678],[-90.5744,69.2094],[-90.7657,69.336],[-90.5997,69.3678]]],[[[-74.1089,62.6803],[-74.2535,62.622],[-74.6265,62.7127],[-74.1089,62.6803]]],[[[-74.9836,68.6476],[-75.3102,68.4745],[-75.3962,68.5888],[-74.9836,68.6476]]],[[[-78.2417,60.8187],[-78.6689,60.7169],[-78.612,60.7723],[-78.2417,60.8187]]],[[[-78.8285,68.2682],[-79.174,68.235],[-79.1535,68.3353],[-78.8285,68.2682]]],[[[-77.1337,63.682],[-76.9219,63.4063],[-77.3647,63.5883],[-77.1337,63.682]]],[[[-79.4307,69.7878],[-79.9778,69.5097],[-80.7948,69.6893],[-80.4242,69.7976],[-79.4307,69.7878]]],[[[-78.5786,69.6388],[-78.04,69.6084],[-78.8482,69.4828],[-78.5786,69.6388]]],[[[-77.5636,64.0221],[-77.7141,63.9457],[-77.966,63.9929],[-77.5636,64.0221]]],[[[-83.0599,66.1993],[-82.9481,66.2719],[-82.9313,66.2573],[-83.0599,66.1993]]],[[[-78.8527,68.9157],[-79.4058,68.923],[-78.229,69.304],[-78.8527,68.9157]]],[[[-76.6688,69.3662],[-77.3219,69.1936],[-77.3409,69.4039],[-76.6688,69.3662]]],[[[-87.3232,70.0801],[-86.6127,70.1057],[-86.5152,70.017],[-87.3232,70.0801]]],[[[-84.4674,66.0883],[-83.2339,65.6966],[-84.1183,65.7718],[-84.4674,66.0883]]],[[[-86.5956,67.7359],[-86.9598,68.1002],[-86.7021,68.3056],[-86.4211,68.1834],[-86.5956,67.7359]]],[[[-84.7574,65.8589],[-85.0963,65.7562],[-85.1496,66.0154],[-84.7574,65.8589]]],[[[-93.0758,61.935],[-93.0848,61.8417],[-93.1967,61.9186],[-93.0758,61.935]]],[[[-101.2261,76.5793],[-101.6131,76.6046],[-100.2691,76.7341],[-101.2261,76.5793]]],[[[-102.9733,78.2672],[-103.1182,78.1264],[-103.2736,78.1658],[-102.9733,78.2672]]],[[[-101.0021,77.7351],[-102.3778,77.7281],[-102.4715,77.8735],[-101.0021,77.7351]]],[[[-89.7265,76.5074],[-90.1646,76.5236],[-90.5625,76.7543],[-89.9488,76.8362],[-89.7265,76.5074]]],[[[-95.9599,75.5543],[-96.8571,75.3691],[-97.0207,75.4681],[-96.3678,75.6546],[-95.9599,75.5543]]],[[[-95.5102,74.6368],[-95.7772,74.5507],[-95.8507,74.5825],[-95.5102,74.6368]]],[[[-120.9212,75.8145],[-121.2409,75.7519],[-120.8878,75.928],[-120.9212,75.8145]]],[[[-113.8917,76.8949],[-113.7125,76.7105],[-114.8353,76.7947],[-113.8917,76.8949]]],[[[-103.6435,75.1866],[-104.6343,75.0613],[-104.8874,75.1478],[-103.6435,75.1866]]],[[[-100.3299,68.9976],[-100.5965,68.7664],[-100.6116,68.9902],[-100.3299,68.9976]]],[[[-100.1531,69.1295],[-100.1413,68.9699],[-100.2474,69.0528],[-100.1531,69.1295]]],[[[-100.2761,70.5946],[-100.6207,70.5469],[-100.6783,70.6462],[-100.2761,70.5946]]],[[[-95.9859,69.3919],[-95.3809,69.5066],[-95.3994,69.4198],[-95.9859,69.3919]]],[[[-101.0983,69.5408],[-101.2685,69.3906],[-101.3513,69.5592],[-101.0983,69.5408]]],[[[-102.0134,68.8254],[-101.8872,68.585],[-102.3082,68.682],[-102.0134,68.8254]]],[[[-104.602,68.5615],[-104.8511,68.454],[-105.0514,68.559],[-104.602,68.5615]]],[[[-108.049,67.6649],[-108.1522,67.4294],[-108.1275,67.6286],[-108.049,67.6649]]],[[[-109.0962,67.924],[-108.9705,67.9797],[-108.886,67.8985],[-109.0962,67.924]]],[[[-107.9439,66.8578],[-107.9665,66.9973],[-107.8055,66.9986],[-107.9439,66.8578]]],[[[-109.4691,68.098],[-109.3608,67.9876],[-109.4979,68.047],[-109.4691,68.098]]],[[[-139.1396,69.6496],[-139.1257,69.5393],[-139.2914,69.5979],[-139.1396,69.6496]]]]}},{"type":"Feature","properties":{"iso3":"MEX","name":"Мексика"},"geometry":{"type":"MultiPolygon","coordinates":[[[[-117.1283,32.5333],[-114.7248,32.7153],[-111.042,31.3242],[-106.4532,31.7702],[-103.2577,29.0011],[-102.6149,29.7523],[-101.4404,29.7769],[-99.1078,26.4469],[-97.1462,25.9615],[-97.8425,22.5103],[-95.9204,18.8196],[-94.4598,18.1667],[-91.534,18.4565],[-90.3531,21.0094],[-87.1285,21.6215],[-86.7718,21.1505],[-87.8041,18.3571],[-88.0738,18.8345],[-89.1615,17.8148],[-90.9892,17.8164],[-91.4096,17.2559],[-90.4472,16.0727],[-91.7366,16.0702],[-92.2352,14.5454],[-93.1669,15.448],[-94.3742,16.2848],[-94.0013,16.0189],[-94.9004,16.4175],[-96.5108,15.6519],[-103.4416,18.3254],[-105.4821,19.9761],[-105.2087,21.4908],[-105.7918,22.6275],[-108.0515,25.067],[-109.385,25.7271],[-109.2763,26.5339],[-112.1618,29.0189],[-113.0467,31.1792],[-114.9336,31.9007],[-114.5505,30.0223],[-111.5697,26.7076],[-110.6593,24.3415],[-109.4208,23.4801],[-109.823,22.9222],[-112.0726,24.84],[-112.1738,25.9126],[-113.1558,26.9462],[-113.5985,26.7213],[-114.9935,27.736],[-114.0693,27.6757],[-114.0485,28.4262],[-115.6738,29.7564],[-117.1283,32.5333]]],[[[-86.7633,20.5791],[-86.9914,20.2722],[-86.978,20.4898],[-86.7633,20.5791]]],[[[-106.5364,21.6764],[-106.607,21.5615],[-106.6394,21.6979],[-106.5364,21.6764]]],[[[-110.9894,18.8631],[-110.9748,18.7204],[-111.0637,18.7816],[-110.9894,18.8631]]],[[[-110.5674,25.0035],[-110.5389,24.8916],[-110.6993,25.0814],[-110.5674,25.0035]]],[[[-113.2021,29.3019],[-113.4963,29.3076],[-113.5872,29.573],[-113.2021,29.3019]]],[[[-115.2335,28.3684],[-115.1843,28.0373],[-115.3529,28.104],[-115.2335,28.3684]]],[[[-112.4235,29.2037],[-112.2784,28.7693],[-112.5141,28.8476],[-112.4235,29.2037]]],[[[-118.3123,29.1829],[-118.4001,29.1123],[-118.3678,29.1876],[-118.3123,29.1829]]],[[[-86.7391,21.28],[-86.6963,21.191],[-86.7529,21.2788],[-86.7391,21.28]]],[[[-91.6837,18.6773],[-91.8161,18.6759],[-91.5367,18.76],[-91.6837,18.6773]]],[[[-109.7938,24.1834],[-109.8779,24.2006],[-109.8903,24.3448],[-109.7938,24.1834]]],[[[-114.7091,31.7569],[-114.7892,31.7474],[-114.7846,31.7898],[-114.7091,31.7569]]],[[[-111.1829,26.0406],[-111.0944,25.9741],[-111.2247,25.8359],[-111.1829,26.0406]]],[[[-111.8568,24.538],[-111.7123,24.3464],[-112.0133,24.5334],[-111.8568,24.538]]],[[[-112.195,24.8411],[-112.2968,24.7896],[-112.1594,25.2856],[-112.195,24.8411]]]]}},{"type":"Feature","properties":{"iso3":"BLZ","name":"Белиз"},"geometry":{"type":"MultiPolygon","coordinates":[[[[-89.2375,15.8944],[-89.1335,17.9708],[-88.2957,18.4724],[-88.3134,16.6328],[-89.2375,15.8944]]],[[[-87.9506,17.925],[-87.9981,17.9063],[-87.8589,18.1541],[-87.9506,17.925]]],[[[-87.7981,17.4796],[-87.93,17.283],[-87.8264,17.5463],[-87.7981,17.4796]]]]}},{"type":"Feature","properties":{"iso3":"PAN","name":"Панама"},"geometry":{"type":"MultiPolygon","coordinates":[[[[-77.3742,8.6583],[-77.196,7.9725],[-77.9012,7.2293],[-78.4216,8.061],[-77.7605,8.1333],[-79.0864,8.9972],[-80.459,8.2139],[-80.0112,7.5],[-80.6667,7.2257],[-81.0639,7.8998],[-83.0273,8.3377],[-82.801,9.5918],[-81.3548,8.7806],[-79.1123,9.5368],[-77.3742,8.6583]]],[[[-78.8833,8.4603],[-78.9181,8.2319],[-78.9606,8.4358],[-78.8833,8.4603]]],[[[-81.7288,7.6212],[-81.8521,7.4533],[-81.8122,7.5924],[-81.7288,7.6212]]],[[[-82.2594,9.4303],[-82.2444,9.3341],[-82.3217,9.4181],[-82.2594,9.4303]]],[[[-79.0654,8.2542],[-79.1104,8.2098],[-79.0963,8.2954],[-79.0654,8.2542]]]]}},{"type":"Feature","properties":{"iso3":"GRL","name":"Гренландия"},"geometry":{"type":"MultiPolygon","coordinates":[[[[-29.9529,83.5648],[-25.7951,83.261],[-31.9927,83.0854],[-32.0327,82.9834],[-25.1234,83.1596],[-21.5207,82.5954],[-29.8874,82.0548],[-21.1303,81.9342],[-23.1177,80.7782],[-19.6299,81.6399],[-11.4255,81.4806],[-16.7606,80.5734],[-15.9373,80.4276],[-16.4888,80.252],[-20.1501,80.0112],[-18.992,79.1784],[-21.1337,78.6586],[-21.7296,77.7085],[-19.4904,77.7189],[-20.6808,77.619],[-18.3373,76.9212],[-22.6066,76.6808],[-19.8629,76.1207],[-19.5264,75.1802],[-22.2329,75.1197],[-20.9858,75.0744],[-20.8616,74.6359],[-19.9849,74.9752],[-19.2716,74.3426],[-22.3343,74.2864],[-20.3673,73.8482],[-20.6367,73.4636],[-25.5213,73.8516],[-24.7783,73.5399],[-27.5616,73.1385],[-24.1327,73.4094],[-22.0363,72.9185],[-22.2932,72.1195],[-24.63,73.0376],[-26.6576,72.7158],[-24.8133,72.9015],[-25.2037,72.393],[-21.9597,71.7447],[-22.4796,71.3834],[-21.7522,71.4783],[-21.5227,70.5262],[-22.3841,70.4624],[-22.437,70.86],[-23.3278,70.451],[-24.5622,71.2235],[-25.8852,71.5719],[-27.0872,71.6266],[-25.6676,71.2653],[-28.3984,70.9929],[-27.9793,70.8395],[-29.0721,70.445],[-26.5084,70.3966],[-27.6289,70.0282],[-27.3842,69.9916],[-22.2066,70.1079],[-26.4829,68.6759],[-30.9786,68.0613],[-32.3274,68.4373],[-32.1646,67.9911],[-34.6328,66.4348],[-37.7542,65.5931],[-37.2787,66.3044],[-38.1566,66.3856],[-37.7523,66.2615],[-38.5204,66.0097],[-38.2034,65.7117],[-40.1735,65.5562],[-39.5779,65.3408],[-41.0887,65.0354],[-40.1822,64.4799],[-41.581,64.2983],[-40.5504,63.7252],[-41.3879,63.0619],[-42.1745,63.2088],[-41.6345,62.9725],[-41.909,62.7371],[-42.9417,62.7202],[-42.153,62.5685],[-42.1102,61.8572],[-43.0441,60.5237],[-43.9227,60.5954],[-43.1229,60.0612],[-43.9065,59.8155],[-44.4129,59.9226],[-44.2244,60.2735],[-45.3792,60.2029],[-44.7567,60.6646],[-46.0466,60.6157],[-45.8702,61.2183],[-48.1808,60.7692],[-47.7703,60.9978],[-49.2891,61.5899],[-48.8287,62.0797],[-50.3192,62.4732],[-49.7931,63.0446],[-50.3901,62.822],[-51.5475,64.0061],[-50.2607,64.2143],[-51.7079,64.2051],[-50.1216,64.7038],[-50.9606,65.2011],[-50.7216,64.7976],[-51.9226,64.2188],[-52.5377,65.3288],[-51.0919,65.7758],[-52.5513,65.4614],[-53.392,66.0483],[-51.225,66.8815],[-53.6147,66.1545],[-52.3869,66.8812],[-53.6872,66.9865],[-53.7986,67.4182],[-50.6135,67.5279],[-53.7352,67.549],[-53.1516,68.2078],[-51.5969,68.0548],[-51.1691,68.3852],[-53.3832,68.2974],[-53.0395,68.6109],[-51.1333,68.5984],[-51.0849,69.1283],[-50.2974,69.1706],[-51.077,69.2095],[-50.3229,70.0271],[-54.5308,70.6993],[-50.6821,70.3969],[-51.7743,71.0104],[-51.0189,71.0013],[-53.117,71.3129],[-51.7786,71.6829],[-53.4401,71.579],[-53.1445,71.8074],[-53.6521,72.3626],[-53.963,71.459],[-55.594,71.5535],[-54.8401,72.3561],[-55.6017,72.4535],[-54.7379,72.8725],[-55.6686,73.0079],[-55.2883,73.3271],[-56.1041,73.5582],[-56.2254,74.1291],[-57.2306,74.1253],[-56.2555,74.5268],[-58.5162,75.6891],[-63.2913,76.3521],[-68.3173,76.0908],[-69.4841,76.3992],[-68.1143,76.6506],[-71.1549,77.0739],[-66.2665,77.5154],[-69.3514,77.4671],[-72.8181,78.1943],[-65.8255,79.1737],[-64.1792,80.0993],[-67.1932,80.2801],[-61.436,81.1336],[-60.4324,81.9202],[-56.6151,81.3629],[-59.268,81.9821],[-54.5489,82.3506],[-53.6713,82.1641],[-53.5557,81.6533],[-53.0226,82.3217],[-49.5411,81.9181],[-50.9899,82.4602],[-50.0371,82.4724],[-44.7295,81.7798],[-44.3266,82.4717],[-45.5565,82.747],[-41.3696,82.75],[-46.4782,82.9519],[-29.9529,83.5648]]],[[[-54.3716,70.3173],[-51.9002,69.6048],[-53.7543,69.2602],[-54.9191,69.7136],[-54.3716,70.3173]]],[[[-50.679,69.8485],[-51.234,69.5519],[-51.3503,69.8548],[-50.679,69.8485]]],[[[-53.5845,71.2971],[-53.8976,71.0852],[-53.9578,71.1277],[-53.5845,71.2971]]],[[[-55.2058,72.8417],[-55.5666,72.5644],[-56.2148,72.7192],[-55.2058,72.8417]]],[[[-71.4334,77.3944],[-72.0235,77.3165],[-72.4949,77.3855],[-71.4334,77.3944]]],[[[-44.8646,82.0836],[-46.7519,82.3482],[-47.3512,82.5992],[-44.9175,82.4805],[-44.8646,82.0836]]],[[[-25.4323,70.9213],[-26.2179,70.4541],[-28.0353,70.4868],[-27.6172,70.9138],[-25.4323,70.9213]]],[[[-18.6647,81.8465],[-19.0314,81.8272],[-19.6105,82.0781],[-19.3146,82.1232],[-18.6647,81.8465]]],[[[-17.4714,80.0287],[-18.662,79.72],[-19.1383,79.8523],[-17.4714,80.0287]]],[[[-18.9354,78.4236],[-19.1295,77.9385],[-19.3147,78.3442],[-18.9354,78.4236]]],[[[-18.5826,76.0423],[-19.0854,76.4304],[-19.0589,76.695],[-18.7326,76.642],[-18.5826,76.0423]]],[[[-18.8561,75.3191],[-17.392,75.0369],[-18.8913,75.0722],[-18.8561,75.3191]]],[[[-17.7295,77.7064],[-18.22,77.6684],[-17.6814,77.8586],[-17.7295,77.7064]]],[[[-36.9531,65.6633],[-37.1868,65.5313],[-37.2229,65.6955],[-36.9531,65.6633]]],[[[-46.2052,60.9435],[-46.3815,60.6603],[-46.79,60.7798],[-46.2052,60.9435]]],[[[-51.6069,70.8688],[-52.1194,70.8707],[-52.148,70.9044],[-51.9698,70.9765],[-51.6069,70.8688]]]]}},{"type":"Feature","properties":{"iso3":"CUW","name":"Кюрасао"},"geometry":{"type":"Polygon","coordinates":[[[-68.8274,12.1585],[-68.9951,12.1418],[-69.1589,12.3803],[-68.8274,12.1585]]]}},{"type":"Feature","properties":{"iso3":"ABW","name":"Аруба"},"geometry":{"type":"Polygon","coordinates":[[[-69.8991,12.452],[-70.0661,12.547],[-70.0351,12.6141],[-69.8991,12.452]]]}},{"type":"Feature","properties":{"iso3":"BHS","name":"Багамские Острова"},"geometry":{"type":"MultiPolygon","coordinates":[[[[-77.9999,24.2198],[-77.7553,24.1635],[-77.5737,23.7392],[-77.9999,24.2198]]],[[[-77.2256,25.9042],[-77.2386,26.5611],[-77.9437,26.9036],[-77.0664,26.5302],[-77.2256,25.9042]]],[[[-73.5231,21.1908],[-73.1646,20.9792],[-73.6812,20.9756],[-73.5231,21.1908]]],[[[-77.7438,24.7074],[-78.0449,24.2875],[-78.4353,24.6276],[-78.1628,25.2023],[-77.7438,24.7074]]],[[[-78.9856,26.6895],[-78.3717,26.6979],[-77.9225,26.6911],[-78.7437,26.5007],[-78.9856,26.6895]]],[[[-77.4513,25.0807],[-77.4605,24.9931],[-77.5619,25.03],[-77.4513,25.0807]]],[[[-74.0575,22.7235],[-74.2746,22.7117],[-74.307,22.8396],[-74.0575,22.7235]]],[[[-74.5269,24.1051],[-74.5087,23.9597],[-74.5509,23.9689],[-74.5269,24.1051]]],[[[-73.8365,22.5384],[-74.2769,22.1837],[-73.85,22.7311],[-73.8365,22.5384]]],[[[-76.1695,24.6494],[-76.3438,25.332],[-76.1266,25.1405],[-76.1695,24.6494]]],[[[-75.7542,23.49],[-76.0371,23.6028],[-76.0104,23.6714],[-75.7542,23.49]]],[[[-75.0642,23.1502],[-75.2233,23.1653],[-75.316,23.6684],[-75.0642,23.1502]]],[[[-75.5182,24.4273],[-75.3018,24.1492],[-75.7267,24.6894],[-75.5182,24.4273]]],[[[-73.1619,22.3807],[-72.8308,22.3856],[-72.7473,22.3274],[-73.1619,22.3807]]],[[[-72.9948,21.5616],[-73.0493,21.4576],[-73.0627,21.5153],[-72.9948,21.5616]]]]}},{"type":"Feature","properties":{"iso3":"TCA","name":"Тёркс и Кайкос"},"geometry":{"type":"MultiPolygon","coordinates":[[[[-71.6684,21.8334],[-71.8304,21.7906],[-71.8477,21.8435],[-71.6684,21.8334]]],[[[-71.9315,21.9519],[-71.9555,21.8644],[-72.0106,21.9504],[-71.9315,21.9519]]],[[[-72.3354,21.758],[-72.2187,21.7963],[-72.1443,21.7927],[-72.3354,21.758]]]]}},{"type":"Feature","properties":{"iso3":"SPM","name":"Сен-Пьер и Микелон"},"geometry":{"type":"MultiPolygon","coordinates":[[[[-56.1526,46.8111],[-56.1717,46.7528],[-56.2433,46.7672],[-56.1526,46.8111]]],[[[-56.2874,47.071],[-56.3848,46.8194],[-56.3646,47.099],[-56.2874,47.071]]]]}},{"type":"Feature","properties":{"iso3":"TTO","name":"Тринидад и Тобаго"},"geometry":{"type":"MultiPolygon","coordinates":[[[[-60.5465,11.2637],[-60.8106,11.1686],[-60.7089,11.2772],[-60.5465,11.2637]]],[[[-60.9176,10.8402],[-61.1743,10.078],[-61.9061,10.0691],[-61.6512,10.7181],[-60.9176,10.8402]]]]}},{"type":"Feature","properties":{"iso3":"GRD","name":"Гренада"},"geometry":{"type":"Polygon","coordinates":[[[-61.607,12.2233],[-61.7822,12.0084],[-61.6604,12.237],[-61.607,12.2233]]]}},{"type":"Feature","properties":{"iso3":"VCT","name":"Сент-Винсент и Гренадины"},"geometry":{"type":"MultiPolygon","coordinates":[[[[-61.1345,13.2029],[-61.2685,13.2877],[-61.139,13.3587],[-61.1345,13.2029]]],[[[-61.1938,13.0383],[-61.277,12.9899],[-61.2012,13.0525],[-61.1938,13.0383]]],[[[-61.3148,12.7226],[-61.3535,12.6981],[-61.3199,12.7354],[-61.3148,12.7226]]]]}},{"type":"Feature","properties":{"iso3":"BRB","name":"Барбадос"},"geometry":{"type":"Polygon","coordinates":[[[-59.4276,13.1528],[-59.6113,13.1021],[-59.6467,13.3031],[-59.4276,13.1528]]]}},{"type":"Feature","properties":{"iso3":"LCA","name":"Сент-Люсия"},"geometry":{"type":"Polygon","coordinates":[[[-60.8952,13.822],[-61.0731,13.8656],[-60.9081,14.0934],[-60.8952,13.822]]]}},{"type":"Feature","properties":{"iso3":"DMA","name":"Доминика"},"geometry":{"type":"Polygon","coordinates":[[[-61.2772,15.5267],[-61.3754,15.2273],[-61.4581,15.6331],[-61.2772,15.5267]]]}},{"type":"Feature","properties":{"iso3":"MSR","name":"Монтсеррат"},"geometry":{"type":"Polygon","coordinates":[[[-62.1914,16.8044],[-62.1542,16.6812],[-62.2216,16.6995],[-62.1914,16.8044]]]}},{"type":"Feature","properties":{"iso3":"ATG","name":"Антигуа и Барбуда"},"geometry":{"type":"MultiPolygon","coordinates":[[[[-61.8173,17.1689],[-61.7481,16.9972],[-61.8871,17.0981],[-61.8173,17.1689]]],[[[-61.7496,17.6613],[-61.8438,17.5961],[-61.8662,17.7043],[-61.7496,17.6613]]]]}},{"type":"Feature","properties":{"iso3":"KNA","name":"Сент-Китс и Невис"},"geometry":{"type":"MultiPolygon","coordinates":[[[[-62.5342,17.1701],[-62.6249,17.1296],[-62.6153,17.1991],[-62.5342,17.1701]]],[[[-62.7137,17.3533],[-62.8389,17.3393],[-62.8271,17.3864],[-62.7137,17.3533]]]]}},{"type":"Feature","properties":{"iso3":"VIR","name":"Американские Виргинские острова"},"geometry":{"type":"MultiPolygon","coordinates":[[[[-64.8891,18.3742],[-64.92,18.3213],[-65.0236,18.3676],[-64.8891,18.3742]]],[[[-64.7524,18.372],[-64.726,18.3279],[-64.7877,18.3411],[-64.7524,18.372]]],[[[-64.8891,17.7017],[-64.6818,17.7502],[-64.5805,17.7502],[-64.8891,17.7017]]]]}},{"type":"Feature","properties":{"iso3":"BLM","name":"Сен-Бартелеми"},"geometry":{"type":"Polygon","coordinates":[[[-62.7997,17.9087],[-62.8589,17.8836],[-62.8742,17.9223],[-62.7997,17.9087]]]}},{"type":"Feature","properties":{"iso3":"PRI","name":"Пуэрто-Рико"},"geometry":{"type":"MultiPolygon","coordinates":[[[[-67.1586,18.4992],[-66.0704,18.469],[-65.6208,18.2423],[-67.1969,17.9942],[-67.1586,18.4992]]],[[[-65.2949,18.1333],[-65.5551,18.1077],[-65.5722,18.1373],[-65.2949,18.1333]]],[[[-67.8437,18.111],[-67.9304,18.0869],[-67.9306,18.1151],[-67.8437,18.111]]]]}},{"type":"Feature","properties":{"iso3":"AIA","name":"Ангилья"},"geometry":{"type":"Polygon","coordinates":[[[-62.9796,18.2648],[-63.16,18.1714],[-63.026,18.2697],[-62.9796,18.2648]]]}},{"type":"Feature","properties":{"iso3":"VGB","name":"Британские Виргинские острова"},"geometry":{"type":"MultiPolygon","coordinates":[[[[-64.3247,18.5175],[-64.438,18.459],[-64.4261,18.5131],[-64.3247,18.5175]]],[[[-64.5452,18.4381],[-64.6718,18.3991],[-64.6951,18.4117],[-64.5452,18.4381]]],[[[-64.3231,18.7527],[-64.2736,18.7071],[-64.4114,18.7512],[-64.3231,18.7527]]]]}},{"type":"Feature","properties":{"iso3":"JAM","name":"Ямайка"},"geometry":{"type":"Polygon","coordinates":[[[-78.3395,18.2872],[-76.9082,18.3904],[-76.2108,17.9135],[-77.7682,17.8774],[-78.3395,18.2872]]]}},{"type":"Feature","properties":{"iso3":"CYM","name":"острова Кайман"},"geometry":{"type":"MultiPolygon","coordinates":[[[[-81.4048,19.2784],[-81.1305,19.3468],[-81.1071,19.3052],[-81.4048,19.2784]]],[[[-80.0836,19.7061],[-80.0942,19.6659],[-80.1259,19.6684],[-80.0836,19.7061]]],[[[-79.7423,19.7509],[-79.9062,19.7025],[-79.7423,19.7571],[-79.7423,19.7509]]]]}},{"type":"Feature","properties":{"iso3":"BMU","name":"Бермудские Острова"},"geometry":{"type":"Polygon","coordinates":[[[-64.6683,32.3819],[-64.8201,32.2596],[-64.8628,32.2739],[-64.6683,32.3819]]]}},{"type":"Feature","properties":{"iso3":"IDN","name":"Индонезия"},"geometry":{"type":"MultiPolygon","coordinates":[[[[97.0792,1.4255],[97.9319,0.9739],[97.8204,0.5645],[97.0792,1.4255]]],[[[99.2715,-1.7385],[98.8277,-1.61],[98.6761,-0.9705],[98.9326,-0.954],[99.2715,-1.7385]]],[[[116.4016,-8.2042],[116.5865,-8.8861],[115.8573,-8.7879],[116.4016,-8.2042]]],[[[114.4676,-8.1663],[115.7043,-8.4071],[115.1449,-8.849],[114.4676,-8.1663]]],[[[106.0273,-1.5932],[106.8185,-2.5733],[106.6672,-3.0718],[105.1334,-2.0426],[106.0273,-1.5932]]],[[[122.8533,-4.6184],[123.1873,-5.333],[122.645,-5.6634],[122.8533,-4.6184]]],[[[122.7599,-4.9339],[122.2831,-5.3195],[122.702,-4.6187],[122.7599,-4.9339]]],[[[108.3929,3.9862],[108.0023,3.9829],[108.2483,4.2171],[108.3929,3.9862]]],[[[108.2906,-2.83],[108.0553,-3.2269],[107.6145,-3.2094],[107.6663,-2.5663],[108.2906,-2.83]]],[[[135.383,-0.6514],[135.8936,-0.7258],[136.3753,-1.094],[135.915,-1.1784],[135.383,-0.6514]]],[[[135.4742,-1.5918],[136.2016,-1.655],[136.8926,-1.7997],[136.2281,-1.8937],[135.4742,-1.5918]]],[[[130.3625,-0.0729],[131.3397,-0.2903],[130.2366,-0.2097],[130.3625,-0.0729]]],[[[128.6885,2.4737],[128.218,2.2975],[128.6021,2.5976],[128.6885,2.4737]]],[[[128.153,-1.6605],[127.5616,-1.7285],[127.395,-1.5898],[127.6467,-1.3324],[128.153,-1.6605]]],[[[126.0551,-2.4513],[125.8629,-2.0771],[125.9228,-1.9748],[125.9927,-2.0118],[126.0551,-2.4513]]],[[[125.5209,-1.8009],[126.3317,-1.8229],[125.4326,-1.9381],[125.5209,-1.8009]]],[[[124.4178,-2.0052],[125.1879,-1.7129],[125.3141,-1.8771],[124.4178,-2.0052]]],[[[131.6244,-7.6262],[131.1378,-7.6849],[131.6435,-7.1128],[131.6244,-7.6262]]],[[[126.801,-7.6679],[126.4721,-7.9504],[125.7982,-7.9846],[125.9753,-7.6634],[126.801,-7.6679]]],[[[124.3807,-8.4151],[125.0503,-8.1796],[125.1317,-8.3265],[124.3807,-8.4151]]],[[[131.033,-0.9176],[130.7823,-1.2555],[130.6729,-0.9598],[131.033,-0.9176]]],[[[95.2278,5.5648],[97.5472,5.2059],[100.5238,2.1892],[101.0462,2.2575],[101.4767,1.6931],[102.0199,1.4421],[102.3899,0.842],[103.0318,0.5789],[102.55,0.2165],[103.6727,0.2889],[103.7867,0.047],[103.4285,-0.1918],[103.4386,-0.5756],[104.3605,-1.0384],[104.6508,-2.5952],[105.397,-2.3802],[106.0443,-3.1063],[105.7483,-5.8183],[104.6396,-5.5204],[104.6016,-5.9046],[101.5786,-3.167],[98.5953,1.8646],[95.2278,5.5648]]],[[[122.8468,-8.5622],[121.0353,-8.9354],[119.8079,-8.6977],[120.6103,-8.2404],[122.3232,-8.6283],[122.8457,-8.0933],[122.8468,-8.5622]]],[[[118.9588,-9.5193],[120.5556,-9.719],[120.8042,-10.1085],[118.9588,-9.5193]]],[[[117.7553,-8.1495],[119.1297,-8.6682],[116.7885,-9.0063],[117.1648,-8.3672],[117.9695,-8.728],[117.7553,-8.1495]]],[[[125.1109,1.6857],[123.7538,0.3055],[120.1923,0.2685],[120.0629,-0.5556],[120.6674,-1.3701],[123.4342,-0.7782],[121.3555,-1.8782],[122.8723,-4.392],[121.5887,-4.7596],[120.6536,-2.6676],[120.261,-2.9493],[120.4304,-5.591],[119.5574,-5.611],[119.6236,-4.0344],[118.7833,-2.7208],[120.2695,0.9708],[121.0817,1.3276],[123.9308,0.8504],[125.1109,1.6857]]],[[[106.075,-5.9142],[108.6778,-6.7905],[110.4263,-6.9473],[110.8348,-6.4242],[112.5393,-6.9265],[113.0136,-7.6577],[114.4093,-7.7925],[114.3869,-8.4052],[114.5838,-8.7696],[105.2555,-6.8353],[106.075,-5.9142]]],[[[109.6289,2.0275],[110.5058,0.862],[112.4762,1.5591],[114.5125,1.452],[115.6788,4.193],[117.1006,4.3371],[117.7772,3.6893],[117.056,3.6227],[118.0666,2.3178],[117.7893,2.0269],[118.985,0.9821],[117.9116,1.0987],[117.5625,-0.7709],[116.2755,-1.7849],[116.2572,-3.1264],[114.6936,-4.1697],[114.3443,-3.2352],[113.7051,-3.4553],[113.034,-2.9335],[111.8581,-3.5519],[111.6947,-2.8895],[110.2561,-2.9661],[109.9833,-1.2748],[109.7874,-1.0113],[109.2588,-0.8074],[108.9445,0.3557],[109.6289,2.0275]]],[[[127.7327,0.8481],[128.6884,1.5726],[128.2606,0.7338],[128.8996,0.2163],[127.8874,0.2983],[128.4255,-0.8927],[127.6916,-0.2419],[127.4285,1.14],[128.0364,2.199],[127.7327,0.8481]]],[[[128.1985,-2.8659],[130.5699,-3.1309],[130.8051,-3.8577],[129.8441,-3.3271],[127.9023,-3.4963],[128.1985,-2.8659]]],[[[126.0883,-3.1055],[127.2296,-3.633],[126.0565,-3.421],[126.0883,-3.1055]]],[[[124.9223,-8.9425],[124.9631,-9.6656],[123.6441,-10.3109],[123.7094,-9.6148],[124.9223,-8.9425]]],[[[134.747,-5.707],[134.7142,-6.2951],[134.4411,-6.3349],[134.2054,-5.7072],[134.747,-5.707]]],[[[134.1146,-6.1908],[134.3228,-6.8487],[134.0908,-6.8338],[134.1146,-6.1908]]],[[[138.9891,-7.6961],[137.6504,-8.3861],[138.7698,-7.3904],[138.9891,-7.6961]]],[[[140.9734,-2.6098],[140.9762,-9.1188],[140.117,-7.9237],[138.8906,-8.2378],[139.088,-7.5872],[138.7479,-7.2515],[139.1769,-7.1904],[137.2798,-4.9454],[133.9738,-3.818],[133.8415,-3.0548],[132.9145,-4.0569],[131.9712,-2.7886],[133.7001,-2.6246],[133.9216,-2.1021],[132.3076,-2.2423],[131.9304,-1.5597],[130.9959,-1.4247],[132.3938,-0.3555],[133.9745,-0.7443],[134.1948,-2.3091],[135.2516,-3.3686],[137.8063,-1.4832],[140.9734,-2.6098]]],[[[138.7962,-8.1736],[138.5942,-8.3715],[138.5634,-8.3091],[138.7962,-8.1736]]],[[[101.4097,2.0217],[101.7194,1.7892],[101.5008,1.7332],[101.4097,2.0217]]],[[[102.4429,1.2342],[102.2796,1.0757],[102.2563,1.3971],[102.4429,1.2342]]],[[[102.4695,1.5101],[102.4994,1.3309],[102.024,1.608],[102.4695,1.5101]]],[[[102.5492,1.1302],[103.0088,0.7081],[102.4539,0.8895],[102.5492,1.1302]]],[[[102.9994,1.0678],[102.7019,1.0537],[102.7256,1.1588],[102.9994,1.0678]]],[[[103.2951,0.614],[103.1396,0.5491],[103.1874,0.6998],[103.2951,0.614]]],[[[103.4975,0.7227],[103.3444,0.7779],[103.3861,0.8696],[103.4975,0.7227]]],[[[103.9322,1.0714],[104.1398,1.1656],[104.0661,0.9896],[103.9322,1.0714]]],[[[104.3618,1.1815],[104.5752,0.8319],[104.252,1.0149],[104.3618,1.1815]]],[[[104.5427,0.0177],[105.0054,-0.2828],[104.4471,-0.1892],[104.5427,0.0177]]],[[[104.2571,-0.4633],[104.5901,-0.4666],[104.3632,-0.6586],[104.2571,-0.4633]]],[[[103.5489,-0.2275],[103.6063,-0.3829],[103.4613,-0.3576],[103.5489,-0.2275]]],[[[109.7434,-1.0394],[109.4637,-1.2775],[109.476,-0.9854],[109.7434,-1.0394]]],[[[114.0736,-6.9602],[113.127,-7.2241],[112.7259,-7.0728],[114.0736,-6.9602]]],[[[134.9963,-1.0341],[134.8617,-1.1142],[134.8279,-0.9788],[134.9963,-1.0341]]],[[[127.29,-0.2844],[127.1191,-0.5205],[127.1265,-0.2786],[127.29,-0.2844]]],[[[127.3,-0.5003],[127.8802,-0.8087],[127.7611,-0.8837],[127.3,-0.5003]]],[[[133.1196,-5.576],[132.845,-5.988],[133.1385,-5.3179],[133.1196,-5.576]]],[[[132.7378,-5.6617],[132.6814,-5.9126],[132.6302,-5.607],[132.7378,-5.6617]]],[[[128.3291,-3.5159],[127.978,-3.771],[127.925,-3.6993],[128.3291,-3.5159]]],[[[126.9211,4.291],[126.7045,4.071],[126.7573,4.5479],[126.9211,4.291]]],[[[125.6581,3.436],[125.5115,3.4611],[125.4688,3.7333],[125.6581,3.436]]],[[[130.9081,-8.2457],[130.7752,-8.3499],[131.1764,-8.1308],[130.9081,-8.2457]]],[[[129.813,-7.8197],[129.7135,-8.0407],[129.609,-7.8034],[129.813,-7.8197]]],[[[128.0235,-8.2554],[128.0988,-8.1349],[128.1192,-8.1707],[128.0235,-8.2554]]],[[[129.9937,-1.7589],[130.248,-2.0478],[129.7377,-1.8669],[129.9937,-1.7589]]],[[[102.3718,-5.3664],[102.2859,-5.4835],[102.1107,-5.3226],[102.3718,-5.3664]]],[[[100.4546,-3.002],[100.4651,-3.3285],[100.1985,-2.7855],[100.4546,-3.002]]],[[[100.202,-2.6797],[100.0149,-2.8197],[99.9879,-2.5254],[100.202,-2.6797]]],[[[99.6864,-2.0634],[99.607,-2.2575],[99.5722,-2.0258],[99.6864,-2.0634]]],[[[98.5441,-0.2576],[98.3097,-0.5318],[98.3229,-0.0008],[98.5441,-0.2576]]],[[[96.4637,2.36],[95.8086,2.6556],[95.7172,2.826],[95.8958,2.8891],[96.4637,2.36]]],[[[122.041,-5.1588],[121.8085,-5.2562],[121.9137,-5.0723],[122.041,-5.1588]]],[[[122.908,-1.1822],[123.5119,-1.4474],[122.8904,-1.5872],[122.908,-1.1822]]],[[[121.7493,-0.407],[121.8812,-0.5026],[121.6553,-0.5262],[121.7493,-0.407]]],[[[120.5492,-5.9692],[120.4873,-6.4648],[120.4773,-5.7753],[120.5492,-5.9692]]],[[[115.5461,-6.9387],[115.2203,-6.9525],[115.4145,-6.8397],[115.5461,-6.9387]]],[[[116.3033,-3.8682],[116.0588,-4.0069],[116.2697,-3.2511],[116.3033,-3.8682]]],[[[123.4182,-10.6513],[122.8457,-10.7618],[123.3711,-10.4749],[123.4182,-10.6513]]],[[[124.2396,-8.2034],[124.1467,-8.5314],[123.9277,-8.4489],[124.2396,-8.2034]]],[[[123.9248,-8.2725],[123.553,-8.5668],[123.2301,-8.5307],[123.3912,-8.2805],[123.9248,-8.2725]]],[[[123.2171,-8.2354],[123.2973,-8.3986],[123.025,-8.3955],[123.2171,-8.2354]]],[[[134.6791,-6.4561],[134.6608,-6.5589],[134.6337,-6.4772],[134.6791,-6.4561]]],[[[103.38,1.1336],[103.4297,0.9934],[103.3154,1.0713],[103.38,1.1336]]],[[[103.8066,0.8463],[103.7424,0.83],[103.752,0.8914],[103.8066,0.8463]]],[[[104.2271,0.8799],[104.1768,0.8049],[104.1083,0.9335],[104.2271,0.8799]]],[[[104.5438,0.2233],[104.6035,0.0952],[104.4992,0.2321],[104.5438,0.2233]]],[[[106.2712,3.2163],[106.2837,3.0882],[106.201,3.2049],[106.2712,3.2163]]],[[[105.8367,2.9765],[105.7062,2.8889],[105.6922,3.0625],[105.8367,2.9765]]],[[[108.8857,2.999],[108.8389,2.853],[108.7865,2.8856],[108.8857,2.999]]],[[[108.9568,-1.5641],[108.8379,-1.6616],[108.8037,-1.5678],[108.9568,-1.5641]]],[[[107.4997,-2.845],[107.4093,-2.9006],[107.4193,-2.8381],[107.4997,-2.845]]],[[[106.9106,-2.934],[106.8143,-3.0145],[106.7429,-2.9328],[106.9106,-2.934]]],[[[114.3836,-7.0807],[114.3469,-7.1633],[114.2988,-7.0976],[114.3836,-7.0807]]],[[[112.69,-5.7262],[112.6021,-5.8437],[112.586,-5.8036],[112.69,-5.7262]]],[[[105.2605,-6.5239],[105.1904,-6.6625],[105.1214,-6.6149],[105.2605,-6.5239]]],[[[97.2914,2.2008],[97.3283,2.0533],[97.1083,2.2169],[97.2914,2.2008]]],[[[95.3592,5.8768],[95.2832,5.7985],[95.2177,5.8895],[95.3592,5.8768]]],[[[123.6164,-1.6274],[123.4825,-1.6814],[123.5285,-1.5028],[123.6164,-1.6274]]],[[[123.2119,-3.9976],[123.0762,-4.2271],[122.969,-4.03],[123.2119,-3.9976]]],[[[123.7835,-1.8783],[123.866,-1.9957],[123.8035,-1.9943],[123.7835,-1.8783]]],[[[123.1525,-1.8165],[123.0788,-1.8989],[123.1064,-1.7867],[123.1525,-1.8165]]],[[[119.5572,-8.5188],[119.3855,-8.736],[119.4465,-8.4292],[119.5572,-8.5188]]],[[[119.1349,-8.1971],[119.0209,-8.1999],[119.0978,-8.1392],[119.1349,-8.1971]]],[[[115.5614,-8.6699],[115.5819,-8.8042],[115.4805,-8.7154],[115.5614,-8.6699]]],[[[117.7368,4.004],[117.8848,4.1861],[117.9229,4.0543],[117.7368,4.004]]],[[[117.6809,3.4075],[117.6458,3.2478],[117.5479,3.432],[117.6809,3.4075]]],[[[124.0229,-5.9021],[124.0421,-6.0216],[123.9758,-5.8802],[124.0229,-5.9021]]],[[[123.5428,-5.2711],[123.6228,-5.373],[123.5826,-5.3674],[123.5428,-5.2711]]],[[[120.7817,-7.0631],[120.6408,-7.1158],[120.6334,-7.0183],[120.7817,-7.0631]]],[[[117.5563,-8.3673],[117.4905,-8.1834],[117.665,-8.1482],[117.5563,-8.3673]]],[[[116.427,-3.3999],[116.3878,-3.6367],[116.3266,-3.5391],[116.427,-3.3999]]],[[[127.3538,0.8475],[127.3061,0.7694],[127.2928,0.8425],[127.3538,0.8475]]],[[[134.419,-2.0518],[134.3351,-2.0952],[134.3695,-2.0276],[134.419,-2.0518]]],[[[133.3209,-4.111],[133.6219,-4.2993],[133.333,-4.1696],[133.3209,-4.111]]],[[[130.4843,-0.8325],[130.8324,-0.8629],[130.4024,-0.9239],[130.4843,-0.8325]]],[[[130.6159,-0.4173],[130.5691,-0.53],[130.4654,-0.4865],[130.6159,-0.4173]]],[[[129.542,-0.1393],[129.3701,-0.0664],[129.3088,0.0454],[129.542,-0.1393]]],[[[127.4313,0.1426],[127.4486,-0.0366],[127.3968,0.0166],[127.4313,0.1426]]],[[[127.4426,0.7334],[127.3736,0.6349],[127.3826,0.7436],[127.4426,0.7334]]],[[[127.2582,-0.6234],[127.1564,-0.7609],[127.2091,-0.6193],[127.2582,-0.6234]]],[[[128.7225,-3.5469],[128.6195,-3.5886],[128.5852,-3.5122],[128.7225,-3.5469]]],[[[128.5626,-3.5854],[128.3916,-3.6379],[128.4516,-3.5147],[128.5626,-3.5854]]],[[[126.7396,3.9177],[126.7218,3.8325],[126.6375,4.0419],[126.7396,3.9177]]],[[[126.857,3.8124],[126.7996,3.7839],[126.7789,3.8432],[126.857,3.8124]]],[[[125.4465,2.763],[125.3601,2.7468],[125.3908,2.8054],[125.4465,2.763]]],[[[131.9223,-7.1045],[131.9695,-7.2514],[131.7508,-7.1168],[131.9223,-7.1045]]],[[[128.6277,-7.0687],[128.625,-7.2086],[128.5298,-7.1346],[128.6277,-7.0687]]],[[[127.4752,-7.5311],[127.3553,-7.6465],[127.3707,-7.5128],[127.4752,-7.5311]]],[[[123.4968,-10.1939],[123.3256,-10.2642],[123.4588,-10.1399],[123.4968,-10.1939]]],[[[121.9813,-10.5284],[121.7047,-10.5557],[121.9983,-10.447],[121.9813,-10.5284]]],[[[134.8195,-6.4342],[134.7953,-6.3931],[134.8858,-6.3235],[134.8195,-6.4342]]],[[[134.7261,-6.6687],[134.6291,-6.7128],[134.7357,-6.6233],[134.7261,-6.6687]]],[[[127.9384,-2.9523],[127.9377,-3.02],[127.8343,-3.0044],[127.9384,-2.9523]]],[[[127.5545,-3.2543],[127.6293,-3.3592],[127.4877,-3.2882],[127.5545,-3.2543]]],[[[122.9773,-8.5452],[122.8878,-8.5873],[123.1531,-8.4758],[122.9773,-8.5452]]]]}},{"type":"Feature","properties":{"iso3":"MYS","name":"Малайзия"},"geometry":{"type":"MultiPolygon","coordinates":[[[[100.1191,6.442],[101.0535,6.2426],[101.114,5.6368],[102.274,6.2034],[103.0971,5.4084],[103.4395,2.9331],[104.2501,1.3886],[103.4803,1.3295],[101.2955,2.8852],[101.3543,3.0111],[101.2999,3.2533],[100.7154,3.9662],[100.1191,6.442]]],[[[117.6965,4.3428],[115.6788,4.193],[114.5125,1.452],[112.4762,1.5591],[110.5058,0.862],[109.5489,1.8483],[111.2232,1.3958],[111.2422,2.4357],[111.4438,2.3815],[111.6232,2.818],[113.0447,3.2052],[114.0125,4.5752],[114.6541,4.0376],[115.0268,4.8997],[115.3192,4.3653],[115.419,5.4132],[116.7762,6.9902],[117.6457,6.4737],[117.5012,5.8847],[119.2556,5.3659],[118.2605,4.9889],[118.5483,4.3792],[117.6965,4.3428]]],[[[104.2216,2.7317],[104.1291,2.7672],[104.1848,2.8717],[104.2216,2.7317]]],[[[100.3389,5.4101],[100.191,5.2829],[100.2455,5.4678],[100.3389,5.4101]]],[[[99.6463,6.4184],[99.9187,6.3586],[99.7438,6.2633],[99.6463,6.4184]]],[[[117.2668,7.2208],[117.0807,7.1153],[117.1469,7.337],[117.2668,7.2208]]],[[[101.3284,3.0476],[101.2681,2.9704],[101.3112,3.0674],[101.3284,3.0476]]],[[[111.3783,2.7093],[111.3115,2.4376],[111.3335,2.7683],[111.3783,2.7093]]],[[[117.708,4.2624],[117.7454,4.1669],[117.649,4.169],[117.708,4.2624]]]]}},{"type":"Feature","properties":{"iso3":"CYP","name":"Кипр"},"geometry":{"type":"Polygon","coordinates":[[[32.3172,34.9533],[33.3838,35.1627],[34.0502,34.9884],[32.9418,34.5759],[32.3172,34.9533]]]}},{"type":"Feature","properties":{"iso3":"IND","name":"Индия"},"geometry":{"type":"MultiPolygon","coordinates":[[[[68.165,23.8573],[71.044,24.4001],[69.537,27.1229],[70.4037,28.025],[71.8703,27.9625],[75.3247,32.2153],[74.0038,33.1895],[73.9612,34.6535],[75.7092,34.5031],[77.7994,35.4959],[78.9701,34.3026],[79.2193,32.5011],[78.3896,32.5199],[78.7436,31.3238],[81.0103,30.1645],[80.0707,28.8302],[82.7334,27.519],[87.9951,26.3824],[88.1411,27.9489],[88.8037,28.0069],[89.1482,26.8162],[91.9983,26.855],[91.6319,27.76],[94.623,29.3124],[96.0354,29.4472],[96.5809,28.7637],[96.2814,28.4121],[97.3225,28.218],[97.1021,27.1154],[96.1908,27.2613],[95.1287,26.5973],[94.1276,23.8765],[93.3263,24.0642],[92.9095,21.9889],[92.2461,23.6836],[91.6195,22.9797],[91.1655,23.5811],[92.4684,24.9441],[89.8333,25.2928],[89.6709,26.2138],[88.3699,26.5641],[88.0846,25.8882],[88.9517,25.2593],[88.0234,24.6278],[88.7235,24.2749],[89.0517,21.6541],[88.6416,22.122],[88.1221,21.6358],[88.1963,22.1396],[87.9414,22.3743],[87.9484,21.8254],[86.8596,21.2367],[86.7504,20.3132],[85.2486,19.7577],[82.2588,16.5599],[80.2935,15.7107],[79.8382,10.3226],[78.9399,9.5658],[79.4114,9.1924],[78.4215,9.105],[77.5176,8.0783],[76.5534,8.9028],[73.3376,16.4599],[72.6678,19.831],[72.6133,21.4618],[73.1125,21.7504],[72.1828,22.2697],[72.0152,21.1557],[70.7193,20.7404],[68.9699,22.2903],[70.1772,22.5728],[70.4893,23.0895],[69.2359,22.8485],[68.4175,23.5715],[68.7768,23.8521],[68.165,23.8573]]],[[[93.8225,7.2366],[93.8288,6.7487],[93.6842,7.1836],[93.8225,7.2366]]],[[[93.6925,7.4106],[93.6385,7.2619],[93.5973,7.3187],[93.6925,7.4106]]],[[[93.097,8.3494],[93.1706,8.2121],[93.0643,8.275],[93.097,8.3494]]],[[[93.3755,8.0179],[93.365,7.8766],[93.3345,8.0069],[93.3755,8.0179]]],[[[93.5316,8.2138],[93.4782,8.0245],[93.494,8.2247],[93.5316,8.2138]]],[[[92.8093,9.1734],[92.7166,9.1651],[92.7621,9.2439],[92.8093,9.1734]]],[[[92.5104,10.8975],[92.4727,10.5208],[92.3695,10.5474],[92.5104,10.8975]]],[[[92.69,11.4634],[92.5957,11.3864],[92.6402,11.5091],[92.69,11.4634]]],[[[92.7228,11.5361],[92.5339,11.8734],[93.0623,13.5455],[92.9902,12.5385],[92.7228,11.5361]]],[[[93.0174,12.0368],[93.0621,11.8994],[92.9554,12.0024],[93.0174,12.0368]]],[[[92.7309,12.9485],[92.6857,12.8],[92.7106,12.9616],[92.7309,12.9485]]],[[[72.7879,11.2159],[72.7725,11.2143],[72.7927,11.2627],[72.7879,11.2159]]],[[[73.0795,8.3165],[73.0389,8.252],[73.0234,8.2659],[73.0795,8.3165]]]]}},{"type":"Feature","properties":{"iso3":"CHN","name":"Китайская Народная Республика"},"geometry":{"type":"MultiPolygon","coordinates":[[[[118.1038,24.5523],[118.1495,24.4361],[118.0768,24.5014],[118.1038,24.5523]]],[[[121.4642,31.7564],[121.5199,31.5496],[121.2111,31.8054],[121.4642,31.7564]]],[[[122.2845,30.068],[122.024,30.0133],[121.9694,30.1431],[122.2845,30.068]]],[[[122.1196,29.7822],[122.0427,29.7359],[122.0623,29.7728],[122.1196,29.7822]]],[[[122.4016,29.9502],[122.3676,29.8527],[122.3318,29.935],[122.4016,29.9502]]],[[[119.8384,25.5911],[119.7003,25.4327],[119.7226,25.6388],[119.8384,25.5911]]],[[[110.281,21.0012],[110.5216,21.0831],[110.5039,20.9677],[110.281,21.0012]]],[[[121.2055,28.2044],[121.1315,28.0626],[121.134,28.1353],[121.2055,28.2044]]],[[[113.4649,22.9045],[113.5637,22.7579],[113.4044,22.9028],[113.4649,22.9045]]],[[[112.8626,21.7526],[112.7127,21.6979],[112.782,21.7723],[112.8626,21.7526]]],[[[112.6477,21.7103],[112.5456,21.6185],[112.525,21.623],[112.6477,21.7103]]],[[[109.5664,21.6906],[106.6636,21.9789],[106.7803,22.7789],[105.2754,23.3452],[103.9415,22.5401],[101.7075,22.4866],[101.7281,21.1564],[101.0798,21.7559],[100.1477,21.4805],[99.1734,22.1533],[99.5071,22.9591],[98.8638,23.1913],[98.8351,24.1212],[97.5646,23.911],[97.8195,25.2519],[98.6562,25.8636],[98.6512,27.5725],[97.6589,28.5],[96.2814,28.4121],[96.5809,28.7637],[96.0354,29.4472],[94.623,29.3124],[91.9776,27.7304],[89.8979,28.2941],[88.8914,27.3161],[88.6211,28.0918],[85.9945,27.9104],[82.0434,30.3268],[81.1104,30.0368],[78.7578,31.3025],[78.3896,32.5199],[79.2193,32.5011],[78.9701,34.3026],[78.0427,35.4798],[76.1778,35.8105],[75.8402,36.6497],[74.3762,37.1374],[75.1188,37.3857],[74.8359,38.4043],[73.8017,38.6069],[73.6316,39.4489],[74.8352,40.4826],[76.3186,40.3522],[76.9077,41.0242],[80.2352,42.0435],[80.7857,43.1616],[80.4815,44.7146],[79.8719,44.8838],[82.5215,45.1255],[83.0295,47.1859],[85.4848,47.0635],[85.6922,48.3118],[86.8859,49.0906],[87.8143,49.1623],[87.9797,48.5551],[90.3133,47.6762],[91.0289,46.5661],[90.8772,45.1961],[95.3503,44.2781],[96.3854,42.7204],[101.4953,42.5388],[104.982,41.5955],[110.4004,42.7737],[111.9332,43.7114],[111.4022,44.3673],[111.898,45.0641],[113.587,44.7457],[117.4381,46.5862],[119.8672,46.6722],[118.4984,47.984],[115.8982,47.6869],[115.5251,48.1309],[116.6833,49.8238],[117.8734,49.5135],[119.2599,50.0664],[120.7498,52.0965],[120.0443,52.7182],[120.9854,53.2846],[123.6078,53.5465],[125.649,53.0423],[127.5508,49.8018],[130.5531,48.8612],[131.0027,47.6915],[134.6652,48.2539],[133.1135,45.1307],[131.8519,45.3269],[130.9816,44.8443],[131.2573,43.3781],[130.527,42.5354],[129.8982,42.9981],[129.6979,42.4481],[128.0452,41.9875],[128.1494,41.3877],[126.7216,41.7166],[124.2675,39.9242],[121.1636,38.7316],[122.2639,40.5002],[121.8349,40.9743],[118.977,39.1826],[117.7847,39.1345],[117.6561,38.4242],[118.94,38.0428],[119.2874,37.1383],[120.75,37.8339],[122.667,37.4028],[122.3409,36.8322],[120.1833,36.2024],[119.1653,34.8488],[120.2667,34.274],[120.8532,32.6614],[121.8324,31.8998],[121.7636,31.6995],[120.5201,32.1059],[120.0359,31.9363],[121.8345,31.0616],[120.1946,30.2413],[122.0829,29.8704],[121.5062,29.4846],[121.9684,29.4906],[121.4477,29.1313],[121.61,28.2921],[121.1457,28.3267],[120.7477,28.01],[120.043,26.6338],[119.5882,26.785],[119.8811,26.3342],[119.1395,26.1218],[119.6225,25.3912],[117.8427,24.4743],[116.4707,22.9459],[114.0154,22.5119],[113.5197,23.1021],[113.3311,22.912],[113.5491,22.2252],[110.4109,21.3381],[110.154,20.9446],[110.3447,20.2948],[109.8825,20.3641],[109.5664,21.6906]]],[[[110.8888,19.9919],[110.0674,18.4476],[108.7016,18.5353],[109.2635,19.8827],[110.8888,19.9919]]]]}},{"type":"Feature","properties":{"iso3":"ISR","name":"Израиль"},"geometry":{"type":"Polygon","coordinates":[[[35.8407,33.4157],[35.5515,32.3955],[34.956,32.1609],[34.8805,31.3682],[35.4506,31.4793],[34.9043,29.4773],[34.2453,31.2083],[35.1086,33.0837],[35.8407,33.4157]]]}},{"type":"Feature","properties":{"iso3":"PSE","name":"Палестина"},"geometry":{"type":"MultiPolygon","coordinates":[[[[34.1981,31.3226],[34.5256,31.5256],[34.2453,31.2083],[34.1981,31.3226]]],[[[35.5515,32.3955],[35.4506,31.4793],[34.8805,31.3682],[35.065,32.4604],[35.5515,32.3955]]]]}},{"type":"Feature","properties":{"iso3":"LBN","name":"Ливан"},"geometry":{"type":"Polygon","coordinates":[[[35.9763,34.6292],[36.585,34.2212],[35.1086,33.0837],[35.6479,34.2482],[35.9763,34.6292]]]}},{"type":"Feature","properties":{"iso3":"SYR","name":"Сирия"},"geometry":{"type":"Polygon","coordinates":[[[35.8927,35.9166],[36.6367,36.234],[36.6586,36.8025],[42.359,37.1086],[41.296,36.3833],[40.987,34.4291],[36.8184,32.3173],[35.7873,32.7349],[36.585,34.2212],[35.9763,34.6292],[35.8927,35.9166]]]}},{"type":"Feature","properties":{"iso3":"KOR","name":"Республика Корея"},"geometry":{"type":"MultiPolygon","coordinates":[[[[126.6339,37.7818],[128.3746,38.6234],[129.4183,37.059],[129.2142,35.1818],[127.7148,34.9547],[127.3246,34.4633],[127.2471,34.7551],[126.8975,34.4389],[126.7548,34.5119],[126.5314,34.3143],[126.2911,35.1542],[126.753,35.872],[126.4877,36.6938],[126.1605,36.7719],[126.9769,36.9394],[126.6339,37.7818]]],[[[128.7219,35.0136],[128.6467,34.7369],[128.4893,34.8653],[128.7219,35.0136]]],[[[127.8322,34.8745],[128.0547,34.7081],[127.8734,34.735],[127.8322,34.8745]]],[[[126.2475,34.5633],[126.1697,34.3552],[126.1086,34.3987],[126.2475,34.5633]]],[[[126.4116,37.8227],[126.4608,37.6104],[126.3693,37.772],[126.4116,37.8227]]],[[[126.6519,34.3903],[126.7699,34.2964],[126.6891,34.3054],[126.6519,34.3903]]],[[[127.7871,34.6821],[127.7878,34.5841],[127.7373,34.6309],[127.7871,34.6821]]],[[[126.4176,36.4926],[126.3375,36.4706],[126.3186,36.6125],[126.4176,36.4926]]],[[[126.0784,34.9148],[126.1152,34.7142],[126.0075,34.8675],[126.0784,34.9148]]],[[[130.9037,37.5537],[130.8706,37.4487],[130.8103,37.5099],[130.9037,37.5537]]],[[[126.8729,33.3412],[126.1656,33.312],[126.9012,33.5151],[126.8729,33.3412]]]]}},{"type":"Feature","properties":{"iso3":"PRK","name":"КНДР"},"geometry":{"type":"MultiPolygon","coordinates":[[[[128.3746,38.6234],[125.3578,37.7248],[124.6909,38.1292],[125.5545,38.6862],[125.3608,39.5266],[124.3866,40.1042],[126.9035,41.7811],[128.1494,41.3877],[128.0452,41.9875],[130.0826,42.9742],[130.6873,42.3025],[129.7563,41.7123],[129.7087,40.8573],[127.5274,39.6957],[127.3945,39.2079],[128.3746,38.6234]]],[[[124.9346,39.6078],[124.8489,39.5076],[124.8461,39.5589],[124.9346,39.6078]]]]}},{"type":"Feature","properties":{"iso3":"BTN","name":"Бутан"},"geometry":{"type":"Polygon","coordinates":[[[91.6419,27.9232],[92.0497,26.8749],[89.7639,26.7016],[88.7388,27.1756],[89.9811,28.3112],[91.6419,27.9232]]]}},{"type":"Feature","properties":{"iso3":"OMN","name":"Оман"},"geometry":{"type":"MultiPolygon","coordinates":[[[[58.9508,20.5162],[58.6412,20.3374],[58.8844,20.6806],[58.9508,20.5162]]],[[[53.0856,16.6484],[51.9776,18.9961],[54.9773,19.9959],[55.641,22.0019],[55.1999,23.0348],[55.9852,24.0634],[55.7957,24.8681],[56.388,24.9792],[57.123,23.9807],[58.773,23.5172],[59.8,22.2199],[57.8618,20.2441],[57.8116,19.0171],[55.4791,17.8433],[55.0642,17.0389],[53.0856,16.6484]]],[[[56.3736,25.8046],[56.0805,26.0626],[56.3787,26.3563],[56.4298,26.3272],[56.3736,25.8046]]],[[[56.2773,25.3009],[56.2105,25.2133],[56.2343,25.3038],[56.2773,25.3009]]]]}},{"type":"Feature","properties":{"iso3":"UZB","name":"Узбекистан"},"geometry":{"type":"MultiPolygon","coordinates":[[[[68.415,40.6194],[71.2285,42.1629],[70.2009,41.5145],[71.3931,41.1234],[71.6649,41.5412],[73.1369,40.8106],[71.6925,40.1523],[70.6027,40.2142],[70.402,41.0351],[69.4139,40.7972],[68.5069,39.5628],[67.4262,39.4656],[68.3503,38.211],[67.759,37.1722],[66.5223,37.3485],[66.5745,38.0108],[63.7637,39.1605],[62.4832,39.9756],[61.9028,41.0937],[60.0896,41.3994],[59.9852,42.2117],[58.5891,42.7785],[58.1516,42.6281],[58.4744,42.2994],[56.9641,41.8565],[57.018,41.2635],[55.9774,41.3222],[55.9757,44.9949],[58.5553,45.5554],[61.9902,43.4921],[64.9055,43.7147],[66.1003,42.9908],[66.0096,42.0049],[66.4986,41.9949],[66.7097,41.1792],[67.9357,41.1966],[68.415,40.6194]],[[70.6228,40.9344],[70.6184,41.0017],[70.55,41.0149],[70.6228,40.9344]]],[[[71.2287,40.0481],[71.0117,39.8951],[70.9763,40.1333],[71.2287,40.0481]]],[[[71.7899,39.9953],[71.7529,39.9071],[71.6689,39.9461],[71.7899,39.9953]]]]}},{"type":"Feature","properties":{"iso3":"KAZ","name":"Казахстан"},"geometry":{"type":"MultiPolygon","coordinates":[[[[50.1099,45.0819],[49.9951,44.937],[50.023,45.0447],[50.1099,45.0819]]],[[[50.3497,45.083],[50.2772,44.9586],[50.2562,45.0224],[50.3497,45.083]]],[[[52.6596,45.5181],[52.5983,45.4282],[52.5543,45.474],[52.6596,45.5181]]],[[[71.7605,42.8215],[68.415,40.6194],[67.9357,41.1966],[66.7097,41.1792],[66.4986,41.9949],[66.0096,42.0049],[66.1003,42.9908],[64.9055,43.7147],[61.9902,43.4921],[58.5553,45.5554],[55.9757,44.9949],[55.9774,41.3222],[54.121,42.3352],[52.4938,41.7804],[52.5966,42.7602],[51.2954,43.1741],[50.2529,44.4615],[51.5436,44.531],[51.0094,44.9218],[51.4157,45.3579],[53.2004,45.332],[52.7738,45.5728],[53.0694,46.8561],[51.178,47.1102],[49.2322,46.3372],[48.6102,46.5665],[48.9594,46.7746],[48.167,47.7088],[46.6609,48.4123],[46.8231,49.5022],[47.5036,50.4027],[48.759,49.9283],[48.6251,50.6127],[50.7939,51.7292],[53.3381,51.4824],[54.5553,50.5358],[54.6416,51.0116],[55.6862,50.5829],[57.8389,51.0917],[59.523,50.4929],[60.9423,50.6955],[61.5547,51.3246],[60.0303,51.9333],[60.9945,52.3369],[61.0475,52.9725],[62.0827,53.0054],[61.1992,53.2872],[61.2311,54.0195],[65.0884,54.3402],[68.9772,55.3896],[70.7381,55.3052],[71.0932,54.2122],[73.7124,54.0424],[73.4069,53.4476],[76.8373,54.4424],[76.4848,54.0226],[77.86,53.2692],[79.9862,50.7746],[80.7353,51.2934],[81.4659,50.7398],[83.3573,50.9946],[85.2326,49.6158],[86.6755,49.7773],[87.3229,49.0858],[85.7494,48.3851],[85.4848,47.0635],[83.0295,47.1859],[82.5215,45.1255],[79.8719,44.8838],[80.4815,44.7146],[80.7857,43.1616],[80.2094,42.19],[79.1267,42.7757],[74.2091,43.2404],[73.493,42.409],[71.7605,42.8215]]]]}},{"type":"Feature","properties":{"iso3":"TJK","name":"Таджикистан"},"geometry":{"type":"MultiPolygon","coordinates":[[[[67.759,37.1722],[68.3503,38.211],[67.4262,39.4656],[68.4633,39.5367],[69.3572,40.7674],[70.402,41.0351],[70.7511,40.7218],[70.3716,40.3841],[70.9464,40.1876],[69.5303,40.0973],[69.2977,39.5248],[73.6316,39.4489],[73.8017,38.6069],[74.8123,38.4603],[75.1188,37.3857],[73.3829,37.4623],[71.6656,36.6969],[71.5822,37.9101],[70.8789,38.4564],[69.3039,37.1169],[67.759,37.1722]]],[[[70.6184,41.0017],[70.6228,40.9344],[70.55,41.0149],[70.6184,41.0017]]],[[[70.6642,39.8555],[70.5596,39.7909],[70.4828,39.8827],[70.6642,39.8555]]]]}},{"type":"Feature","properties":{"iso3":"MNG","name":"Монголия"},"geometry":{"type":"Polygon","coordinates":[[[87.8143,49.1623],[92.3548,50.8642],[97.3598,49.7415],[98.2503,50.3024],[97.8357,51.0517],[98.8932,52.1173],[102.1115,51.3535],[102.2884,50.5851],[103.3044,50.2003],[106.7111,50.3126],[108.6137,49.3228],[110.7098,49.143],[114.2971,50.2744],[116.3512,49.9781],[116.6833,49.8238],[115.6164,47.8748],[118.4984,47.984],[119.8959,46.7329],[117.4381,46.5862],[113.587,44.7457],[111.898,45.0641],[111.4022,44.3673],[111.9332,43.7114],[110.4004,42.7737],[104.982,41.5955],[101.4953,42.5388],[96.3854,42.7204],[95.3503,44.2781],[90.8772,45.1961],[91.0289,46.5661],[90.3307,47.6552],[87.9797,48.5551],[87.8143,49.1623]]]}},{"type":"Feature","properties":{"iso3":"VNM","name":"Вьетнам"},"geometry":{"type":"MultiPolygon","coordinates":[[[[103.8495,10.3711],[104.0758,10.2249],[104.0185,10.0292],[103.8495,10.3711]]],[[[107.9727,21.508],[106.6834,21.0003],[105.6218,18.9663],[108.8213,15.3779],[109.4449,12.5996],[108.9867,11.3364],[106.6059,10.4649],[106.5956,9.8599],[106.1364,10.2217],[106.5725,9.6411],[105.831,10.0007],[106.1684,9.3967],[104.7704,8.5977],[105.0949,9.9453],[104.4264,10.4112],[105.0457,10.9114],[106.164,10.7949],[105.8515,11.635],[107.5064,12.3646],[107.6531,15.2552],[105.1465,18.651],[103.8916,19.305],[104.9279,20.0181],[104.5832,20.6467],[103.1045,20.8917],[102.1274,22.3792],[103.9415,22.5401],[105.2754,23.3452],[106.7803,22.7789],[106.6636,21.9789],[107.9727,21.508]]],[[[106.6525,8.7011],[106.568,8.7009],[106.6586,8.7664],[106.6525,8.7011]]],[[[107.1949,10.4457],[107.0838,10.3366],[107.0779,10.3875],[107.1949,10.4457]]],[[[106.8551,20.8583],[106.7694,20.8642],[106.7953,20.9279],[106.8551,20.8583]]],[[[107.4763,21.2689],[107.4587,21.0917],[107.4035,21.0937],[107.4763,21.2689]]],[[[107.5513,21.034],[107.4655,20.9005],[107.3992,20.9035],[107.5513,21.034]]],[[[107.0438,20.8368],[106.99,20.7431],[106.9106,20.8242],[107.0438,20.8368]]]]}},{"type":"Feature","properties":{"iso3":"KHM","name":"Камбоджа"},"geometry":{"type":"MultiPolygon","coordinates":[[[[103.0451,11.2851],[102.9934,11.2904],[103.0368,11.3899],[103.0451,11.2851]]],[[[103.3178,10.7185],[103.2812,10.6797],[103.2234,10.782],[103.3178,10.7185]]],[[[107.5194,14.7051],[107.5381,12.4318],[105.8515,11.635],[106.164,10.7949],[105.0457,10.9114],[104.4264,10.4112],[103.5871,10.5522],[103.5324,11.1467],[103.1528,10.9137],[103.1255,11.4606],[102.3197,13.54],[103.0311,14.2525],[104.779,14.4278],[106.0668,13.9212],[106.2254,14.4762],[107.5194,14.7051]]]]}},{"type":"Feature","properties":{"iso3":"ARE","name":"Объединённые Арабские Эмираты"},"geometry":{"type":"MultiPolygon","coordinates":[[[[56.0805,26.0626],[56.388,24.9792],[55.7957,24.8681],[55.9852,24.0634],[55.4685,23.9411],[55.1194,22.6239],[52.5551,22.9328],[51.5722,24.1283],[53.8934,24.0771],[54.3971,24.2782],[56.0805,26.0626]],[[56.2105,25.2133],[56.2773,25.3009],[56.2343,25.3038],[56.2105,25.2133]]],[[[53.4453,24.3712],[53.1909,24.2909],[53.4124,24.411],[53.4453,24.3712]]],[[[52.6576,24.3326],[52.5836,24.3523],[52.6294,24.3768],[52.6576,24.3326]]],[[[53.8338,24.2589],[53.9281,24.1434],[53.6345,24.1698],[53.8338,24.2589]]],[[[54.3983,24.5063],[54.4284,24.4251],[54.3348,24.471],[54.3983,24.5063]]]]}},{"type":"Feature","properties":{"iso3":"GEO","name":"Грузия"},"geometry":{"type":"Polygon","coordinates":[[[46.6726,41.2868],[41.5101,41.5175],[41.4888,42.6593],[39.9783,43.4198],[45.6556,42.5177],[46.6726,41.2868]]]}},{"type":"Feature","properties":{"iso3":"AZE","name":"Азербайджан"},"geometry":{"type":"MultiPolygon","coordinates":[[[[46.1145,38.8778],[44.7683,39.7035],[45.7845,39.5456],[46.1145,38.8778]]],[[[48.8687,38.4355],[47.9965,38.8538],[47.9959,39.6839],[46.4906,38.9067],[45.0014,41.291],[46.5344,41.0886],[46.4299,41.891],[47.791,41.1993],[48.6646,41.7866],[50.3659,40.2795],[49.5512,40.1941],[48.8687,38.4355]],[[45.4788,40.607],[45.5342,40.664],[45.4788,40.6483],[45.4788,40.607]]],[[[45.0211,41.078],[44.969,41.0272],[44.9614,41.0792],[45.0211,41.078]]]]}},{"type":"Feature","properties":{"iso3":"TUR","name":"Турция"},"geometry":{"type":"MultiPolygon","coordinates":[[[[25.9184,40.238],[25.7402,40.1055],[25.6689,40.1359],[25.9184,40.238]]],[[[38.3811,40.9245],[42.7879,41.5637],[43.6316,40.929],[43.6662,40.1264],[44.3996,39.9958],[44.8172,39.6504],[44.0232,39.3774],[44.7651,37.1424],[36.6586,36.8025],[36.1273,35.8314],[36.0489,36.9106],[32.7948,36.0359],[30.644,36.8657],[30.4461,36.2699],[29.6891,36.1567],[28.9696,36.7153],[27.4539,36.7122],[28.2424,37.0291],[27.263,36.9766],[27.2324,37.9787],[26.2907,38.2772],[27.1442,38.452],[26.8992,39.5497],[26.1131,39.4674],[26.1813,39.9901],[29.8449,40.7381],[29.1481,41.221],[31.2549,41.1076],[33.2848,42.0046],[35.0064,42.0633],[38.3811,40.9245]]],[[[28.0145,41.969],[28.9563,41.0082],[27.4994,40.9731],[26.2027,40.0754],[26.7921,40.6266],[26.039,40.7268],[26.6249,41.4018],[26.3272,41.7728],[28.0145,41.969]]]]}},{"type":"Feature","properties":{"iso3":"LAO","name":"Лаос"},"geometry":{"type":"Polygon","coordinates":[[[102.1274,22.3792],[103.1045,20.8917],[104.5832,20.6467],[104.9279,20.0181],[103.8916,19.305],[105.1465,18.651],[107.3964,16.043],[107.4147,14.5629],[106.2254,14.4762],[106.0668,13.9212],[105.2457,14.2005],[105.641,15.6565],[103.9496,18.319],[100.9085,17.5839],[101.2119,19.5483],[100.4201,19.6445],[100.1839,20.5891],[101.1389,21.5675],[101.8006,21.2126],[101.5245,22.2537],[102.1274,22.3792]]]}},{"type":"Feature","properties":{"iso3":"KGZ","name":"Киргизия"},"geometry":{"type":"Polygon","coordinates":[[[69.5303,40.0973],[73.1369,40.8106],[71.6649,41.5412],[71.3931,41.1234],[70.177,41.54],[71.4221,42.7832],[73.493,42.409],[74.2091,43.2404],[79.1267,42.7757],[80.2462,42.0598],[76.9077,41.0242],[76.3186,40.3522],[74.8352,40.4826],[73.7157,39.4623],[69.2977,39.5248],[69.5303,40.0973]],[[71.0117,39.8951],[71.2287,40.0481],[70.9763,40.1333],[71.0117,39.8951]],[[71.7529,39.9071],[71.7899,39.9953],[71.6689,39.9461],[71.7529,39.9071]],[[70.5596,39.7909],[70.6642,39.8555],[70.4828,39.8827],[70.5596,39.7909]]]}},{"type":"Feature","properties":{"iso3":"ARM","name":"Армения"},"geometry":{"type":"MultiPolygon","coordinates":[[[[46.4906,38.9067],[43.6662,40.1264],[43.4395,41.1071],[45.0014,41.291],[46.4906,38.9067]],[[44.969,41.0272],[45.0211,41.078],[44.9614,41.0792],[44.969,41.0272]]],[[[45.5342,40.664],[45.4788,40.607],[45.4788,40.6483],[45.5342,40.664]]]]}},{"type":"Feature","properties":{"iso3":"IRQ","name":"Ирак"},"geometry":{"type":"Polygon","coordinates":[[[42.359,37.1086],[44.731,37.1653],[45.3616,36.0153],[46.2734,35.7732],[45.3971,33.9708],[46.1128,32.9577],[47.3713,32.4237],[48.5465,29.9624],[47.2232,30.0415],[46.5314,29.0962],[44.7165,29.1936],[42.0744,31.0804],[39.1454,32.1245],[38.7735,33.3722],[40.987,34.4291],[41.296,36.3833],[42.359,37.1086]]]}},{"type":"Feature","properties":{"iso3":"IRN","name":"Иран"},"geometry":{"type":"MultiPolygon","coordinates":[[[[55.7576,26.9477],[55.9543,26.7011],[55.295,26.6392],[55.7576,26.9477]]],[[[53.9142,37.3436],[57.1936,38.2164],[61.1699,36.5723],[61.2785,35.5138],[60.4859,33.7119],[60.917,33.5052],[60.8207,31.4952],[61.8108,30.9133],[60.8434,29.8587],[63.3052,27.1246],[61.8424,26.2259],[61.5879,25.2023],[57.3346,25.7916],[56.3562,27.2002],[55.6503,26.9775],[54.7593,26.5051],[53.7058,26.7256],[51.2789,28.1313],[50.0716,30.1985],[49.002,30.5065],[48.4346,30.0376],[47.3713,32.4237],[46.1128,32.9577],[45.3971,33.9708],[46.2734,35.7732],[45.0531,36.4716],[44.0232,39.3774],[44.5871,39.7686],[46.1701,38.869],[47.9959,39.6839],[47.9965,38.8538],[48.8687,38.4355],[49.081,37.6676],[51.1186,36.7426],[53.9701,36.8183],[53.9142,37.3436]]]]}},{"type":"Feature","properties":{"iso3":"QAT","name":"Катар"},"geometry":{"type":"Polygon","coordinates":[[[51.4279,24.6683],[50.8044,24.7893],[51.2623,26.1533],[51.5723,25.781],[51.4279,24.6683]]]}},{"type":"Feature","properties":{"iso3":"SAU","name":"Саудовская Аравия"},"geometry":{"type":"MultiPolygon","coordinates":[[[[36.9548,25.4146],[36.5303,25.6016],[36.5336,25.6887],[36.9548,25.4146]]],[[[41.8604,17.0025],[42.06,16.8035],[42.1578,16.5707],[41.8016,16.7788],[41.8604,17.0025]]],[[[54.9773,19.9959],[49.042,18.5818],[47.1436,16.9467],[43.418,17.5163],[42.7993,16.3718],[40.7592,19.7555],[39.2761,20.974],[38.4642,23.7119],[37.5431,24.2917],[37.1488,25.2911],[35.1805,28.0349],[34.625,28.0645],[34.9508,29.3535],[36.0685,29.2005],[37.4692,29.9951],[37.9801,30.5],[36.9586,31.4915],[39.1454,32.1245],[42.0744,31.0804],[44.6908,29.2023],[48.4425,28.5429],[52.5551,22.9328],[55.1858,22.7041],[55.641,22.0019],[54.9773,19.9959]]],[[[36.5799,25.7954],[36.5439,25.7343],[36.5827,25.8555],[36.5799,25.7954]]]]}},{"type":"Feature","properties":{"iso3":"PAK","name":"Пакистан"},"geometry":{"type":"Polygon","coordinates":[[[75.1452,36.9732],[77.0486,35.1099],[76.5944,34.7358],[73.9612,34.6535],[74.0038,33.1895],[75.3335,32.2792],[74.5556,31.8186],[74.6328,31.0347],[71.8703,27.9625],[70.4037,28.025],[69.537,27.1229],[71.044,24.4001],[68.7812,24.3137],[68.1155,23.7534],[66.3242,25.6018],[61.5669,25.1863],[61.8424,26.2259],[63.3016,27.1515],[60.8434,29.8587],[64.0987,29.3919],[66.2313,29.8657],[66.8293,31.2637],[69.2793,31.9368],[69.5016,33.0201],[70.2611,33.289],[69.8896,34.0073],[71.0516,34.0497],[71.6205,35.183],[71.1851,36.0421],[72.1567,36.7009],[75.1452,36.9732]]]}},{"type":"Feature","properties":{"iso3":"THA","name":"Таиланд"},"geometry":{"type":"MultiPolygon","coordinates":[[[[102.6064,11.6765],[102.5899,11.5722],[102.5328,11.6149],[102.6064,11.6765]]],[[[102.3188,12.1417],[102.302,11.9808],[102.2774,12.1519],[102.3188,12.1417]]],[[[98.3221,8.1663],[98.3984,7.8284],[98.2963,7.7761],[98.3221,8.1663]]],[[[100.1225,20.3167],[100.5136,19.5535],[101.2119,19.5483],[100.9559,17.5411],[102.1015,18.2106],[102.6606,17.818],[103.9496,18.319],[105.641,15.6565],[105.0741,14.2274],[103.1994,14.3326],[102.3197,13.54],[102.9339,11.7067],[101.8357,12.6404],[100.8978,12.6538],[100.9627,13.432],[100.0175,13.3532],[99.1607,9.734],[99.8355,9.2884],[100.4235,7.1878],[102.1011,6.2422],[101.114,5.6368],[101.0535,6.2426],[100.1191,6.442],[99.597,7.3556],[98.2382,8.4231],[98.7572,10.6609],[99.6147,11.7812],[98.2021,14.9759],[98.8883,16.3519],[97.3739,18.518],[98.015,19.7495],[100.1225,20.3167]]],[[[100.0435,9.7917],[100.0257,9.7117],[99.9834,9.7936],[100.0435,9.7917]]],[[[99.9396,9.56],[100.0537,9.4614],[99.9624,9.4216],[99.9396,9.56]]],[[[99.7014,6.5706],[99.6066,6.5968],[99.654,6.7141],[99.7014,6.5706]]],[[[98.6043,8.0573],[98.58,7.917],[98.5294,8.1085],[98.6043,8.0573]]],[[[98.3125,9.0804],[98.2508,9.0408],[98.3012,9.1391],[98.3125,9.0804]]],[[[99.0451,7.6365],[99.1044,7.4713],[99.0377,7.5485],[99.0451,7.6365]]]]}},{"type":"Feature","properties":{"iso3":"KWT","name":"Кувейт"},"geometry":{"type":"MultiPolygon","coordinates":[[[[48.3482,29.7827],[48.0814,29.7989],[48.1848,29.9789],[48.3482,29.7827]]],[[[48.4425,28.5429],[47.6713,28.5332],[46.5314,29.0962],[47.7539,30.0766],[48.4425,28.5429]]]]}},{"type":"Feature","properties":{"iso3":"TLS","name":"Восточный Тимор"},"geometry":{"type":"MultiPolygon","coordinates":[[[[125.5841,-8.1786],[125.5795,-8.3118],[125.5071,-8.2751],[125.5841,-8.1786]]],[[[125.0682,-9.5119],[125.178,-8.6479],[127.2961,-8.4245],[126.9152,-8.7152],[125.0682,-9.5119]]],[[[124.2823,-9.4279],[124.1981,-9.2562],[124.4444,-9.1903],[124.2823,-9.4279]]]]}},{"type":"Feature","properties":{"iso3":"BRN","name":"Бруней"},"geometry":{"type":"MultiPolygon","coordinates":[[[[115.0516,4.5827],[115.2667,4.634],[115.2906,4.3526],[115.0516,4.5827]]],[[[114.9954,5.0224],[114.6541,4.0376],[114.0639,4.5927],[114.9954,5.0224]]]]}},{"type":"Feature","properties":{"iso3":"MMR","name":"Мьянма"},"geometry":{"type":"MultiPolygon","coordinates":[[[[100.1225,20.3167],[98.015,19.7495],[97.3739,18.518],[98.8883,16.3519],[98.2021,14.9759],[99.6147,11.7812],[98.5626,10.035],[98.876,11.7197],[97.726,16.5686],[96.8515,17.401],[96.7654,16.7104],[96.1891,16.7683],[95.3896,15.7228],[95.3468,16.0976],[94.6615,15.9044],[94.7033,16.5119],[94.2238,16.0165],[94.589,17.5693],[94.0449,19.2874],[93.9292,18.8997],[93.4931,19.3695],[93.8249,19.2385],[93.9981,19.4409],[92.1796,21.2931],[93.1512,22.2306],[93.3263,24.0642],[94.1276,23.8765],[95.1287,26.5973],[96.1908,27.2613],[97.1021,27.1154],[96.8769,27.5867],[97.5379,28.5102],[98.6512,27.5725],[98.7394,26.6981],[97.5646,23.911],[98.8351,24.1212],[98.8638,23.1913],[99.5071,22.9591],[99.193,22.126],[100.2147,21.463],[101.1309,21.7355],[100.1225,20.3167]]],[[[98.0805,10.8866],[98.2935,10.7797],[98.2715,10.7399],[98.0805,10.8866]]],[[[98.2917,10.0513],[98.1181,9.8779],[98.1402,9.9747],[98.2917,10.0513]]],[[[98.2838,11.5941],[98.1873,11.4724],[98.2996,11.783],[98.2838,11.5941]]],[[[98.6096,11.9566],[98.4743,11.8994],[98.4662,12.0843],[98.6096,11.9566]]],[[[98.5235,11.8049],[98.5284,11.5387],[98.3765,11.7915],[98.5235,11.8049]]],[[[98.3121,12.6782],[98.4683,12.5713],[98.3139,12.336],[98.3121,12.6782]]],[[[98.1225,12.2787],[98.0373,12.2325],[98.0714,12.2918],[98.1225,12.2787]]],[[[94.5661,16.0193],[94.4119,15.8484],[94.6013,16.2055],[94.5661,16.0193]]],[[[97.5996,16.4295],[97.4804,16.3057],[97.542,16.5051],[97.5996,16.4295]]],[[[93.7447,18.8655],[93.5699,18.7596],[93.4875,18.8675],[93.7447,18.8655]]],[[[93.4918,19.8926],[93.5133,19.7548],[93.4129,19.9503],[93.4918,19.8926]]],[[[93.7559,19.3257],[93.9457,19.4286],[93.902,19.332],[93.7559,19.3257]]],[[[98.5417,10.9615],[98.4774,10.9797],[98.5266,11.087],[98.5417,10.9615]]],[[[98.0104,11.8603],[98.0836,11.6368],[98.0211,11.6959],[98.0104,11.8603]]],[[[97.9902,12.3938],[98.0023,12.279],[97.9387,12.3461],[97.9902,12.3938]]],[[[98.3154,13.0991],[98.3092,12.9347],[98.2653,13.2022],[98.3154,13.0991]]],[[[94.8382,15.8921],[94.7335,15.823],[94.828,15.933],[94.8382,15.8921]]],[[[92.9146,20.0865],[93.0232,19.8289],[92.9127,19.9998],[92.9146,20.0865]]]]}},{"type":"Feature","properties":{"iso3":"BGD","name":"Бангладеш"},"geometry":{"type":"MultiPolygon","coordinates":[[[[89.0939,21.8728],[88.7235,24.2749],[88.0234,24.6278],[88.9517,25.2593],[88.0846,25.8882],[88.4182,26.5715],[89.6709,26.2138],[89.8333,25.2928],[92.4854,24.9033],[91.1604,23.6606],[91.6195,22.9797],[92.2461,23.6836],[92.3241,20.7918],[91.8634,22.3505],[91.4801,22.8848],[90.9456,22.597],[90.604,23.5914],[90.2306,21.8298],[89.9852,22.4664],[89.5686,21.7674],[89.4832,22.2755],[89.0939,21.8728]]],[[[91.1782,22.283],[91.0447,22.1052],[91.0795,22.5197],[91.1782,22.283]]],[[[91.5567,22.3822],[91.4113,22.4757],[91.4561,22.6165],[91.5567,22.3822]]],[[[90.8682,22.4849],[90.515,22.0651],[90.5965,22.8635],[90.8682,22.4849]]],[[[91.8825,21.8836],[91.8376,21.7502],[91.8507,21.9271],[91.8825,21.8836]]],[[[91.934,21.7222],[91.8595,21.533],[91.857,21.7088],[91.934,21.7222]]],[[[90.5799,23.0354],[90.6596,22.92],[90.5363,23.0149],[90.5799,23.0354]]]]}},{"type":"Feature","properties":{"iso3":"AFG","name":"Афганистан"},"geometry":{"type":"Polygon","coordinates":[[[64.8163,37.1321],[69.3039,37.1169],[70.8789,38.4564],[71.5822,37.9101],[71.6656,36.6969],[73.3829,37.4623],[73.6535,37.2394],[74.349,37.4188],[74.6594,37.3945],[74.8913,37.2316],[71.2329,36.1218],[71.6205,35.183],[71.0516,34.0497],[69.8896,34.0073],[70.2611,33.289],[69.5016,33.0201],[69.2793,31.9368],[66.8293,31.2637],[66.1771,29.8356],[64.0987,29.3919],[60.8434,29.8587],[61.8108,30.9133],[60.8207,31.4952],[60.5619,33.0588],[61.262,35.6196],[62.6881,35.2553],[64.511,36.3407],[64.8163,37.1321]]]}},{"type":"Feature","properties":{"iso3":"TKM","name":"Туркмения"},"geometry":{"type":"MultiPolygon","coordinates":[[[[53.0552,39.0379],[53.1002,38.7562],[53.0922,39.0941],[53.0552,39.0379]]],[[[54.121,42.3352],[57.018,41.2635],[56.9641,41.8565],[58.4744,42.2994],[58.1516,42.6281],[58.5891,42.7785],[59.9852,42.2117],[60.0896,41.3994],[61.9028,41.0937],[62.4832,39.9756],[63.7637,39.1605],[66.5745,38.0108],[66.5223,37.3485],[64.8163,37.1321],[64.511,36.3407],[62.3078,35.1708],[61.262,35.6196],[61.1196,36.6426],[57.1936,38.2164],[53.9142,37.3436],[53.8687,38.9493],[53.1566,39.265],[53.4873,39.9094],[53.0355,39.7744],[52.7337,40.3987],[52.9435,41.0381],[53.87,40.6487],[54.7037,41.0711],[53.8047,42.1176],[52.97,41.9762],[52.8504,41.2003],[52.4938,41.7804],[53.0559,42.1478],[54.121,42.3352]]]]}},{"type":"Feature","properties":{"iso3":"JOR","name":"Иордания"},"geometry":{"type":"Polygon","coordinates":[[[35.7873,32.7349],[36.8184,32.3173],[38.7735,33.3722],[39.2928,32.2438],[36.9586,31.4915],[37.9801,30.5],[36.0154,29.1905],[34.9508,29.3535],[35.7873,32.7349]]]}},{"type":"Feature","properties":{"iso3":"NPL","name":"Непал"},"geometry":{"type":"Polygon","coordinates":[[[87.8607,27.8861],[88.0549,26.43],[87.2874,26.3603],[82.7334,27.519],[80.0517,28.8703],[80.6129,29.9559],[81.8549,30.3624],[85.9945,27.9104],[87.8607,27.8861]]]}},{"type":"Feature","properties":{"iso3":"YEM","name":"Йемен"},"geometry":{"type":"MultiPolygon","coordinates":[[[[53.0856,16.6484],[51.6037,15.3368],[44.0059,12.6077],[43.4876,12.6988],[42.6578,15.2328],[43.3461,17.486],[47.1436,16.9467],[49.1924,18.6213],[51.9776,18.9961],[53.0856,16.6484]]],[[[42.6023,15.4325],[42.5587,15.2812],[42.549,15.3201],[42.6023,15.4325]]],[[[42.7559,13.7043],[42.6897,13.6736],[42.7941,13.7661],[42.7559,13.7043]]],[[[42.7621,14.0675],[42.7561,13.9549],[42.694,14.0079],[42.7621,14.0675]]],[[[53.3158,12.5332],[54.1874,12.664],[54.5111,12.5528],[53.3158,12.5332]]]]}},{"type":"Feature","properties":{"iso3":"HKG","name":"Гонконг"},"geometry":{"type":"MultiPolygon","coordinates":[[[[114.268,22.2956],[114.1229,22.565],[114.3353,22.3962],[114.268,22.2956]]],[[[114.2469,22.2636],[114.2072,22.1952],[114.1345,22.2922],[114.2469,22.2636]]],[[[114.0439,22.3334],[113.8773,22.2104],[113.8389,22.2417],[114.0439,22.3334]]]]}},{"type":"Feature","properties":{"iso3":"CYN","name":"Турецкая Республика Северного Кипра"},"geometry":{"type":"Polygon","coordinates":[[[34.5561,35.6621],[33.4758,35.0003],[32.7127,35.171],[34.5561,35.6621]]]}},{"type":"Feature","properties":{"iso3":"KAS","name":"Сиачен"},"geometry":{"type":"Polygon","coordinates":[[[77.0486,35.1099],[76.7669,35.6617],[77.7994,35.4959],[77.0486,35.1099]]]}},{"type":"Feature","properties":{"iso3":"PHL","name":"Филиппины"},"geometry":{"type":"MultiPolygon","coordinates":[[[[120.5997,18.5079],[122.2655,18.4588],[122.5191,17.1249],[121.3923,15.3244],[121.7666,14.1681],[122.2117,13.9302],[122.6271,14.3175],[123.8157,13.8371],[124.0598,12.5671],[122.5952,13.9076],[122.5999,13.1941],[121.7779,13.9376],[120.6371,13.8045],[120.9413,14.6451],[120.0821,14.8511],[119.7726,16.2551],[120.3688,16.1096],[120.5997,18.5079]]],[[[119.6869,10.5003],[117.2186,8.3673],[119.5013,11.3464],[119.6869,10.5003]]],[[[121.8912,11.7909],[123.1583,11.5355],[121.954,10.4444],[121.8912,11.7909]]],[[[123.1309,9.0641],[122.3995,9.823],[123.2566,10.9939],[123.5676,10.7808],[123.1309,9.0641]]],[[[124.3307,11.5352],[125.0266,11.2117],[125.0266,10.0331],[124.7808,10.1681],[124.3307,11.5352]]],[[[124.2947,12.5693],[125.5356,12.1914],[125.7356,11.0496],[124.2947,12.5693]]],[[[120.4013,13.517],[121.5228,13.1312],[121.3943,12.3006],[121.117,12.2534],[120.4013,13.517]]],[[[125.4713,9.7568],[126.5815,7.2478],[126.1894,6.3097],[125.8244,7.3333],[125.6893,7.263],[125.4559,5.6643],[124.2128,6.2333],[124.2066,7.3964],[123.6658,7.8178],[123.3909,7.4075],[122.6162,7.7631],[121.9643,6.9682],[122.3867,8.0459],[123.4346,8.7033],[123.7994,8.0491],[125.4987,9.0147],[125.4713,9.7568]]],[[[124.005,10.4001],[123.3317,9.4229],[124.0389,11.2735],[124.005,10.4001]]],[[[121.8889,18.9916],[121.8582,18.8229],[121.8252,18.8427],[121.8889,18.9916]]],[[[121.3916,19.3994],[121.5312,19.2713],[121.3746,19.3563],[121.3916,19.3994]]],[[[122.0312,20.4694],[121.9141,20.3594],[121.9412,20.4537],[122.0312,20.4694]]],[[[121.8479,20.8413],[121.8296,20.7003],[121.7906,20.7012],[121.8479,20.8413]]],[[[121.0377,6.096],[121.411,5.9398],[120.8764,5.9526],[121.0377,6.096]]],[[[117.0771,8.0691],[116.9695,7.8949],[116.9936,8.0505],[117.0771,8.0691]]],[[[120.0084,10.5701],[119.7932,10.4553],[119.8521,10.6401],[120.0084,10.5701]]],[[[119.8857,12.2999],[120.2282,12.2198],[120.3146,12.0124],[119.8857,12.2999]]],[[[120.0359,11.9172],[119.9449,11.6907],[119.8609,11.954],[120.0359,11.9172]]],[[[122.7372,10.6546],[122.5375,10.6076],[122.7013,10.7406],[122.7372,10.6546]]],[[[124.3357,10.1599],[124.1225,9.5993],[123.8172,9.8174],[124.3357,10.1599]]],[[[120.1652,5.3324],[120.1916,5.1683],[119.8215,5.0695],[120.1652,5.3324]]],[[[122.3235,6.6022],[121.9592,6.4158],[121.832,6.6641],[122.3235,6.6022]]],[[[126.1726,9.8],[125.9912,9.8385],[126.0738,10.0592],[126.1726,9.8]]],[[[125.6668,10.4401],[125.6726,9.8865],[125.4948,10.1187],[125.6668,10.4401]]],[[[120.2114,13.8207],[120.2729,13.683],[120.1042,13.7824],[120.2114,13.8207]]],[[[121.8292,13.3286],[122.1146,13.4632],[122.0049,13.205],[121.8292,13.3286]]],[[[122.145,12.6526],[122.014,12.1056],[121.9232,12.3313],[122.145,12.6526]]],[[[122.6036,12.4916],[122.6033,12.2856],[122.4229,12.4551],[122.6036,12.4916]]],[[[123.0436,13.1134],[123.3672,12.7008],[122.949,13.0587],[123.0436,13.1134]]],[[[123.7087,12.6108],[123.7791,12.3663],[123.5872,12.6333],[123.7087,12.6108]]],[[[123.559,12.4448],[123.9083,12.1691],[124.0455,11.7524],[123.1578,11.9256],[123.559,12.4448]]],[[[124.4172,13.871],[124.0389,13.6631],[124.2249,14.0776],[124.4172,13.871]]],[[[122.1754,14.0488],[121.9562,14.1561],[121.9592,14.2288],[122.1754,14.0488]]],[[[121.8203,14.9636],[122.0516,14.9699],[121.933,14.6561],[121.8203,14.9636]]],[[[124.3813,10.6326],[124.2885,10.6015],[124.3347,10.7067],[124.3813,10.6326]]],[[[125.231,10.1157],[125.2877,9.9327],[125.133,10.155],[125.231,10.1157]]],[[[122.8222,7.4285],[122.9437,7.361],[122.8047,7.316],[122.8222,7.4285]]],[[[125.7834,7.1307],[125.7689,6.9058],[125.683,7.0732],[125.7834,7.1307]]],[[[124.5109,11.6871],[124.4835,11.4858],[124.3604,11.6659],[124.5109,11.6871]]],[[[124.7368,9.2432],[124.6658,9.1323],[124.6533,9.2258],[124.7368,9.2432]]],[[[121.2132,19.1836],[121.2467,19.0152],[121.1849,19.1014],[121.2132,19.1836]]],[[[119.7256,11.4747],[119.8307,11.3757],[119.73,11.4319],[119.7256,11.4747]]],[[[123.757,11.2833],[123.8156,11.1507],[123.7367,11.1515],[123.757,11.2833]]],[[[122.2875,12.5893],[122.2609,12.5031],[122.278,12.5929],[122.2875,12.5893]]],[[[125.9678,9.7591],[125.9524,9.568],[125.9221,9.6215],[125.9678,9.7591]]],[[[124.8544,11.5948],[124.7811,11.5808],[124.7309,11.7153],[124.8544,11.5948]]],[[[117.3537,8.2893],[117.287,8.191],[117.2809,8.315],[117.3537,8.2893]]],[[[123.6549,9.2788],[123.7062,9.1335],[123.4935,9.1921],[123.6549,9.2788]]]]}},{"type":"Feature","properties":{"iso3":"LKA","name":"Шри-Ланка"},"geometry":{"type":"MultiPolygon","coordinates":[[[[79.8885,9.7412],[79.9068,9.6198],[79.8586,9.7344],[79.8885,9.7412]]],[[[79.86,9.0657],[79.9037,8.975],[79.7477,9.1046],[79.86,9.0657]]],[[[79.9823,9.8127],[80.7111,9.3664],[81.8741,7.2883],[81.6374,6.4251],[80.7241,5.9791],[79.8594,6.8293],[79.713,8.1823],[80.4283,9.481],[79.9823,9.8127]]]]}},{"type":"Feature","properties":{"iso3":"TWN","name":"Тайвань"},"geometry":{"type":"MultiPolygon","coordinates":[[[[121.929,24.9737],[120.7428,21.956],[120.1321,23.6529],[121.5937,25.2753],[121.929,24.9737]]],[[[118.2873,24.4766],[118.4327,24.4144],[118.2951,24.4363],[118.2873,24.4766]]]]}},{"type":"Feature","properties":{"iso3":"JPN","name":"Япония"},"geometry":{"type":"MultiPolygon","coordinates":[[[[133.2957,36.3401],[133.2393,36.1788],[133.2062,36.2934],[133.2957,36.3401]]],[[[138.5752,38.0655],[138.25,38.0785],[138.5036,38.3159],[138.5752,38.0655]]],[[[134.9055,34.3983],[134.6679,34.2941],[135.0047,34.544],[134.9055,34.3983]]],[[[130.6436,30.389],[130.4456,30.2647],[130.3881,30.3882],[130.6436,30.389]]],[[[131.0574,30.6425],[130.8703,30.4442],[131.0604,30.8285],[131.0574,30.6425]]],[[[130.1678,32.5412],[130.0035,32.194],[130.0098,32.5216],[130.1678,32.5412]]],[[[129.3371,34.2848],[129.1864,34.145],[129.2148,34.3207],[129.3371,34.2848]]],[[[129.4754,34.5404],[129.2667,34.3705],[129.4511,34.6866],[129.4754,34.5404]]],[[[128.693,32.6047],[128.8386,32.7629],[128.8945,32.6521],[128.693,32.6047]]],[[[130.4614,32.5157],[130.2926,32.4193],[130.2417,32.4628],[130.4614,32.5157]]],[[[141.0567,45.4496],[141.034,45.2693],[140.9717,45.4655],[141.0567,45.4496]]],[[[141.2519,45.2325],[141.1453,45.1539],[141.1354,45.2062],[141.2519,45.2325]]],[[[139.4812,42.081],[139.4313,42.1996],[139.5584,42.2352],[139.4812,42.081]]],[[[134.326,34.5344],[134.2519,34.423],[134.1821,34.5192],[134.326,34.5344]]],[[[139.4564,34.7265],[139.3924,34.6899],[139.37,34.7754],[139.4564,34.7265]]],[[[129.1819,32.9931],[128.9973,32.9519],[129.1098,33.1326],[129.1819,32.9931]]],[[[129.4918,33.223],[129.3704,33.176],[129.5699,33.361],[129.4918,33.223]]],[[[129.7764,33.8292],[129.6748,33.7397],[129.7173,33.8584],[129.7764,33.8292]]],[[[132.5435,34.1727],[132.5494,34.0751],[132.4609,34.0873],[132.5435,34.1727]]],[[[132.36,33.847],[132.3146,33.9086],[132.4449,33.9132],[132.36,33.847]]],[[[129.7873,31.7871],[129.6868,31.6396],[129.7068,31.7183],[129.7873,31.7871]]],[[[142.1617,26.71],[142.1699,26.6157],[142.1071,26.7215],[142.1617,26.71]]],[[[143.8243,44.117],[145.3695,44.3274],[145.1396,43.6625],[145.833,43.3859],[143.9693,42.8814],[143.2365,42.0002],[140.4805,42.5594],[141.151,41.8051],[140.0366,41.4738],[139.8602,42.5817],[140.3924,43.3031],[141.3741,43.2796],[141.668,45.4013],[143.8243,44.117]]],[[[130.7156,33.9278],[132.0021,32.8824],[130.6857,31.0151],[130.7763,31.7063],[130.5888,31.1785],[130.1473,31.4085],[130.6405,32.6192],[130.5473,32.8316],[130.2375,33.1776],[130.3404,32.7019],[129.7686,32.571],[129.5801,33.2363],[130.7156,33.9278]]],[[[134.3574,34.2563],[134.7389,33.8205],[134.1816,33.2472],[133.632,33.511],[132.8043,32.752],[132.0326,33.34],[132.9352,34.0953],[134.3574,34.2563]]],[[[141.2293,41.3727],[141.977,39.4288],[140.9621,38.1489],[140.874,35.725],[140.3547,35.1814],[139.8439,34.9149],[139.8348,35.6581],[138.8375,34.6192],[138.7196,35.1241],[138.1891,34.5963],[137.0617,34.5828],[136.8042,35.0503],[136.8537,34.3241],[135.6953,33.487],[135.1279,34.007],[135.4159,34.6175],[134.74,34.7652],[132.3126,34.325],[132.1465,33.8388],[130.9188,33.9757],[132.9229,35.5113],[135.9031,35.6069],[136.8435,37.3821],[137.3227,37.5221],[136.8999,37.1177],[137.2463,36.7532],[138.3199,37.2184],[139.802,38.8816],[139.9667,40.6728],[140.3859,41.2298],[141.1186,40.8823],[140.8019,41.2537],[141.2293,41.3727]]],[[[124.0848,24.4358],[124.2343,24.3581],[124.1357,24.3476],[124.0848,24.4358]]],[[[123.7715,24.4145],[123.6807,24.288],[123.6798,24.3178],[123.7715,24.4145]]],[[[125.3346,24.8047],[125.2689,24.7325],[125.2836,24.8719],[125.3346,24.8047]]],[[[128.2588,26.6528],[127.8671,26.4425],[127.6531,26.0947],[127.9072,26.6936],[128.2588,26.6528]]],[[[128.9517,27.9103],[128.9,27.7278],[128.9076,27.898],[128.9517,27.9103]]],[[[129.7104,28.4321],[129.1646,28.2498],[129.6896,28.5175],[129.7104,28.4321]]],[[[129.2574,28.1762],[129.2324,28.1011],[129.1925,28.1925],[129.2574,28.1762]]],[[[139.8736,33.0935],[139.7757,33.0782],[139.7774,33.1251],[139.8736,33.0935]]]]}},{"type":"Feature","properties":{"iso3":"IOA","name":"Австралийские территории в Индийском океане"},"geometry":{"type":"MultiPolygon","coordinates":[[[[105.5957,-10.4597],[105.6969,-10.5642],[105.5841,-10.5125],[105.5957,-10.4597]]],[[[96.8259,-12.1262],[96.8736,-12.1877],[96.8349,-12.1797],[96.8259,-12.1262]]],[[[96.9253,-12.1732],[96.893,-12.1872],[96.9205,-12.1615],[96.9253,-12.1732]]]]}},{"type":"Feature","properties":{"iso3":"SGP","name":"Сингапур"},"geometry":{"type":"Polygon","coordinates":[[[103.818,1.4471],[103.8199,1.2654],[103.6502,1.3255],[103.818,1.4471]]]}},{"type":"Feature","properties":{"iso3":"BHR","name":"Бахрейн"},"geometry":{"type":"Polygon","coordinates":[[[50.6098,26.1245],[50.5749,25.8068],[50.4699,26.229],[50.6098,26.1245]]]}},{"type":"Feature","properties":{"iso3":"MAC","name":"Макао"},"geometry":{"type":"Polygon","coordinates":[[[113.4988,22.2017],[113.4941,22.2416],[113.5481,22.2226],[113.4988,22.2017]]]}},{"type":"Feature","properties":{"iso3":"CHL","name":"Чили"},"geometry":{"type":"MultiPolygon","coordinates":[[[[-109.2229,-27.1011],[-109.4341,-27.1713],[-109.3905,-27.0684],[-109.2229,-27.1011]]],[[[-78.8774,-33.5752],[-78.9833,-33.6678],[-78.9895,-33.6617],[-78.8774,-33.5752]]],[[[-70.4183,-18.3456],[-69.5109,-17.5061],[-69.0939,-18.0505],[-67.8794,-22.8229],[-67.0088,-23.0014],[-67.3562,-24.0338],[-68.562,-24.7474],[-68.3187,-26.9732],[-69.6569,-28.4136],[-69.8443,-30.175],[-70.5196,-31.1484],[-69.8524,-34.2243],[-71.1922,-36.8437],[-70.8477,-38.5416],[-71.7199,-39.6353],[-72.1437,-42.5771],[-71.82,-44.3831],[-71.1597,-44.5603],[-72.0637,-44.7719],[-71.3538,-45.2305],[-71.6997,-46.6514],[-72.6144,-48.7929],[-73.5763,-49.5829],[-73.1529,-50.7383],[-72.3402,-50.6818],[-71.9711,-51.9642],[-69.9603,-52.0082],[-68.461,-52.2904],[-69.241,-52.2055],[-70.7951,-52.7687],[-71.2978,-53.8834],[-72.4129,-53.3502],[-71.7915,-53.4846],[-71.2271,-52.8106],[-73.0527,-53.2435],[-71.5113,-52.6054],[-72.7121,-52.5355],[-73.1225,-53.0739],[-73.6452,-52.837],[-73.2408,-52.7071],[-73.1239,-52.488],[-74.0145,-52.6394],[-74.2957,-52.1179],[-72.5233,-52.2555],[-72.5425,-51.7062],[-73.1688,-51.4539],[-72.6,-51.7991],[-73.5182,-52.041],[-75.0947,-50.6812],[-74.6445,-50.3609],[-74.1394,-50.8178],[-73.8065,-50.9384],[-73.6544,-50.4927],[-73.978,-50.8271],[-74.6296,-50.194],[-73.8364,-49.6094],[-73.935,-49.0209],[-74.3666,-49.4005],[-74.0091,-48.475],[-74.5847,-47.999],[-73.3911,-48.1459],[-73.7159,-47.6555],[-74.6549,-47.7022],[-74.1341,-47.5908],[-74.3136,-46.7882],[-75.7064,-46.7053],[-75.0667,-45.8749],[-74.1579,-45.7672],[-73.9572,-45.4044],[-74.393,-46.2174],[-73.7353,-45.8117],[-73.8454,-46.566],[-73.5918,-45.8991],[-73.7308,-45.48],[-72.9338,-45.4523],[-73.4049,-45.1023],[-72.6801,-44.5939],[-72.6639,-44.4364],[-73.2651,-44.1687],[-72.3183,-41.499],[-73.7352,-41.7425],[-73.9836,-40.9743],[-73.2265,-39.2244],[-73.6624,-37.341],[-71.4522,-32.6596],[-71.5192,-28.9265],[-70.6466,-26.3294],[-70.0875,-21.4931],[-70.4183,-18.3456]]],[[[-68.6299,-52.6526],[-68.6532,-54.8536],[-71.9016,-54.6016],[-70.311,-54.5285],[-70.8631,-54.1104],[-70.5313,-53.6273],[-70.5353,-54.1361],[-69.2532,-54.5574],[-70.1511,-53.8881],[-69.356,-53.4163],[-70.3293,-53.3776],[-70.3801,-52.752],[-68.6299,-52.6526]]],[[[-67.2453,-54.9776],[-68.07,-55.2211],[-68.3014,-54.9807],[-67.2453,-54.9776]]],[[[-73.7734,-43.3459],[-74.3874,-43.2316],[-74.0367,-41.7955],[-73.4229,-42.1929],[-73.7734,-43.3459]]],[[[-74.4762,-49.1479],[-74.5947,-50.0066],[-74.7238,-49.4238],[-75.5498,-49.7913],[-74.8962,-48.7332],[-74.4762,-49.1479]]],[[[-75.1585,-48.6227],[-75.6509,-48.5863],[-75.3914,-48.0197],[-75.1585,-48.6227]]],[[[-74.712,-52.7487],[-73.654,-53.0698],[-73.1352,-53.3539],[-74.2702,-53.0815],[-74.712,-52.7487]]],[[[-74.8274,-47.8504],[-74.923,-48.6265],[-75.2473,-48.0268],[-74.8274,-47.8504]]],[[[-73.8455,-53.5458],[-72.2054,-53.8074],[-72.871,-54.1266],[-73.8455,-53.5458]]],[[[-75.1054,-51.7889],[-74.5368,-51.9651],[-74.6945,-52.2792],[-75.1054,-51.7889]]],[[[-69.8844,-54.882],[-68.458,-54.9597],[-68.0483,-55.6432],[-69.4118,-55.4442],[-69.8844,-54.882]]],[[[-71.9965,-53.8849],[-71.0049,-54.2467],[-72.2104,-54.0478],[-71.9965,-53.8849]]],[[[-74.6178,-44.6479],[-74.0021,-44.5909],[-73.7521,-45.2668],[-74.0991,-45.3254],[-74.6178,-44.6479]]],[[[-72.7764,-44.5086],[-73.3971,-44.7743],[-73.26,-44.3503],[-72.7764,-44.5086]]],[[[-75.0795,-44.7951],[-75.0987,-44.9018],[-75.1421,-44.8156],[-75.0795,-44.7951]]],[[[-75.1153,-50.5104],[-75.3305,-50.7724],[-75.4385,-50.7411],[-75.4276,-50.4806],[-75.1153,-50.5104]]],[[[-75.1186,-48.7729],[-75.3899,-49.1592],[-75.6412,-49.1954],[-75.5831,-48.8589],[-75.1186,-48.7729]]],[[[-75.0898,-47.6906],[-75.1858,-47.8507],[-75.261,-47.7639],[-75.0898,-47.6906]]],[[[-74.745,-43.5359],[-74.8104,-43.6254],[-74.842,-43.5703],[-74.745,-43.5359]]],[[[-73.6412,-44.6108],[-73.8185,-44.6521],[-73.7795,-44.5592],[-73.6412,-44.6108]]],[[[-75.1537,-51.2788],[-74.5609,-51.3608],[-75.2891,-51.6254],[-75.1537,-51.2788]]],[[[-74.8386,-50.1973],[-75.2504,-50.3763],[-75.4491,-50.3434],[-75.3267,-50.0118],[-74.8386,-50.1973]]],[[[-74.1399,-43.821],[-73.7896,-43.8765],[-74.143,-43.8722],[-74.1399,-43.821]]],[[[-74.1334,-51.8709],[-74.3387,-51.8979],[-74.4754,-51.7257],[-74.1334,-51.8709]]],[[[-74.3105,-45.1727],[-74.4655,-45.7572],[-74.6777,-45.7386],[-74.3105,-45.1727]]],[[[-67.5173,-55.8328],[-67.8315,-55.8648],[-67.8497,-55.8426],[-67.5173,-55.8328]]],[[[-66.5231,-55.1655],[-66.5517,-55.2729],[-66.6366,-55.2344],[-66.5231,-55.1655]]],[[[-71.4372,-54.8893],[-70.4175,-54.9089],[-70.2979,-55.1138],[-71.4372,-54.8893]]],[[[-67.3741,-55.5894],[-67.3253,-55.7848],[-67.5635,-55.7078],[-67.3741,-55.5894]]]]}},{"type":"Feature","properties":{"iso3":"BOL","name":"Боливия"},"geometry":{"type":"Polygon","coordinates":[[[-69.495,-17.6195],[-68.8428,-16.3379],[-69.4209,-15.6406],[-68.6853,-12.502],[-69.5786,-10.9518],[-68.6227,-11.1092],[-65.3961,-9.7124],[-64.9925,-11.9752],[-60.5066,-13.7898],[-60.1756,-16.2693],[-58.3456,-16.2844],[-58.396,-17.2343],[-57.4957,-18.2146],[-58.0938,-20.1511],[-59.0905,-19.2862],[-61.7568,-19.6453],[-62.651,-22.2337],[-63.9217,-22.0286],[-64.3253,-22.8276],[-64.6055,-22.2288],[-66.2202,-21.8025],[-67.7073,-22.8892],[-68.7605,-20.4162],[-68.4702,-19.41],[-69.495,-17.6195]]]}},{"type":"Feature","properties":{"iso3":"PER","name":"Перу"},"geometry":{"type":"Polygon","coordinates":[[[-69.9659,-4.2359],[-72.8871,-5.1228],[-74.0021,-7.5561],[-72.974,-8.9932],[-73.2094,-9.4114],[-72.1816,-10.0037],[-70.5411,-9.4375],[-70.6423,-11.0103],[-69.5786,-10.9518],[-68.6853,-12.502],[-69.4209,-15.6406],[-68.8428,-16.3379],[-70.4183,-18.3456],[-75.9339,-14.6336],[-78.7623,-8.617],[-79.995,-6.7689],[-81.142,-6.0567],[-81.3366,-4.6695],[-80.3247,-3.3879],[-80.4786,-4.4301],[-79.0333,-4.9691],[-78.3454,-3.3974],[-75.5706,-1.5312],[-75.6263,-0.1229],[-75.2246,-0.0417],[-72.9411,-2.394],[-70.9686,-2.2068],[-70.0958,-2.6582],[-70.7351,-3.7815],[-69.9659,-4.2359]]]}},{"type":"Feature","properties":{"iso3":"ARG","name":"Аргентина"},"geometry":{"type":"MultiPolygon","coordinates":[[[[-57.6089,-30.1878],[-58.5255,-34.2962],[-57.1707,-35.3625],[-56.7271,-36.9577],[-58.1792,-38.4358],[-62.3348,-38.8001],[-62.395,-40.8908],[-65.0694,-40.8053],[-64.9864,-42.1021],[-63.7956,-42.1139],[-63.6173,-42.6958],[-64.9707,-42.6663],[-64.3191,-42.9689],[-65.2523,-43.5719],[-65.6388,-45.0078],[-66.9414,-45.2573],[-67.5996,-46.0525],[-66.7769,-47.0059],[-65.8537,-47.1567],[-66.2252,-47.8268],[-65.8101,-47.9411],[-67.4663,-48.9518],[-67.914,-49.9845],[-68.9796,-50.003],[-68.4219,-50.1579],[-69.4654,-51.5845],[-68.3937,-52.307],[-71.9711,-51.9642],[-72.3402,-50.6818],[-73.1529,-50.7383],[-73.5763,-49.5829],[-72.6144,-48.7929],[-71.6997,-46.6514],[-71.3538,-45.2305],[-72.0637,-44.7719],[-71.1597,-44.5603],[-71.82,-44.3831],[-72.1464,-42.99],[-71.9321,-40.6917],[-70.8586,-38.6045],[-71.1922,-36.8437],[-69.8524,-34.2243],[-70.5547,-31.3174],[-69.6569,-28.4136],[-68.3187,-26.9732],[-68.5073,-24.6298],[-67.3562,-24.0338],[-67.1949,-22.8217],[-66.2202,-21.8025],[-64.6055,-22.2288],[-64.3253,-22.8276],[-63.9217,-22.0286],[-62.8434,-21.9973],[-61.0329,-23.7557],[-57.6439,-25.3284],[-58.6048,-27.3144],[-55.7146,-27.4148],[-54.8255,-26.6522],[-54.6159,-25.5761],[-53.8912,-25.6688],[-53.8382,-27.1211],[-55.7255,-28.2041],[-57.6089,-30.1878]]],[[[-68.6532,-54.8536],[-68.6299,-52.6526],[-67.2942,-54.0498],[-65.179,-54.6781],[-68.6532,-54.8536]]],[[[-64.7573,-54.8266],[-64.4388,-54.7394],[-63.8154,-54.7251],[-64.7573,-54.8266]]],[[[-61.8758,-39.1719],[-61.918,-39.2274],[-62.093,-39.0862],[-61.8758,-39.1719]]]]}},{"type":"Feature","properties":{"iso3":"SUR","name":"Суринам"},"geometry":{"type":"Polygon","coordinates":[[[-54.3562,5.9099],[-54.402,2.4615],[-56.7043,2.0365],[-58.0322,4.002],[-57.8811,4.8806],[-56.9698,5.9929],[-54.3562,5.9099]]]}},{"type":"Feature","properties":{"iso3":"GUY","name":"Гайана"},"geometry":{"type":"Polygon","coordinates":[[[-60.142,5.2388],[-61.3908,5.9388],[-61.1456,6.6945],[-60.3521,7.0029],[-60.7187,7.5359],[-60.0175,8.5493],[-58.5111,7.398],[-58.6729,6.3908],[-58.2984,6.8793],[-57.2275,6.1784],[-57.2098,5.1954],[-58.0543,4.1017],[-56.4828,1.9421],[-59.2312,1.376],[-59.9943,2.69],[-59.7033,4.3811],[-60.142,5.2388]]]}},{"type":"Feature","properties":{"iso3":"BRA","name":"Бразилия"},"geometry":{"type":"MultiPolygon","coordinates":[[[[-66.876,1.223],[-65.4734,0.6913],[-63.4325,2.1556],[-64.7887,4.276],[-62.857,3.5935],[-60.6514,5.2211],[-59.9907,5.0829],[-59.5511,3.9335],[-59.9943,2.69],[-58.8625,1.2036],[-57.1189,2.014],[-55.9633,1.8571],[-55.9575,2.5205],[-52.9648,2.1835],[-51.4615,4.3138],[-50.7144,2.134],[-49.8989,1.163],[-52.6642,-1.5518],[-51.9476,-1.5867],[-50.8949,-0.9376],[-50.69,-1.7617],[-50.4032,-2.0155],[-49.3137,-1.7317],[-49.6365,-2.6569],[-48.1151,-0.7375],[-47.2686,-0.6454],[-44.6513,-1.7458],[-44.723,-3.2048],[-44.4375,-2.9444],[-44.2286,-2.4713],[-43.3801,-2.3761],[-39.9647,-2.8615],[-37.1747,-4.9124],[-35.2354,-5.5667],[-34.9667,-8.4076],[-38.2397,-12.8442],[-38.8518,-12.7901],[-39.0894,-13.5882],[-39.154,-17.7039],[-41.0003,-21.999],[-42.0424,-22.9471],[-44.6373,-23.0555],[-48.7317,-25.3687],[-48.7997,-28.5753],[-50.9214,-31.2584],[-52.0392,-32.1148],[-50.5819,-30.4389],[-51.298,-30.0349],[-51.2831,-30.7516],[-53.3706,-33.7422],[-53.1256,-32.7367],[-53.7617,-32.0568],[-55.603,-30.8508],[-56.0047,-31.0792],[-56.8327,-30.1072],[-57.6089,-30.1878],[-55.7255,-28.2041],[-53.8382,-27.1211],[-53.6713,-26.2251],[-54.6159,-25.5761],[-54.2418,-24.0473],[-55.4159,-23.9514],[-55.7996,-22.3539],[-57.9857,-22.0464],[-58.1315,-19.7445],[-57.4957,-18.2146],[-58.396,-17.2343],[-58.3456,-16.2844],[-60.1756,-16.2693],[-60.5066,-13.7898],[-64.9925,-11.9752],[-65.3961,-9.7124],[-68.6227,-11.1092],[-70.6423,-11.0103],[-70.5411,-9.4375],[-72.1816,-10.0037],[-73.2094,-9.4114],[-72.974,-8.9932],[-74.0021,-7.5561],[-72.8871,-5.1228],[-69.972,-4.3012],[-69.4002,-1.1949],[-70.0539,0.5786],[-69.1533,0.6588],[-69.8521,1.0595],[-69.8486,1.7087],[-67.4004,2.1167],[-66.876,1.223]]],[[[-50.6455,-0.2729],[-48.3927,-0.2974],[-48.8336,-1.39],[-50.5076,-1.788],[-50.6455,-0.2729]]],[[[-44.2429,-23.0741],[-44.098,-23.1693],[-44.3201,-23.2123],[-44.2429,-23.0741]]],[[[-48.4976,-26.2188],[-48.6658,-26.2896],[-48.5397,-26.1703],[-48.4976,-26.2188]]],[[[-45.3023,-23.7275],[-45.2609,-23.9413],[-45.4514,-23.8956],[-45.3023,-23.7275]]],[[[-44.4993,-2.9396],[-44.5978,-3.0376],[-44.4814,-2.7176],[-44.4993,-2.9396]]],[[[-38.6012,-12.9926],[-38.783,-13.1187],[-38.6681,-12.8802],[-38.6012,-12.9926]]],[[[-38.9071,-13.4011],[-38.9776,-13.5235],[-39.0222,-13.4456],[-38.9071,-13.4011]]],[[[-44.9787,-1.2673],[-44.9679,-1.3908],[-45.0208,-1.3724],[-44.9787,-1.2673]]],[[[-50.2727,0.2317],[-49.839,0.0069],[-50.3395,0.0434],[-50.2727,0.2317]]],[[[-50.342,2.1417],[-50.4561,1.9105],[-50.491,2.1286],[-50.342,2.1417]]],[[[-50.8422,-0.0502],[-50.9264,-0.3273],[-51.0381,-0.2259],[-50.8422,-0.0502]]],[[[-49.5035,0.0837],[-49.7088,-0.1437],[-49.8301,-0.0939],[-49.5035,0.0837]]],[[[-50.3323,0.259],[-50.6239,0.0544],[-50.3728,0.5909],[-50.3323,0.259]]],[[[-50.04,0.5228],[-50.2817,0.5165],[-50.0588,0.638],[-50.04,0.5228]]],[[[-51.2763,-1.0218],[-51.9384,-1.4526],[-51.254,-0.5414],[-51.2763,-1.0218]]],[[[-48.3779,-27.4515],[-48.5422,-27.5748],[-48.4149,-27.3996],[-48.3779,-27.4515]]]]}},{"type":"Feature","properties":{"iso3":"URY","name":"Уругвай"},"geometry":{"type":"Polygon","coordinates":[[[-53.3706,-33.7422],[-54.9023,-34.9328],[-57.8732,-34.4477],[-58.4381,-33.7191],[-57.6458,-30.227],[-56.8327,-30.1072],[-56.0047,-31.0792],[-55.603,-30.8508],[-53.7617,-32.0568],[-53.1256,-32.7367],[-53.3706,-33.7422]]]}},{"type":"Feature","properties":{"iso3":"ECU","name":"Эквадор"},"geometry":{"type":"MultiPolygon","coordinates":[[[[-75.2845,-0.1065],[-75.5706,-1.5312],[-78.3454,-3.3974],[-79.0333,-4.9691],[-80.4786,-4.4301],[-79.7299,-2.5791],[-79.8421,-2.0674],[-80.2847,-2.7067],[-80.9322,-2.2691],[-80.9024,-1.0789],[-80.2824,-0.6205],[-80.0359,0.8346],[-78.8997,1.2063],[-78.8597,1.4554],[-77.3963,0.3939],[-75.2845,-0.1065]]],[[[-79.909,-2.7256],[-80.1507,-3.0117],[-80.2729,-2.9959],[-80.2237,-2.7531],[-79.909,-2.7256]]],[[[-78.9092,1.2528],[-78.9917,1.2932],[-78.8998,1.3598],[-78.9092,1.2528]]],[[[-90.1927,-0.6588],[-90.5317,-0.5814],[-90.2694,-0.4847],[-90.1927,-0.6588]]],[[[-89.2594,-0.7284],[-89.6086,-0.8886],[-89.2878,-0.6898],[-89.2594,-0.7284]]],[[[-91.4602,-0.2557],[-91.6107,-0.4439],[-91.6467,-0.2845],[-91.4602,-0.2557]]],[[[-90.3792,-1.2923],[-90.5195,-1.2991],[-90.4772,-1.221],[-90.3792,-1.2923]]],[[[-91.3614,0.1258],[-90.7997,-0.7521],[-91.1311,-1.0196],[-91.4954,-0.8609],[-91.1209,-0.5591],[-91.3614,0.1258]]],[[[-90.7804,-0.1604],[-90.6205,-0.3643],[-90.8678,-0.2714],[-90.7804,-0.1604]]]]}},{"type":"Feature","properties":{"iso3":"COL","name":"Колумбия"},"geometry":{"type":"MultiPolygon","coordinates":[[[[-71.3197,11.8619],[-72.6901,10.8358],[-73.3662,9.1941],[-72.7964,9.109],[-72.0066,7.0326],[-70.1292,6.9536],[-69.4271,6.124],[-67.482,6.1803],[-67.8553,4.5069],[-67.3111,3.4159],[-67.8591,2.7936],[-66.8845,1.3583],[-67.4004,2.1167],[-69.8486,1.7087],[-69.8521,1.0595],[-69.1533,0.6588],[-70.0539,0.5786],[-69.4002,-1.1949],[-69.9659,-4.2359],[-70.7351,-3.7815],[-70.0958,-2.6582],[-70.9686,-2.2068],[-72.9411,-2.394],[-74.8018,-0.2001],[-77.3963,0.3939],[-79.0254,1.6237],[-78.5769,1.7738],[-77.0768,3.9133],[-77.5207,4.2128],[-77.3688,6.5756],[-77.9012,7.2293],[-77.196,7.9725],[-77.3931,8.6447],[-76.7866,7.9316],[-76.9205,8.5737],[-75.6394,9.4504],[-75.7083,10.1434],[-74.8446,11.1097],[-74.4009,10.7652],[-71.7146,12.42],[-71.3197,11.8619]]],[[[-78.1376,2.6342],[-78.1925,2.5593],[-78.1784,2.6463],[-78.1376,2.6342]]]]}},{"type":"Feature","properties":{"iso3":"PRY","name":"Парагвай"},"geometry":{"type":"Polygon","coordinates":[[[-58.1598,-20.1646],[-57.9559,-22.1092],[-55.8492,-22.3076],[-55.4159,-23.9514],[-54.2418,-24.0473],[-54.7551,-26.5329],[-55.7146,-27.4148],[-58.6048,-27.3144],[-57.6439,-25.3284],[-61.0329,-23.7557],[-62.651,-22.2337],[-61.7568,-19.6453],[-59.0905,-19.2862],[-58.1598,-20.1646]]]}},{"type":"Feature","properties":{"iso3":"VEN","name":"Венесуэла"},"geometry":{"type":"MultiPolygon","coordinates":[[[[-60.7358,9.2033],[-60.9414,9.1056],[-60.9073,9.1787],[-60.7358,9.2033]]],[[[-64.0283,11.0019],[-63.9176,10.8875],[-64.4023,10.9816],[-64.0283,11.0019]]],[[[-65.3023,10.9738],[-65.2664,10.884],[-65.4146,10.9379],[-65.3023,10.9738]]],[[[-60.8614,8.9496],[-61.06,8.847],[-60.9158,9.0703],[-60.8614,8.9496]]],[[[-60.0175,8.5493],[-60.7187,7.5359],[-60.3521,7.0029],[-61.1456,6.6945],[-61.3908,5.9388],[-60.6276,4.8925],[-62.857,3.5935],[-64.7887,4.276],[-64.0466,2.5024],[-63.3939,2.2225],[-65.5561,0.688],[-66.876,1.223],[-67.8591,2.7936],[-67.3111,3.4159],[-67.8553,4.5069],[-67.482,6.1803],[-69.4271,6.124],[-70.1292,6.9536],[-72.0066,7.0326],[-72.7964,9.109],[-73.3662,9.1941],[-72.6901,10.8358],[-71.9581,11.6664],[-71.3197,11.8619],[-71.9569,11.5699],[-71.5943,10.6574],[-72.1128,9.8156],[-71.2414,9.1604],[-71.4695,10.9642],[-69.8048,11.4742],[-70.2865,11.886],[-70.004,12.1779],[-68.1399,10.4927],[-66.2472,10.6322],[-65.1291,10.0701],[-63.7319,10.5034],[-64.2982,10.6352],[-61.8795,10.741],[-62.9136,10.5315],[-62.3204,9.7831],[-60.7925,9.3607],[-61.6187,8.5975],[-60.0175,8.5493]]]]}},{"type":"Feature","properties":{"iso3":"FLK","name":"Фолклендские острова"},"geometry":{"type":"MultiPolygon","coordinates":[[[[-58.9175,-51.2721],[-57.9765,-51.3844],[-57.7918,-51.6361],[-59.5322,-52.2364],[-58.9175,-51.2721]]],[[[-60.5685,-51.3578],[-60.1416,-51.481],[-59.2681,-51.4275],[-60.6864,-52.1884],[-60.2385,-51.772],[-60.5685,-51.3578]]],[[[-61.145,-51.8395],[-60.876,-51.7942],[-60.9476,-51.9463],[-61.145,-51.8395]]],[[[-58.4971,-51.9994],[-58.4327,-52.099],[-58.5414,-52.0284],[-58.4971,-51.9994]]],[[[-60.0698,-51.3079],[-60.2488,-51.396],[-60.2753,-51.2806],[-60.0698,-51.3079]]],[[[-59.681,-52.1801],[-59.7645,-52.2422],[-59.7933,-52.1342],[-59.681,-52.1801]]]]}},{"type":"Feature","properties":{"iso3":"ETH","name":"Эфиопия"},"geometry":{"type":"Polygon","coordinates":[[[36.022,4.4681],[34.7106,6.6603],[33.0126,7.9515],[34.0945,8.5822],[34.2757,10.5281],[36.1075,12.7265],[36.5243,14.2568],[37.5712,14.1491],[37.8842,14.8523],[40.8201,14.1117],[42.3785,12.4664],[41.7982,10.9805],[42.9228,10.9993],[42.8416,10.2031],[43.9838,9.0088],[47.9782,7.9971],[44.9405,4.912],[41.884,3.9777],[40.7652,4.273],[39.4944,3.4561],[36.022,4.4681]]]}},{"type":"Feature","properties":{"iso3":"SSD","name":"Южный Судан"},"geometry":{"type":"Polygon","coordinates":[[[35.2684,5.4923],[33.4894,3.7551],[30.8386,3.4907],[29.5521,4.636],[27.7881,4.6447],[24.1604,8.6963],[25.067,10.2938],[25.798,10.4205],[26.6587,9.4841],[28.8445,9.3261],[30.003,10.2774],[31.1545,9.7709],[32.4208,11.0891],[32.0723,12.0067],[33.1993,12.2173],[33.1301,10.7459],[33.907,10.1814],[34.1018,8.6764],[32.9989,7.8995],[34.7106,6.6603],[35.2684,5.4923]]]}},{"type":"Feature","properties":{"iso3":"SOM","name":"Сомали"},"geometry":{"type":"Polygon","coordinates":[[[41.5327,-1.6953],[40.9787,-0.8703],[40.9787,2.8424],[42.0241,4.1379],[44.9405,4.912],[47.9782,7.9971],[48.9381,9.4518],[48.9386,11.2584],[51.2549,11.8307],[51.3846,10.3865],[50.9301,10.3355],[47.9753,4.497],[41.5327,-1.6953]]]}},{"type":"Feature","properties":{"iso3":"KEN","name":"Кения"},"geometry":{"type":"MultiPolygon","coordinates":[[[[41.1307,-2.053],[40.9573,-2.1673],[41.086,-2.0365],[41.1307,-2.053]]],[[[33.9032,-1.0021],[33.9432,0.1738],[34.9782,1.7736],[33.9761,4.2202],[35.2684,5.4923],[36.022,4.4681],[38.0861,3.6488],[39.4944,3.4561],[40.7652,4.273],[41.884,3.9777],[40.9645,2.8146],[40.9787,-0.8703],[41.5327,-1.6953],[40.2225,-2.6884],[39.377,-4.6255],[37.7973,-3.6744],[37.6438,-3.0454],[33.9032,-1.0021]]]]}},{"type":"Feature","properties":{"iso3":"MWI","name":"Малави"},"geometry":{"type":"MultiPolygon","coordinates":[[[[34.756,-12.0308],[34.6621,-12.1008],[34.6799,-12.0089],[34.756,-12.0308]]],[[[34.5914,-11.9711],[34.6218,-12.0666],[34.5416,-12.0187],[34.5914,-11.9711]]],[[[33.6364,-14.5682],[32.6704,-13.5904],[33.5123,-12.3478],[33.2613,-10.8934],[33.6615,-10.5531],[32.974,-9.395],[34.5242,-10.0302],[34.9595,-11.5781],[34.3578,-12.1647],[34.5637,-13.3602],[35.8928,-14.8918],[35.2726,-17.1185],[34.2482,-15.8875],[34.5053,-14.5981],[33.6364,-14.5682]]]]}},{"type":"Feature","properties":{"iso3":"TZA","name":"Танзания"},"geometry":{"type":"MultiPolygon","coordinates":[[[[39.4333,-6.1154],[39.481,-6.4537],[39.309,-5.722],[39.4333,-6.1154]]],[[[39.6734,-4.9271],[39.853,-5.2555],[39.7493,-5.4438],[39.6734,-4.9271]]],[[[34.3209,-9.7315],[30.9684,-8.551],[29.5408,-6.3139],[29.4032,-4.4493],[30.8114,-3.2006],[30.5199,-1.0625],[33.9794,-1.0021],[37.6438,-3.0454],[39.2218,-4.6924],[38.8047,-6.0701],[39.5461,-7.024],[39.304,-8.4438],[39.7252,-10.0005],[40.4636,-10.4644],[37.3729,-11.7104],[34.9595,-11.5781],[34.3209,-9.7315]]],[[[39.8244,-7.9007],[39.6029,-7.9361],[39.9071,-7.6492],[39.8244,-7.9007]]]]}},{"type":"Feature","properties":{"iso3":"SOL","name":"Сомалиленд"},"geometry":{"type":"Polygon","coordinates":[[[48.9386,11.2584],[48.9381,9.4518],[47.9782,7.9971],[44.0229,8.986],[42.6564,10.6],[43.246,11.4998],[44.3865,10.4302],[48.9386,11.2584]]]}},{"type":"Feature","properties":{"iso3":"MAR","name":"Марокко"},"geometry":{"type":"Polygon","coordinates":[[[-2.2196,35.1042],[-1.2259,32.1072],[-3.7682,31.6896],[-3.6668,30.964],[-8.2652,28.9805],[-8.7949,27.1207],[-11.3926,26.8834],[-12.4312,24.8307],[-13.8911,23.691],[-14.751,21.5006],[-17.0031,21.4207],[-14.4139,26.2537],[-12.9489,27.9142],[-10.2006,29.3804],[-9.2458,32.5725],[-6.901,33.969],[-5.9248,35.7858],[-2.2196,35.1042]]]}},{"type":"Feature","properties":{"iso3":"ESH","name":"Западная Сахара"},"geometry":{"type":"Polygon","coordinates":[[[-8.7949,27.1207],[-8.6833,27.6564],[-8.6822,25.9955],[-12.0163,25.9954],[-12.0234,23.4676],[-13.1533,22.8205],[-13.0162,21.3339],[-16.9646,21.3292],[-17.0988,20.8569],[-17.003,21.4208],[-14.751,21.5006],[-13.8911,23.691],[-12.4312,24.8307],[-12.061,25.9908],[-11.3926,26.8834],[-8.7949,27.1207]]]}},{"type":"Feature","properties":{"iso3":"COG","name":"Республика Конго"},"geometry":{"type":"Polygon","coordinates":[[[11.1302,-3.9163],[11.8799,-3.6659],[11.6055,-2.3426],[12.4464,-2.33],[12.5904,-1.8269],[13.9938,-2.4906],[14.384,-1.89],[14.4741,-0.5734],[13.8601,-0.2033],[14.4299,0.9015],[14.1809,1.3702],[13.2163,1.2484],[13.2936,2.1616],[16.0594,1.6762],[16.6107,3.5054],[18.4998,3.6041],[17.7528,-0.549],[16.2153,-2.1778],[15.8725,-3.9343],[14.7079,-4.8817],[14.3583,-4.2994],[12.0184,-5.0043],[11.1302,-3.9163]]]}},{"type":"Feature","properties":{"iso3":"COD","name":"Демократическая Республика Конго"},"geometry":{"type":"Polygon","coordinates":[[[30.7512,-8.1937],[28.8981,-8.4854],[28.4007,-9.2248],[28.4825,-11.8121],[29.0644,-12.3488],[29.7951,-12.1555],[29.7752,-13.4381],[29.1116,-13.3951],[27.1592,-11.5792],[26.026,-11.8901],[23.9665,-10.8718],[22.2788,-11.1941],[21.7816,-7.3146],[19.8752,-6.9863],[19.3408,-7.9666],[17.5796,-8.099],[16.4314,-5.9002],[12.2137,-5.7587],[12.8297,-4.7366],[14.3583,-4.2994],[14.7079,-4.8817],[15.99,-3.7662],[16.2153,-2.1778],[17.7528,-0.549],[19.0686,4.8914],[19.686,5.1214],[22.4222,4.135],[22.8646,4.7239],[27.1149,5.1979],[28.1921,4.3502],[29.6769,4.5869],[30.8953,3.4637],[30.7286,2.4554],[31.274,2.1463],[29.9429,0.8192],[28.8576,-2.4467],[29.5408,-6.3139],[30.7512,-8.1937]]]}},{"type":"Feature","properties":{"iso3":"NAM","name":"Намибия"},"geometry":{"type":"Polygon","coordinates":[[[21.4169,-18.0007],[24.2749,-17.4811],[25.2588,-17.7936],[23.5997,-18.46],[23.2193,-17.9997],[20.9741,-18.3188],[20.971,-22.0002],[19.9773,-22.0002],[19.9805,-28.4513],[18.1027,-28.8717],[17.0562,-28.0311],[16.4476,-28.6176],[15.2876,-27.275],[14.4628,-22.4491],[11.7431,-17.2492],[13.1012,-16.9677],[21.4169,-18.0007]]]}},{"type":"Feature","properties":{"iso3":"ZAF","name":"ЮАР"},"geometry":{"type":"MultiPolygon","coordinates":[[[[29.1299,-22.2133],[31.2879,-22.4021],[31.9846,-25.6319],[30.8033,-26.4135],[31.0634,-27.1123],[32.8861,-26.8493],[32.3752,-28.4982],[30.2887,-30.9701],[27.8606,-33.0539],[25.5742,-34.0354],[22.5538,-34.0101],[20.0206,-34.7857],[18.4616,-34.3469],[17.8511,-32.8274],[18.2108,-31.7425],[16.4476,-28.6176],[16.8753,-28.1279],[17.4479,-28.6981],[19.2458,-28.9017],[19.9805,-28.4513],[19.9805,-24.7768],[20.7932,-25.9156],[20.6851,-26.8225],[21.6947,-26.8409],[23.0575,-25.3123],[25.4437,-25.7145],[27.0855,-23.5779],[29.1299,-22.2133]],[[27.7531,-30.6],[29.3907,-29.2697],[28.6258,-28.5817],[27.0569,-29.6256],[27.7531,-30.6]]],[[[37.7896,-46.8375],[37.6118,-46.9465],[37.59,-46.908],[37.7896,-46.8375]]]]}},{"type":"Feature","properties":{"iso3":"LBY","name":"Ливия"},"geometry":{"type":"Polygon","coordinates":[[[9.3103,30.1152],[10.2164,30.7832],[10.2746,31.685],[11.505,32.4137],[11.5046,33.1819],[15.1766,32.3912],[15.706,31.4264],[19.1237,30.2661],[20.1115,30.9637],[20.031,32.1079],[21.0623,32.7755],[22.1874,32.9183],[24.9507,31.9537],[24.9795,20.0026],[23.9803,19.9959],[23.9803,19.4966],[15.9841,23.4452],[14.2155,22.6197],[10.3258,24.5302],[9.4224,26.1471],[9.916,27.7857],[9.3103,30.1152]]]}},{"type":"Feature","properties":{"iso3":"TUN","name":"Тунис"},"geometry":{"type":"MultiPolygon","coordinates":[[[[11.5046,33.1819],[11.505,32.4137],[10.2746,31.685],[10.2164,30.7832],[9.5188,30.2294],[9.044,32.0724],[7.5002,33.8325],[8.2456,34.7341],[8.5766,36.9372],[11.0539,37.0725],[10.4766,36.1751],[11.1201,35.2403],[10.049,34.0563],[11.5046,33.1819]]],[[[11.278,34.7538],[11.1236,34.6817],[11.2549,34.8203],[11.278,34.7538]]],[[[10.7452,33.8887],[10.8574,33.6872],[10.7221,33.7389],[10.7452,33.8887]]]]}},{"type":"Feature","properties":{"iso3":"ZMB","name":"Замбия"},"geometry":{"type":"Polygon","coordinates":[[[30.3961,-15.6431],[28.9131,-15.9878],[26.7799,-18.0415],[23.3807,-17.6406],[22.0402,-16.2628],[21.9789,-13.001],[23.963,-12.9885],[23.9665,-10.8718],[26.026,-11.8901],[27.1592,-11.5792],[29.0143,-13.3688],[29.7752,-13.4381],[29.7951,-12.1555],[29.0644,-12.3488],[28.3834,-11.5667],[28.4007,-9.2248],[28.8981,-8.4854],[30.7512,-8.1937],[33.1957,-9.6262],[33.6615,-10.5531],[33.2613,-10.8934],[33.5123,-12.3478],[32.6704,-13.5904],[33.2018,-14.0134],[30.2318,-14.9903],[30.3961,-15.6431]]]}},{"type":"Feature","properties":{"iso3":"SLE","name":"Сьерра-Леоне"},"geometry":{"type":"MultiPolygon","coordinates":[[[[-10.2832,8.4852],[-11.5075,6.9065],[-12.8509,7.8187],[-13.2927,9.0492],[-12.428,9.8981],[-11.2736,9.9965],[-10.7121,8.3353],[-10.2832,8.4852]]],[[[-12.6152,7.6372],[-12.5406,7.4103],[-12.9516,7.5708],[-12.6152,7.6372]]]]}},{"type":"Feature","properties":{"iso3":"GIN","name":"Гвинея"},"geometry":{"type":"Polygon","coordinates":[[[-9.5183,8.3461],[-10.7121,8.3353],[-11.2057,9.9777],[-12.428,9.8981],[-13.2927,9.0492],[-15.0512,10.8346],[-13.7328,11.736],[-13.7292,12.6739],[-10.7092,11.8987],[-9.0431,12.4023],[-7.6812,8.4104],[-8.21,8.4833],[-8.206,7.5902],[-9.1176,7.2159],[-9.5183,8.3461]]]}},{"type":"Feature","properties":{"iso3":"LBR","name":"Либерия"},"geometry":{"type":"Polygon","coordinates":[[[-11.5075,6.9065],[-10.2832,8.4852],[-9.6636,8.4735],[-9.4638,7.4159],[-8.5789,7.6771],[-8.6036,6.5078],[-7.4544,5.8413],[-7.545,4.3513],[-11.5075,6.9065]]]}},{"type":"Feature","properties":{"iso3":"CAF","name":"Центральноафриканская Республика"},"geometry":{"type":"Polygon","coordinates":[[[23.5373,8.8158],[27.4033,5.1092],[25.5251,5.3121],[22.8646,4.7239],[22.4222,4.135],[19.501,5.1275],[18.5941,4.3462],[18.6104,3.4784],[16.6107,3.5054],[16.1834,2.2701],[14.7312,4.6024],[14.4407,6.0867],[15.4801,7.5238],[18.5642,8.0459],[18.8883,8.8897],[20.6314,9.3014],[22.0432,10.8227],[22.8601,10.9197],[23.6463,9.8229],[23.5373,8.8158]]]}},{"type":"Feature","properties":{"iso3":"SDN","name":"Судан"},"geometry":{"type":"Polygon","coordinates":[[[34.0781,9.4615],[33.1301,10.7459],[33.1993,12.2173],[32.7219,12.2231],[32.0723,12.0067],[32.4208,11.0891],[31.1545,9.7709],[30.003,10.2774],[28.8445,9.3261],[26.6587,9.4841],[25.798,10.4205],[25.067,10.2938],[24.5319,8.8869],[23.5373,8.8158],[23.6463,9.8229],[22.3523,12.6604],[21.8253,12.7905],[22.9339,15.5331],[23.9708,15.7215],[23.9803,19.9959],[24.9795,20.0026],[24.9803,21.9958],[36.8714,21.9967],[37.4713,18.8201],[38.6095,18.0051],[37.009,17.0589],[36.1252,12.757],[34.3439,10.6586],[34.0781,9.4615]]]}},{"type":"Feature","properties":{"iso3":"DJI","name":"Джибути"},"geometry":{"type":"Polygon","coordinates":[[[43.246,11.4998],[42.9228,10.9993],[41.7982,10.9805],[42.45,12.5213],[43.1167,12.7086],[43.3803,12.0913],[42.5218,11.5722],[43.246,11.4998]]]}},{"type":"Feature","properties":{"iso3":"ERI","name":"Эритрея"},"geometry":{"type":"MultiPolygon","coordinates":[[[[36.5243,14.2568],[37.009,17.0589],[38.6095,18.0051],[39.7855,15.1249],[39.8638,15.4703],[41.1765,14.6203],[43.1167,12.7086],[42.3785,12.4664],[40.1406,14.4561],[37.8842,14.8523],[37.5712,14.1491],[36.5243,14.2568]]],[[[40.0481,16.1045],[40.1101,15.9857],[39.9961,16.0427],[40.0481,16.1045]]],[[[39.9752,15.6125],[40.1825,15.6429],[40.399,15.5799],[39.9752,15.6125]]]]}},{"type":"Feature","properties":{"iso3":"CIV","name":"Кот-д’Ивуар"},"geometry":{"type":"MultiPolygon","coordinates":[[[[-3.2149,5.1472],[-3.114,5.0887],[-3.2464,5.1141],[-3.2149,5.1472]]],[[[-7.9906,10.1625],[-6.2611,10.7241],[-6.1172,10.2019],[-2.6958,9.4813],[-2.5059,8.2087],[-3.2439,6.6487],[-2.8157,5.153],[-5.2824,5.2103],[-7.545,4.3513],[-7.4544,5.8413],[-8.6036,6.5078],[-8.237,8.4557],[-7.6812,8.4104],[-7.9906,10.1625]]]]}},{"type":"Feature","properties":{"iso3":"MLI","name":"Мали"},"geometry":{"type":"Polygon","coordinates":[[[-11.5022,12.1986],[-12.2806,14.809],[-11.5027,15.6368],[-10.9482,15.1511],[-9.3506,15.6774],[-5.5125,15.4963],[-6.5941,24.9946],[-4.8226,24.9956],[3.1303,19.8502],[3.256,19.0133],[4.2276,19.1428],[4.1821,16.5818],[3.5043,15.3563],[-0.6665,15.0698],[-2.5867,14.2276],[-3.3018,13.2808],[-4.3287,13.119],[-6.0346,10.1948],[-6.2611,10.7241],[-7.9906,10.1625],[-9.1205,12.45],[-10.7092,11.8987],[-11.5022,12.1986]]]}},{"type":"Feature","properties":{"iso3":"SEN","name":"Сенегал"},"geometry":{"type":"Polygon","coordinates":[[[-12.2806,14.809],[-11.3894,12.4044],[-16.7118,12.3548],[-16.6488,13.1542],[-13.8267,13.4078],[-16.5623,13.5873],[-17.5356,14.7551],[-16.239,16.5313],[-14.9595,16.6789],[-13.507,16.1352],[-12.2806,14.809]]]}},{"type":"Feature","properties":{"iso3":"NGA","name":"Нигерия"},"geometry":{"type":"MultiPolygon","coordinates":[[[[7.2273,4.5273],[7.2039,4.3876],[7.1404,4.3951],[7.2273,4.5273]]],[[[13.6063,13.7046],[14.5754,11.5324],[13.6999,10.8731],[11.4018,6.5339],[10.1436,6.9964],[8.2931,4.5576],[6.7677,4.7247],[6.1733,4.2774],[4.4313,6.3486],[2.7064,6.3692],[2.7748,9.0485],[3.7838,10.4359],[3.6467,12.53],[4.4214,13.6475],[5.492,13.8729],[6.9372,13.0082],[7.8305,13.3409],[9.6159,12.8106],[13.6063,13.7046]]]]}},{"type":"Feature","properties":{"iso3":"BEN","name":"Бенин"},"geometry":{"type":"Polygon","coordinates":[[[1.6227,6.2168],[1.6002,9.05],[0.7875,10.7103],[2.8053,12.3838],[3.8345,10.6074],[2.7748,9.0485],[2.7064,6.3692],[1.6227,6.2168]]]}},{"type":"Feature","properties":{"iso3":"AGO","name":"Ангола"},"geometry":{"type":"MultiPolygon","coordinates":[[[[13.0728,-4.6348],[12.4515,-5.0715],[12.2137,-5.7587],[12.0184,-5.0043],[13.0728,-4.6348]]],[[[23.9665,-10.8718],[23.963,-12.9885],[21.9789,-13.001],[22.0402,-16.2628],[23.3807,-17.6406],[20.7455,-18.0197],[18.3964,-17.3994],[11.7431,-17.2492],[12.5505,-13.4378],[13.5979,-12.2861],[13.8475,-11.0544],[12.9985,-9.048],[13.3785,-8.3697],[12.3025,-6.0926],[16.4314,-5.9002],[17.5796,-8.099],[19.3408,-7.9666],[19.8752,-6.9863],[21.7816,-7.3146],[22.2262,-11.122],[23.9665,-10.8718]]]]}},{"type":"Feature","properties":{"iso3":"BWA","name":"Ботсвана"},"geometry":{"type":"Polygon","coordinates":[[[25.2588,-17.7936],[26.1681,-19.5383],[27.6996,-20.5307],[28.0141,-21.5542],[29.3648,-22.1939],[27.0855,-23.5779],[25.4437,-25.7145],[23.1487,-25.2887],[21.6947,-26.8409],[20.6851,-26.8225],[20.7932,-25.9156],[19.9805,-24.7768],[19.9773,-22.0002],[20.971,-22.0002],[20.9741,-18.3188],[23.2193,-17.9997],[23.5997,-18.46],[25.2588,-17.7936]]]}},{"type":"Feature","properties":{"iso3":"ZWE","name":"Зимбабве"},"geometry":{"type":"Polygon","coordinates":[[[31.2879,-22.4021],[28.0141,-21.5542],[27.6996,-20.5307],[26.1681,-19.5383],[25.2588,-17.7936],[27.0208,-17.9584],[29.7296,-15.6446],[32.948,-16.7123],[32.9928,-19.9849],[31.2879,-22.4021]]]}},{"type":"Feature","properties":{"iso3":"TCD","name":"Чад"},"geometry":{"type":"Polygon","coordinates":[[[23.9803,19.4966],[23.9708,15.7215],[22.9339,15.5331],[21.8253,12.7905],[22.3523,12.6604],[22.8601,10.9197],[21.7715,10.6428],[20.3421,9.1271],[18.9563,8.9389],[18.5642,8.0459],[15.4801,7.5238],[13.9772,9.6916],[15.6549,10.0078],[14.8471,12.5021],[13.4482,14.3807],[15.4743,16.9084],[15.9632,20.3462],[14.979,22.9962],[15.9841,23.4452],[23.9803,19.4966]]]}},{"type":"Feature","properties":{"iso3":"DZA","name":"Алжир"},"geometry":{"type":"Polygon","coordinates":[[[8.5766,36.9372],[8.2456,34.7341],[7.5002,33.8325],[9.044,32.0724],[9.8053,29.177],[9.8832,26.6308],[9.4224,26.1471],[10.2559,24.591],[11.5076,24.3144],[11.9679,23.5179],[5.8366,19.4792],[3.256,19.0133],[3.1303,19.8502],[-8.6833,27.2859],[-8.2652,28.9805],[-3.6668,30.964],[-3.7682,31.6896],[-1.2259,32.1072],[-2.2196,35.1042],[1.2572,36.5196],[8.5766,36.9372]]]}},{"type":"Feature","properties":{"iso3":"MOZ","name":"Мозамбик"},"geometry":{"type":"Polygon","coordinates":[[[31.2879,-22.4021],[32.9928,-19.9849],[32.948,-16.7123],[30.4094,-15.9782],[30.2318,-14.9903],[33.2018,-14.0134],[33.6364,-14.5682],[34.375,-14.4248],[34.2482,-15.8875],[35.2726,-17.1185],[35.8928,-14.8918],[34.5637,-13.3602],[34.3578,-12.1647],[34.6186,-11.6202],[37.3729,-11.7104],[40.4636,-10.4644],[40.559,-15.4734],[39.8446,-16.4356],[34.6494,-19.7014],[35.5301,-22.2481],[35.4896,-24.0655],[32.7922,-25.6443],[32.8861,-26.8493],[32.1129,-26.8395],[31.2879,-22.4021]],[[34.6218,-12.0666],[34.5914,-11.9711],[34.5416,-12.0187],[34.6218,-12.0666]],[[34.6621,-12.1008],[34.756,-12.0308],[34.6799,-12.0089],[34.6621,-12.1008]]]}},{"type":"Feature","properties":{"iso3":"SWZ","name":"Эсватини"},"geometry":{"type":"Polygon","coordinates":[[[31.9482,-25.9576],[31.9584,-27.3059],[31.0634,-27.1123],[31.0881,-25.9807],[31.9482,-25.9576]]]}},{"type":"Feature","properties":{"iso3":"BDI","name":"Бурунди"},"geometry":{"type":"Polygon","coordinates":[[[30.5536,-2.4001],[30.7902,-3.2746],[29.4032,-4.4493],[29.0632,-2.6025],[30.5536,-2.4001]]]}},{"type":"Feature","properties":{"iso3":"RWA","name":"Руанда"},"geometry":{"type":"Polygon","coordinates":[[[29.577,-1.3879],[30.51,-1.0673],[30.8287,-2.3385],[28.9218,-2.682],[29.577,-1.3879]]]}},{"type":"Feature","properties":{"iso3":"UGA","name":"Уганда"},"geometry":{"type":"Polygon","coordinates":[[[33.9032,-1.0021],[29.577,-1.3879],[29.9429,0.8192],[31.2527,2.0446],[30.7286,2.4554],[31.048,3.725],[32.1359,3.5197],[33.9761,4.2202],[34.4377,3.6506],[34.9765,1.7196],[33.9432,0.1738],[33.9032,-1.0021]]]}},{"type":"Feature","properties":{"iso3":"LSO","name":"Лесото"},"geometry":{"type":"Polygon","coordinates":[[[29.3907,-29.2697],[27.7531,-30.6],[27.0569,-29.6256],[28.6258,-28.5817],[29.3907,-29.2697]]]}},{"type":"Feature","properties":{"iso3":"CMR","name":"Камерун"},"geometry":{"type":"Polygon","coordinates":[[[8.5559,4.7552],[9.7799,6.7602],[10.6062,7.0631],[11.2373,6.4505],[11.8614,7.1164],[13.6999,10.8731],[14.5598,11.4923],[14.064,13.0785],[14.4617,13.0218],[15.6549,10.0078],[13.9772,9.6916],[15.5578,7.738],[14.4312,6.0387],[15.0621,3.9472],[16.0635,2.9086],[16.1361,1.7242],[14.5789,2.1991],[9.9799,2.1678],[9.6889,4.0564],[8.5559,4.7552]]]}},{"type":"Feature","properties":{"iso3":"GAB","name":"Габон"},"geometry":{"type":"Polygon","coordinates":[[[13.2936,2.1616],[13.2163,1.2484],[14.1809,1.3702],[14.4299,0.9015],[13.8601,-0.2033],[14.4741,-0.5734],[14.384,-1.89],[13.9938,-2.4906],[12.5904,-1.8269],[12.4464,-2.33],[11.6055,-2.3426],[11.8799,-3.6659],[11.1302,-3.9163],[8.7031,-0.591],[9.3549,0.3436],[9.7968,0.0442],[10.0015,0.195],[9.3248,0.5521],[9.5908,1.032],[11.3354,0.9997],[11.3484,2.2997],[13.2936,2.1616]]]}},{"type":"Feature","properties":{"iso3":"NER","name":"Нигер"},"geometry":{"type":"Polygon","coordinates":[[[13.6063,13.7046],[9.6159,12.8106],[4.6648,13.7332],[3.5954,11.6963],[2.8053,12.3838],[2.3892,11.8971],[0.1639,14.4972],[1.3002,15.2723],[3.5043,15.3563],[4.1821,16.5818],[4.2276,19.1428],[5.8366,19.4792],[11.9679,23.5179],[14.2155,22.6197],[14.9789,22.9963],[15.9632,20.3462],[15.4743,16.9084],[13.4482,14.3807],[13.6063,13.7046]]]}},{"type":"Feature","properties":{"iso3":"BFA","name":"Буркина-Фасо"},"geometry":{"type":"Polygon","coordinates":[[[0.9005,10.9933],[-2.8299,10.9984],[-2.7666,9.4247],[-3.2235,9.8955],[-4.6258,9.7136],[-5.5235,10.426],[-5.2881,11.8279],[-4.4287,12.3376],[-4.151,13.3062],[-3.3018,13.2808],[-2.5867,14.2276],[-0.6665,15.0698],[0.2175,14.9115],[0.9873,13.0419],[2.2115,12.5384],[2.2872,11.6913],[0.9005,10.9933]]]}},{"type":"Feature","properties":{"iso3":"TGO","name":"Того"},"geometry":{"type":"Polygon","coordinates":[[[0.9005,10.9933],[1.7779,6.2946],[1.1872,6.0894],[0.5256,6.8509],[0.5257,9.3985],[-0.0902,10.7155],[-0.0686,11.1156],[0.9005,10.9933]]]}},{"type":"Feature","properties":{"iso3":"GHA","name":"Гана"},"geometry":{"type":"Polygon","coordinates":[[[-0.0686,11.1156],[0.6863,8.3549],[0.5256,6.8509],[1.1872,6.0894],[-2.0019,4.7625],[-3.114,5.0887],[-2.755,5.4325],[-3.2358,6.8072],[-2.5059,8.2087],[-2.8299,10.9984],[-0.0686,11.1156]]]}},{"type":"Feature","properties":{"iso3":"GNB","name":"Гвинея-Бисау"},"geometry":{"type":"MultiPolygon","coordinates":[[[[-16.7118,12.3548],[-13.7292,12.6739],[-13.7328,11.736],[-15.043,10.9401],[-15.5019,11.7238],[-15.0783,11.969],[-15.9417,11.7866],[-15.9202,11.9378],[-16.3281,12.0516],[-16.2446,12.2371],[-16.7118,12.3548]]],[[[-16.0673,11.1972],[-16.1945,11.0446],[-16.2364,11.1134],[-16.0673,11.1972]]],[[[-15.9091,11.1613],[-15.964,11.059],[-15.9377,11.1928],[-15.9091,11.1613]]],[[[-15.7175,11.3018],[-15.7251,11.1745],[-15.7798,11.1945],[-15.7175,11.3018]]],[[[-15.4844,11.5675],[-15.6196,11.5335],[-15.4825,11.6323],[-15.4844,11.5675]]],[[[-15.9153,11.5891],[-16.0232,11.4771],[-15.9646,11.5983],[-15.9153,11.5891]]],[[[-15.9864,11.882],[-16.0383,11.7597],[-16.1524,11.8768],[-15.9864,11.882]]]]}},{"type":"Feature","properties":{"iso3":"EGY","name":"Египет"},"geometry":{"type":"Polygon","coordinates":[[[36.8714,21.9967],[24.9803,21.9958],[24.8527,31.3348],[25.8933,31.6209],[29.0721,30.8303],[31.0829,31.6033],[32.1018,31.0928],[34.1981,31.3226],[34.9043,29.4773],[34.2201,27.7643],[32.5657,29.974],[32.3598,29.6307],[35.7839,23.9378],[35.6979,22.9462],[36.8714,21.9967]]]}},{"type":"Feature","properties":{"iso3":"MRT","name":"Мавритания"},"geometry":{"type":"MultiPolygon","coordinates":[[[[-16.3437,19.8662],[-16.4375,19.6093],[-16.477,19.7104],[-16.3437,19.8662]]],[[[-12.2806,14.809],[-14.5337,16.656],[-16.239,16.5313],[-16.5353,15.8384],[-16.0467,18.2231],[-16.5145,19.362],[-16.2104,20.2279],[-17.048,20.8062],[-16.9646,21.3292],[-13.0162,21.3339],[-13.1533,22.8205],[-12.0234,23.4676],[-12.0163,25.9954],[-8.6822,25.9955],[-8.6833,27.2859],[-4.8226,24.9956],[-6.5941,24.9946],[-5.5125,15.4963],[-9.3506,15.6774],[-10.9482,15.1511],[-11.5027,15.6368],[-12.2806,14.809]]]]}},{"type":"Feature","properties":{"iso3":"GNQ","name":"Экваториальная Гвинея"},"geometry":{"type":"MultiPolygon","coordinates":[[[[8.4343,3.3324],[8.9461,3.6275],[8.704,3.2236],[8.4343,3.3324]]],[[[11.3287,2.1674],[11.3354,0.9997],[9.3859,1.1393],[9.8008,2.3044],[11.3287,2.1674]]]]}},{"type":"Feature","properties":{"iso3":"GMB","name":"Гамбия"},"geometry":{"type":"Polygon","coordinates":[[[-16.5623,13.5873],[-15.1083,13.8121],[-13.8267,13.4078],[-16.7633,13.0642],[-16.6693,13.475],[-16.4134,13.2697],[-15.4275,13.4684],[-16.5623,13.5873]]]}},{"type":"Feature","properties":{"iso3":"MDG","name":"Мадагаскар"},"geometry":{"type":"MultiPolygon","coordinates":[[[[49.3121,-12.1239],[50.4827,-15.3856],[50.185,-15.9578],[49.6644,-15.5216],[49.3629,-18.3363],[47.1773,-24.7872],[45.1152,-25.5431],[44.0354,-24.9957],[43.2648,-22.3836],[44.4047,-19.9221],[43.9794,-17.3916],[44.4762,-16.2173],[46.3996,-15.9246],[47.9642,-14.6726],[47.941,-13.6624],[48.7965,-13.2675],[49.3121,-12.1239]]],[[[48.1912,-13.26],[48.3436,-13.4004],[48.2119,-13.3853],[48.1912,-13.26]]],[[[50.023,-16.6953],[49.824,-17.0865],[49.8557,-16.9332],[50.023,-16.6953]]]]}},{"type":"Feature","properties":{"iso3":"COM","name":"Коморы"},"geometry":{"type":"MultiPolygon","coordinates":[[[[44.2201,-12.1714],[44.5268,-12.2195],[44.505,-12.3565],[44.2201,-12.1714]]],[[[43.6313,-12.2471],[43.859,-12.3683],[43.6637,-12.3429],[43.6313,-12.2471]]],[[[43.393,-11.4086],[43.2267,-11.7519],[43.299,-11.3745],[43.393,-11.4086]]]]}},{"type":"Feature","properties":{"iso3":"STP","name":"Сан-Томе и Принсипи"},"geometry":{"type":"MultiPolygon","coordinates":[[[[7.4504,1.662],[7.3866,1.5416],[7.3307,1.6034],[7.4504,1.662]]],[[[6.5243,0.3403],[6.5568,0.0474],[6.5197,0.0663],[6.5243,0.3403]]]]}},{"type":"Feature","properties":{"iso3":"CPV","name":"Кабо-Верде"},"geometry":{"type":"MultiPolygon","coordinates":[[[[-24.9797,17.0947],[-25.3371,17.091],[-25.0347,17.1765],[-24.9797,17.0947]]],[[[-23.4442,15.008],[-23.7054,14.9613],[-23.7481,15.3285],[-23.4442,15.008]]],[[[-24.9365,16.9221],[-25.02,16.7972],[-25.0931,16.8325],[-24.9365,16.9221]]],[[[-22.9593,16.0451],[-22.6926,16.169],[-22.7101,16.0434],[-22.9593,16.0451]]],[[[-24.3295,15.0195],[-24.4405,14.8348],[-24.4969,14.9803],[-24.3295,15.0195]]],[[[-24.3767,16.6778],[-24.3224,16.4931],[-24.3981,16.6184],[-24.3767,16.6778]]],[[[-22.8883,16.6591],[-22.9806,16.7009],[-22.9329,16.841],[-22.8883,16.6591]]],[[[-23.1193,15.2684],[-23.2518,15.1781],[-23.2103,15.3235],[-23.1193,15.2684]]]]}},{"type":"Feature","properties":{"iso3":"FRA","name":"Франция"},"geometry":{"type":"MultiPolygon","coordinates":[[[[9.4633,42.981],[9.5507,42.1297],[9.1861,41.3849],[8.5656,42.3577],[9.4633,42.981]]],[[[7.6156,47.5927],[5.97,46.2147],[6.7761,46.4066],[7.1534,45.4009],[6.6348,45.0682],[7.4932,43.7671],[6.1159,43.0724],[3.9108,43.5631],[3.0518,42.9151],[3.2114,42.4312],[2.0327,42.3535],[-1.4608,43.0518],[-1.794,43.4073],[-1.081,45.5324],[-0.8263,45.3807],[-0.6911,45.0935],[-0.5485,45.0006],[-1.1463,46.3114],[-2.0594,46.8103],[-1.7425,47.216],[-4.3121,47.8229],[-4.7625,48.4502],[-1.3765,48.6526],[-1.8564,49.6838],[0.4169,49.4484],[1.5928,50.2522],[1.6723,50.885],[2.5249,51.0971],[4.1761,49.9603],[8.1349,48.9736],[7.6156,47.5927]]],[[[-1.1783,45.9041],[-1.2136,45.8166],[-1.3887,46.0504],[-1.1783,45.9041]]],[[[45.2231,-12.7521],[45.0694,-12.8956],[45.0924,-12.653],[45.2231,-12.7521]]],[[[55.7974,-21.3394],[55.3627,-21.2736],[55.3113,-20.9041],[55.6619,-20.9062],[55.7974,-21.3394]]],[[[-60.9271,14.7552],[-61.0637,14.4671],[-61.2133,14.8486],[-60.9271,14.7552]]],[[[-61.4712,16.5066],[-61.5222,16.228],[-61.5289,16.4338],[-61.4712,16.5066]]],[[[-61.5523,16.2709],[-61.7594,16.0621],[-61.748,16.3553],[-61.5523,16.2709]]],[[[-61.25,16.0063],[-61.3107,15.8947],[-61.3184,15.9549],[-61.25,16.0063]]],[[[-54.6163,2.3268],[-53.9905,3.5896],[-54.4733,4.9147],[-53.9199,5.769],[-51.8275,4.6357],[-51.6525,4.0613],[-52.7006,2.3637],[-54.6163,2.3268]]]]}},{"type":"Feature","properties":{"iso3":"UKR","name":"Украина"},"geometry":{"type":"MultiPolygon","coordinates":[[[[34.7991,45.8105],[34.7997,45.7908],[34.7786,45.9046],[34.7991,45.8105]]],[[[34.5446,45.977],[34.5773,45.9957],[34.6516,45.977],[34.5446,45.977]]],[[[34.1207,46.1062],[34.0267,46.1067],[33.818,46.2031],[34.1207,46.1062]]],[[[33.6152,46.2262],[33.6543,46.1462],[33.5765,46.093],[33.6152,46.2262]]],[[[31.8621,46.5249],[31.6236,46.5103],[31.5549,46.5543],[31.8621,46.5249]]],[[[32.9491,46.8579],[31.9396,46.982],[31.7592,47.2128],[31.8729,46.6498],[30.7963,46.552],[29.6284,45.7225],[29.7059,45.2599],[28.4513,45.2922],[28.9584,46.4585],[30.1311,46.4231],[29.1254,47.9646],[27.5492,48.4777],[24.8934,47.7178],[22.8767,47.9473],[22.1429,48.5685],[24.0899,50.5305],[23.6086,51.6105],[25.0667,51.9305],[30.5445,51.265],[30.9807,52.0462],[33.7353,52.3448],[34.3979,51.7804],[34.2139,51.2554],[35.3119,51.0439],[35.5911,50.3687],[37.4229,50.4115],[38.0936,49.8461],[37.9585,49.2847],[36.6893,48.7761],[36.5848,47.8474],[34.8551,48.133],[34.9454,47.5296],[33.0927,47.5788],[32.9491,46.8579]]],[[[38.2218,49.9791],[38.1627,49.9545],[38.1879,50.034],[38.2218,49.9791]]],[[[38.3767,49.9982],[38.3505,50.0069],[38.3511,50.0099],[38.3767,49.9982]]],[[[38.7529,49.897],[38.7448,49.8974],[38.7329,49.9076],[38.7529,49.897]]],[[[38.788,49.8796],[38.7812,49.8823],[38.7809,49.8825],[38.788,49.8796]]],[[[38.9184,49.8247],[39.0145,49.8192],[38.9307,49.7968],[38.9184,49.8247]]],[[[39.1142,49.8416],[39.0668,49.8156],[39.0382,49.8212],[39.1142,49.8416]]],[[[39.2308,49.8048],[39.2277,49.8074],[39.2285,49.8082],[39.2308,49.8048]]],[[[39.266,49.7679],[39.2509,49.7765],[39.2497,49.7793],[39.266,49.7679]]],[[[39.7136,49.6063],[39.6603,49.6149],[39.6338,49.647],[39.7136,49.6063]]],[[[39.8769,49.5677],[39.9445,49.5868],[39.7847,49.5718],[39.8769,49.5677]]],[[[40.0941,49.5416],[40.0578,49.4372],[40.0378,49.5186],[40.0941,49.5416]]],[[[40.0896,49.4024],[40.0783,49.4099],[40.0704,49.42],[40.0896,49.4024]]],[[[39.9818,49.1339],[40.0311,49.1798],[40.0457,49.182],[39.9818,49.1339]]],[[[39.6932,49.0505],[39.6783,48.9891],[39.6637,49.0009],[39.6932,49.0505]]],[[[39.8327,48.8882],[39.827,48.8865],[39.8258,48.8905],[39.8327,48.8882]]],[[[39.8046,48.8437],[39.7844,48.8018],[39.7797,48.81],[39.8046,48.8437]]],[[[39.8575,48.4842],[39.8669,48.4598],[39.8486,48.5029],[39.8575,48.4842]]],[[[39.8408,48.329],[39.848,48.3092],[39.8412,48.3101],[39.8408,48.329]]],[[[39.9182,48.2819],[39.9307,48.2778],[39.9104,48.2714],[39.9182,48.2819]]],[[[39.9413,48.2199],[39.942,48.2286],[39.951,48.2288],[39.9413,48.2199]]],[[[39.8167,48.0405],[39.7994,48.0083],[39.7765,48.0389],[39.8167,48.0405]]],[[[39.4234,47.8346],[39.4778,47.8607],[39.507,47.837],[39.4234,47.8346]]],[[[39.3554,47.8727],[39.1585,47.8374],[39.1107,47.8427],[39.3554,47.8727]]],[[[38.879,47.876],[38.9003,47.8551],[38.8247,47.8402],[38.879,47.876]]],[[[38.7906,47.7994],[38.7889,47.8159],[38.8045,47.8159],[38.7906,47.7994]]],[[[38.7836,47.7911],[38.784,47.7917],[38.7844,47.792],[38.7836,47.7911]]],[[[38.666,47.6815],[38.6654,47.6986],[38.6938,47.6986],[38.666,47.6815]]],[[[38.6465,47.6696],[38.6295,47.6622],[38.6293,47.6694],[38.6465,47.6696]]],[[[38.5109,47.6224],[38.4565,47.644],[38.5775,47.6447],[38.5109,47.6224]]],[[[38.3688,47.61],[38.3506,47.5986],[38.4502,47.6171],[38.3688,47.61]]],[[[38.3108,47.5738],[38.3108,47.5761],[38.3146,47.5762],[38.3108,47.5738]]],[[[38.2386,47.2326],[38.2386,47.2223],[38.2329,47.2284],[38.2386,47.2326]]]]}},{"type":"Feature","properties":{"iso3":"BLR","name":"Белоруссия"},"geometry":{"type":"Polygon","coordinates":[[[31.7634,52.1011],[30.7553,51.8952],[30.5445,51.265],[25.7857,51.9238],[23.6053,51.5179],[23.1751,52.2866],[23.9154,52.7703],[23.4847,53.9398],[25.7492,54.157],[25.8593,54.9193],[26.7757,55.2731],[26.5936,55.6675],[28.1179,56.1458],[30.9068,55.57],[30.7988,54.7833],[32.7064,53.4194],[31.2588,53.0167],[31.7634,52.1011]]]}},{"type":"Feature","properties":{"iso3":"LTU","name":"Литва"},"geometry":{"type":"MultiPolygon","coordinates":[[[[21.1039,55.4877],[20.8998,55.2867],[21.1148,55.6165],[21.1039,55.4877]]],[[[23.5591,53.9198],[22.5673,55.0591],[21.2357,55.2641],[21.0461,56.0701],[24.841,56.4112],[26.7757,55.2731],[25.8593,54.9193],[25.6806,54.1405],[23.5591,53.9198]]]]}},{"type":"Feature","properties":{"iso3":"RUS","name":"Россия"},"geometry":{"type":"MultiPolygon","coordinates":[[[[145.8939,43.4198],[145.9312,43.457],[145.9436,43.4265],[145.8939,43.4198]]],[[[146.3498,43.6441],[146.2882,43.6254],[146.2738,43.6298],[146.3498,43.6441]]],[[[146.0456,43.4093],[146.0489,43.4336],[146.1008,43.4402],[146.0456,43.4093]]],[[[137.1786,55.1004],[136.9027,54.9606],[136.7146,54.9562],[137.1786,55.1004]]],[[[150.5111,59.0074],[150.6662,59.1602],[150.7277,59.0952],[150.5111,59.0074]]],[[[119.9645,73.1677],[119.7921,73.0454],[119.6404,73.1243],[119.9645,73.1677]]],[[[124.4817,73.8479],[124.3365,73.9284],[124.6529,73.888],[124.4817,73.8479]]],[[[106.1511,78.1986],[106.0236,78.2201],[106.7196,78.2942],[106.1511,78.1986]]],[[[107.3022,77.2415],[107.3664,77.3466],[107.6795,77.2683],[107.3022,77.2415]]],[[[97.3816,76.7067],[97.3417,76.6289],[97.3104,76.6896],[97.3816,76.7067]]],[[[96.7979,76.1884],[96.8353,76.3448],[97.053,76.3026],[96.7979,76.1884]]],[[[100.1359,79.6142],[99.9558,79.6903],[100.3003,79.6703],[100.1359,79.6142]]],[[[76.7561,73.4458],[76.2345,73.4762],[76.0831,73.5235],[76.2507,73.5553],[76.7561,73.4458]]],[[[82.71,74.0909],[82.3815,74.0992],[82.3294,74.1311],[82.71,74.0909]]],[[[84.8729,74.5155],[84.4289,74.4303],[84.3895,74.4544],[84.8729,74.5155]]],[[[86.2586,74.8935],[87.0006,74.9919],[87.1243,74.9399],[86.2586,74.8935]]],[[[59.075,81.3977],[58.719,81.3135],[58.6102,81.3373],[59.075,81.3977]]],[[[-180.0,68.9834],[-175.3452,67.6781],[-174.9249,66.6231],[-174.065,66.2296],[-173.774,66.4347],[-174.5501,67.0906],[-171.7956,66.9317],[-169.7292,66.0581],[-171.4512,65.7942],[-171.17,65.5021],[-172.7833,65.6811],[-172.2132,65.0481],[-173.0662,64.8472],[-172.3788,64.4315],[-173.1574,64.2797],[-175.4421,64.8167],[-176.0933,65.471],[-178.4125,65.4956],[-178.9391,66.0328],[-178.5266,66.4016],[-179.6833,66.1841],[-179.3521,65.5167],[-180.0,65.0672],[-180.0,68.9834]]],[[[130.658,42.3278],[130.4248,42.7271],[131.2573,43.3781],[130.9816,44.8443],[131.8519,45.3269],[133.1135,45.1307],[134.6652,48.2539],[130.9619,47.7093],[130.5531,48.8612],[127.5508,49.8018],[126.0481,52.7395],[123.6078,53.5465],[120.0945,52.7872],[120.6814,51.973],[119.2599,50.0664],[117.8734,49.5135],[114.2971,50.2744],[110.7098,49.143],[108.6137,49.3228],[106.7111,50.3126],[103.3044,50.2003],[102.2884,50.5851],[102.1115,51.3535],[98.8932,52.1173],[97.8357,51.0517],[98.2503,50.3024],[97.3598,49.7415],[92.3548,50.8642],[87.4167,49.0766],[86.6755,49.7773],[85.2326,49.6158],[83.3573,50.9946],[81.4659,50.7398],[80.7353,51.2934],[79.9862,50.7746],[77.86,53.2692],[76.4848,54.0226],[76.8373,54.4424],[73.4069,53.4476],[73.7124,54.0424],[71.0932,54.2122],[70.7381,55.3052],[68.9772,55.3896],[65.0884,54.3402],[61.2311,54.0195],[61.1992,53.2872],[62.0827,53.0054],[61.0475,52.9725],[60.9945,52.3369],[60.0303,51.9333],[61.5547,51.3246],[60.9423,50.6955],[59.523,50.4929],[57.8389,51.0917],[55.6862,50.5829],[54.6416,51.0116],[54.5553,50.5358],[53.3381,51.4824],[50.7939,51.7292],[48.6251,50.6127],[48.759,49.9283],[47.4292,50.358],[46.6609,48.4123],[48.167,47.7088],[48.9594,46.7746],[48.5412,46.6056],[49.2459,46.2916],[47.4633,45.6797],[46.7161,44.5607],[47.4628,43.555],[47.6465,43.8846],[47.4632,43.0351],[48.5729,41.8445],[47.8611,41.2127],[44.871,42.7564],[39.9783,43.4198],[36.6276,45.1513],[37.6472,45.3772],[38.4923,46.0905],[37.7665,46.6361],[39.1957,47.2688],[34.7786,45.9046],[35.4575,45.3163],[36.575,45.3936],[33.7557,44.3989],[33.5552,45.0977],[32.508,45.4038],[33.6648,45.9471],[33.6687,46.2189],[32.7532,45.8277],[31.1591,46.4097],[32.9491,46.8579],[33.0927,47.5788],[34.9454,47.5296],[34.8551,48.133],[36.5848,47.8474],[36.6893,48.7761],[37.9585,49.2847],[38.0936,49.8461],[37.4229,50.4115],[35.5911,50.3687],[35.3119,51.0439],[34.2139,51.2554],[34.3979,51.7804],[33.8188,52.3156],[31.7634,52.1011],[31.2588,53.0167],[32.7064,53.4194],[30.7988,54.7833],[30.9068,55.57],[28.2843,56.0559],[27.6395,56.8457],[27.4342,58.7873],[28.058,59.7815],[30.1727,59.9571],[27.7977,60.5361],[31.5365,62.9216],[29.9915,63.7352],[30.5261,64.0773],[29.6042,64.9684],[30.0875,65.7865],[29.0662,66.8917],[29.9881,67.6683],[28.6852,68.1898],[28.4141,68.9042],[31.9846,69.9537],[33.4543,69.4282],[33.1412,69.0687],[35.8579,69.1917],[40.9664,67.7135],[41.189,66.8262],[38.6539,66.069],[34.4826,66.5503],[32.9305,67.0868],[31.8953,67.1614],[34.6918,65.9519],[34.4064,65.3958],[35.0354,64.4402],[37.4422,63.8134],[38.0622,64.091],[36.5787,64.791],[36.8828,65.1724],[39.758,64.5771],[40.4449,64.7787],[39.8165,65.5979],[42.2105,66.5197],[44.1044,66.0086],[44.4293,66.9377],[43.7824,67.2545],[44.2047,68.2538],[43.3332,68.6734],[45.892,68.4797],[46.6904,67.8488],[44.9021,67.4131],[46.4924,66.8002],[48.7543,67.8959],[53.802,68.9959],[54.4912,68.9923],[53.2605,68.2675],[59.0573,69.0061],[59.099,68.4443],[59.7257,68.3516],[60.9336,68.9868],[60.1706,69.5909],[60.9091,69.8471],[68.5042,68.3484],[69.1405,68.9506],[67.6241,69.5844],[67.0645,69.6937],[66.8967,69.5538],[67.2848,70.7387],[66.6396,71.0814],[68.2692,71.6828],[69.3914,72.9555],[71.5002,72.9137],[72.8121,72.6914],[71.8673,71.4574],[72.7045,70.9632],[72.5768,68.9687],[73.5917,68.4819],[71.5396,66.6831],[69.0135,66.7883],[69.9824,66.4014],[72.0676,66.2533],[74.7695,67.7664],[74.3914,68.4206],[75.1246,68.8617],[76.4592,68.9783],[77.2385,68.4696],[77.1744,67.7785],[78.9225,67.5891],[77.5883,67.7519],[77.9951,68.2595],[77.6507,68.903],[73.7757,69.1982],[73.5781,69.803],[74.3434,70.5787],[73.0862,71.4449],[74.9922,72.1448],[74.7868,72.8119],[75.6035,72.5811],[75.2803,71.4301],[75.7336,71.2659],[78.3206,70.9304],[79.0154,70.9502],[76.0324,71.9104],[78.1869,71.9071],[77.4108,72.1078],[78.4826,72.395],[83.1066,71.7205],[82.1632,70.5981],[83.0102,70.8954],[82.6823,70.2177],[83.0808,70.093],[83.7359,70.5465],[83.1513,71.1036],[83.5344,71.6839],[80.8271,72.4883],[80.5832,73.5685],[86.893,73.8871],[85.7926,73.4383],[85.8182,73.327],[86.6771,73.1068],[85.9101,73.3904],[87.5712,73.8107],[86.0014,74.316],[87.2297,74.3639],[85.791,74.6451],[87.4676,75.0132],[87.006,75.1698],[94.1563,75.9592],[92.8586,75.9795],[93.2593,76.0988],[96.4971,75.8912],[98.662,76.2427],[99.5407,75.7986],[99.8254,76.1359],[98.8057,76.4807],[101.5978,76.4392],[100.9059,76.9007],[104.0146,77.7304],[106.0596,77.3905],[104.2024,77.1018],[107.4298,76.9266],[106.4136,76.5123],[111.1148,76.723],[113.8572,75.9213],[112.4661,75.8437],[113.7262,75.4506],[112.9249,75.015],[105.1439,72.7771],[110.8682,73.7307],[109.6656,73.8002],[110.2614,74.0174],[113.0328,73.9139],[113.4909,73.3461],[113.1278,72.8307],[113.3122,72.6574],[113.6646,72.6345],[113.2155,72.8059],[114.0605,73.5847],[118.4502,73.5898],[119.7504,72.9791],[122.5375,72.8778],[124.5412,73.7513],[129.1006,73.1124],[128.599,72.8952],[129.2504,72.7052],[128.4183,72.5352],[129.2835,72.092],[127.7261,72.4132],[131.0216,70.7461],[132.6539,71.926],[137.9396,71.1334],[138.2342,71.5963],[139.9842,71.4915],[139.3593,71.9514],[140.1877,72.1913],[139.1408,72.3297],[141.0793,72.5869],[140.8082,72.891],[146.2529,72.4422],[144.4707,72.1748],[146.8318,72.2954],[145.1886,71.6958],[147.2618,72.3279],[149.5016,72.1643],[150.0169,71.8957],[148.9233,71.7146],[152.5088,70.8345],[158.7021,70.935],[159.9118,70.5061],[159.8325,69.785],[160.9107,69.6063],[161.0355,69.0982],[161.3406,68.9052],[160.8561,68.5383],[161.5656,68.9052],[161.5369,69.3795],[163.2014,69.7147],[167.8568,69.7282],[170.5376,68.8254],[170.9967,69.1347],[170.1609,69.6266],[170.4868,70.1076],[175.9215,69.8953],[180.0,68.9834],[180.0,65.0672],[178.5195,64.603],[176.8809,65.0819],[176.341,65.0473],[177.2229,64.8617],[176.0611,64.9609],[174.5488,64.6839],[176.0565,64.9047],[178.2295,64.3644],[179.5705,62.7735],[179.1207,62.3204],[177.0235,62.7772],[172.8565,61.4692],[170.351,59.9655],[169.2268,60.5959],[166.273,59.8563],[166.3521,60.4848],[164.9537,59.8436],[163.7438,60.028],[161.9601,58.0769],[163.2258,57.7904],[162.7615,57.2439],[163.3355,56.2325],[162.085,56.0896],[161.7239,55.4961],[162.1056,54.7521],[160.0744,54.1892],[160.0251,53.1296],[158.4721,53.0324],[158.1035,51.8096],[156.7478,50.9693],[155.5639,55.1991],[155.9825,56.6952],[156.8299,57.7796],[158.2752,58.009],[162.0682,60.4664],[163.71,60.9168],[164.2072,62.2922],[165.3966,62.4939],[163.3317,62.5509],[163.0853,61.5706],[160.1736,60.6384],[160.3789,61.0255],[159.7904,60.9566],[160.3094,61.8944],[157.0842,61.6757],[154.2931,59.8333],[155.1604,59.1901],[151.3268,58.8751],[152.2606,59.2236],[149.6426,59.7704],[148.7267,59.2579],[142.0254,58.9997],[135.2115,54.8408],[136.7973,54.621],[136.8026,53.782],[137.1416,54.1822],[137.666,54.2833],[137.2537,53.5461],[138.5279,53.9599],[138.4507,53.537],[138.6572,54.2983],[139.7074,54.2771],[141.3737,53.2928],[140.8396,53.0879],[141.4853,52.1785],[140.5209,50.8002],[140.1133,48.4227],[135.1311,43.5257],[133.16,42.697],[131.939,43.302],[130.658,42.3278]],[[38.2386,47.2223],[38.2386,47.2326],[38.2329,47.2284],[38.2386,47.2223]],[[38.3146,47.5762],[38.3108,47.5761],[38.3108,47.5738],[38.3146,47.5762]],[[38.3688,47.61],[38.4502,47.6171],[38.3506,47.5986],[38.3688,47.61]],[[38.5109,47.6224],[38.5775,47.6447],[38.4565,47.644],[38.5109,47.6224]],[[38.6295,47.6622],[38.6465,47.6696],[38.6293,47.6694],[38.6295,47.6622]],[[38.6938,47.6986],[38.6654,47.6986],[38.666,47.6815],[38.6938,47.6986]],[[38.7844,47.792],[38.784,47.7917],[38.7836,47.7911],[38.7844,47.792]],[[38.7906,47.7994],[38.7889,47.8159],[38.7902,47.7997],[38.7906,47.7994]],[[38.879,47.876],[39.0578,47.8485],[39.1095,47.8428],[38.879,47.876]],[[39.3554,47.8727],[39.391,47.8337],[39.4099,47.8343],[39.3554,47.8727]],[[39.507,47.837],[39.4778,47.8607],[39.4234,47.8346],[39.507,47.837]],[[39.7994,48.0083],[39.8167,48.0405],[39.7765,48.0389],[39.7994,48.0083]],[[39.951,48.2288],[39.942,48.2286],[39.9413,48.2199],[39.951,48.2288]],[[39.9182,48.2819],[39.9104,48.2714],[39.9307,48.2778],[39.9182,48.2819]],[[39.848,48.3092],[39.8408,48.329],[39.8412,48.3101],[39.848,48.3092]],[[39.8575,48.4842],[39.8486,48.5029],[39.8669,48.4598],[39.8575,48.4842]],[[39.8046,48.8437],[39.9041,48.7938],[39.9388,48.7996],[39.8046,48.8437]],[[39.8258,48.8905],[39.827,48.8865],[39.8327,48.8882],[39.8258,48.8905]],[[39.6932,49.0505],[39.7595,49.0366],[39.8852,49.0631],[39.6932,49.0505]],[[40.0457,49.182],[40.0311,49.1798],[39.9818,49.1339],[40.0457,49.182]],[[40.0704,49.42],[40.0783,49.4099],[40.0896,49.4024],[40.0704,49.42]],[[40.0578,49.4372],[40.0941,49.5416],[40.0378,49.5186],[40.0578,49.4372]],[[39.8769,49.5677],[39.7847,49.5718],[39.9445,49.5868],[39.8769,49.5677]],[[39.6338,49.647],[39.6603,49.6149],[39.7136,49.6063],[39.6338,49.647]],[[39.2497,49.7793],[39.2509,49.7765],[39.266,49.7679],[39.2497,49.7793]],[[39.2285,49.8082],[39.2277,49.8074],[39.2308,49.8048],[39.2285,49.8082]],[[39.0382,49.8212],[39.0668,49.8156],[39.1142,49.8416],[39.0382,49.8212]],[[38.9184,49.8247],[38.9307,49.7968],[39.0145,49.8192],[38.9184,49.8247]],[[38.7809,49.8825],[38.7812,49.8823],[38.788,49.8796],[38.7809,49.8825]],[[38.7329,49.9076],[38.7448,49.8974],[38.7529,49.897],[38.7329,49.9076]],[[38.3511,50.0099],[38.3505,50.0069],[38.3767,49.9982],[38.3511,50.0099]],[[38.2218,49.9791],[38.1627,49.9545],[38.1322,49.9246],[38.2218,49.9791]],[[34.0267,46.1067],[34.1409,46.0913],[33.818,46.2031],[34.0267,46.1067]],[[34.6516,45.977],[34.5773,45.9957],[34.5446,45.977],[34.6516,45.977]]],[[[46.7991,80.7552],[48.6836,80.6333],[44.905,80.6113],[46.7991,80.7552]]],[[[49.0878,80.5158],[51.7036,80.6876],[46.6444,80.3003],[49.0878,80.5158]]],[[[68.9417,76.7077],[61.356,75.3148],[58.5347,74.4989],[56.6342,73.3043],[53.7629,73.7662],[56.4987,74.9571],[55.8101,75.1249],[61.2017,76.282],[67.535,77.0078],[68.9417,76.7077]]],[[[53.3576,73.2246],[56.4296,73.2012],[55.2979,71.9354],[57.6254,70.7288],[53.7224,70.8145],[54.1557,71.1255],[53.4116,71.5301],[51.4387,71.7768],[53.3576,73.2246]]],[[[93.0651,80.9885],[97.8564,80.6981],[93.8724,80.0101],[91.5238,80.3585],[93.0651,80.9885]]],[[[97.9036,80.095],[97.5913,79.775],[99.9466,79.849],[99.0418,79.293],[99.9293,78.9614],[93.0708,79.4953],[94.9873,80.0968],[97.9036,80.095]]],[[[102.8848,79.254],[102.4123,78.8354],[103.8008,79.1493],[105.3427,78.5939],[99.2871,78.0381],[101.5906,79.3504],[102.8848,79.254]]],[[[138.2076,76.1149],[141.4854,76.1372],[145.36,75.5305],[144.0197,75.0447],[142.3079,75.6917],[143.1279,74.9703],[139.0991,74.6565],[136.9477,75.3255],[138.2076,76.1149]]],[[[146.1485,75.1983],[148.4324,75.4135],[150.8224,75.1565],[149.0502,74.7725],[146.1485,75.1983]]],[[[178.7926,70.8221],[178.8911,71.2311],[180.0,71.5377],[180.0,70.993],[178.7926,70.8221]]],[[[142.9762,54.141],[143.1906,51.9445],[144.7138,48.6403],[144.0487,49.2492],[143.105,49.1988],[142.5569,47.7379],[143.5807,46.3607],[143.4316,46.0287],[142.578,46.7008],[142.0771,45.917],[142.2067,51.2226],[141.6608,52.2729],[141.8524,53.3895],[142.6796,53.6744],[142.335,54.2807],[142.9762,54.141]]],[[[-180.0,71.5377],[-177.4985,71.2191],[-180.0,70.993],[-180.0,71.5377]]],[[[35.7291,65.1976],[35.7787,64.9767],[35.5289,65.1511],[35.7291,65.1976]]],[[[42.6314,66.7822],[42.4773,66.7351],[42.4601,66.7704],[42.6314,66.7822]]],[[[52.7322,71.4037],[53.121,70.982],[52.2398,71.325],[52.7322,71.4037]]],[[[167.8826,54.6905],[167.4881,54.795],[167.4415,54.8559],[167.8826,54.6905]]],[[[160.5658,70.9238],[160.4369,70.851],[160.4404,70.9227],[160.5658,70.9238]]],[[[161.4225,68.8997],[161.0828,69.4057],[161.5052,69.6395],[161.3509,69.3693],[161.4225,68.8997]]],[[[152.7863,76.0858],[152.5586,76.1436],[152.8351,76.1852],[152.7863,76.0858]]],[[[149.1502,76.6599],[148.7196,76.7466],[149.4064,76.7821],[149.1502,76.6599]]],[[[137.9599,71.5077],[137.2655,71.4559],[137.0641,71.5299],[137.9599,71.5077]]],[[[107.5083,78.1894],[107.4816,78.0578],[106.4155,78.1398],[107.5083,78.1894]]],[[[112.3941,76.6438],[112.6608,76.5096],[111.9689,76.6262],[112.3941,76.6438]]],[[[95.3799,76.2891],[96.3006,76.1217],[95.3111,76.2147],[95.3799,76.2891]]],[[[96.5619,77.1541],[95.8547,76.975],[95.2703,77.0188],[96.5619,77.1541]]],[[[89.5143,77.1888],[89.1417,77.2268],[89.6796,77.2803],[89.5143,77.1888]]],[[[74.9615,73.0625],[74.1807,72.9753],[74.1002,73.0215],[74.9615,73.0625]]],[[[75.8271,73.4591],[75.5697,73.5406],[76.0516,73.5493],[75.8271,73.4591]]],[[[83.1498,74.1516],[83.4106,74.0396],[82.8178,74.0916],[83.1498,74.1516]]],[[[67.3289,69.5721],[67.0979,69.4472],[67.0259,69.4832],[67.3289,69.5721]]],[[[66.5686,70.5015],[66.4076,70.6158],[66.4402,70.7727],[66.5686,70.5015]]],[[[70.0767,66.6959],[69.6514,66.5653],[69.4693,66.716],[70.0767,66.6959]]],[[[50.3191,80.1724],[49.5883,80.1361],[49.5561,80.1589],[50.3191,80.1724]]],[[[51.4352,79.9319],[50.4541,79.9244],[50.0914,79.9806],[50.9363,80.0942],[51.4352,79.9319]]],[[[50.616,81.0413],[50.3685,81.1225],[50.9462,81.1082],[50.616,81.0413]]],[[[55.1951,80.2268],[54.9797,80.2564],[55.4797,80.2738],[55.1951,80.2268]]],[[[54.2759,80.4213],[53.8119,80.4762],[54.4373,80.4987],[54.2759,80.4213]]],[[[59.3307,79.923],[58.9192,79.9846],[59.911,79.9943],[59.3307,79.923]]],[[[58.7615,80.991],[58.2856,80.7649],[57.2109,81.0171],[58.0495,81.1185],[58.7615,80.991]]],[[[47.9871,45.5541],[47.9203,45.5621],[47.9472,45.6471],[47.9871,45.5541]]],[[[50.283,69.0889],[48.667,68.7332],[48.2788,69.0403],[48.9533,69.5093],[50.283,69.0889]]],[[[64.5483,80.7554],[62.5203,80.8219],[65.4374,80.9307],[64.5483,80.7554]]],[[[58.3979,80.3187],[57.0111,80.4683],[59.2555,80.3432],[58.3979,80.3187]]],[[[62.2277,80.7944],[61.0513,80.4186],[59.2882,80.5727],[59.7158,80.8364],[62.2277,80.7944]]],[[[61.5674,81.0503],[60.3211,80.9555],[60.0582,80.9846],[61.5674,81.0503]]],[[[53.8517,80.2684],[52.3436,80.2132],[52.2134,80.2637],[53.8517,80.2684]]],[[[56.0244,80.3413],[56.9869,80.0715],[55.724,80.1047],[56.0244,80.3413]]],[[[55.466,81.3112],[58.5639,81.4184],[57.451,81.1355],[55.466,81.3112]]],[[[54.0454,80.872],[56.4723,80.9982],[57.6941,80.7923],[54.0454,80.872]]],[[[63.7824,81.6498],[62.885,81.6089],[62.1064,81.6793],[63.7824,81.6498]]],[[[59.3564,81.759],[57.9093,81.7219],[58.1346,81.828],[59.3564,81.759]]],[[[93.8031,79.9045],[92.1537,79.6847],[91.0703,79.9815],[93.8031,79.9045]]],[[[91.5672,81.1412],[89.9758,81.1131],[89.9012,81.1707],[91.5672,81.1412]]],[[[141.0103,73.9995],[140.1016,74.1843],[141.0795,74.2093],[141.0103,73.9995]]],[[[141.0848,73.8659],[143.4913,73.2464],[139.6855,73.4257],[141.0848,73.8659]]],[[[136.0205,75.4384],[135.6986,75.8453],[136.1689,75.6056],[136.0205,75.4384]]],[[[136.2592,73.985],[135.4024,74.2017],[135.387,74.2534],[136.2592,73.985]]],[[[137.5773,55.197],[138.2062,55.0335],[137.2329,54.7906],[137.5773,55.197]]],[[[169.4336,69.8322],[168.348,69.6644],[167.7889,69.8369],[169.4336,69.8322]]],[[[163.4714,58.5094],[163.7609,59.015],[164.5727,59.2211],[164.6157,58.8856],[163.4714,58.5094]]],[[[166.6451,54.6941],[165.9919,55.1905],[165.7511,55.2945],[166.2758,55.312],[166.6451,54.6941]]],[[[154.8299,49.3479],[154.613,49.3806],[154.8996,49.6304],[154.8299,49.3479]]],[[[156.4831,50.7512],[156.168,50.7319],[156.4559,50.8596],[156.4831,50.7512]]],[[[156.0444,50.4518],[155.1951,50.2646],[156.0969,50.7719],[156.0444,50.4518]]],[[[154.043,48.7388],[154.1264,48.9044],[154.2284,48.8921],[154.043,48.7388]]],[[[155.6396,50.9105],[155.4835,50.8696],[155.4674,50.9136],[155.6396,50.9105]]],[[[153.1011,47.7629],[152.9843,47.7279],[153.0792,47.8087],[153.1011,47.7629]]],[[[151.8156,46.7871],[151.7153,46.8527],[152.2889,47.1422],[151.8156,46.7871]]],[[[149.5389,45.5914],[149.9623,46.0219],[150.5531,46.2085],[150.195,45.9332],[149.5389,45.5914]]],[[[148.5995,45.3176],[147.6578,44.9771],[146.8975,44.4043],[147.924,45.3833],[148.5995,45.3176]]],[[[146.683,43.7164],[146.622,43.813],[146.899,43.8042],[146.683,43.7164]]],[[[146.1121,44.5001],[146.5678,44.4404],[145.4393,43.7371],[146.1121,44.5001]]],[[[113.3872,74.4004],[112.7824,74.0951],[111.5034,74.3531],[112.0845,74.549],[113.3872,74.4004]]],[[[76.0516,79.6447],[76.4674,79.6432],[77.589,79.5019],[76.6495,79.4934],[76.0516,79.6447]]],[[[80.3448,80.8679],[79.2174,80.9604],[80.4279,80.9277],[80.3448,80.8679]]],[[[71.6262,73.174],[70.0407,73.0372],[69.9201,73.0845],[70.9402,73.5144],[71.6262,73.174]]],[[[77.7809,72.3085],[76.8711,72.317],[78.3651,72.4824],[77.7809,72.3085]]],[[[79.4307,72.7107],[78.8806,72.7516],[78.6332,72.8507],[79.1643,73.0943],[79.4307,72.7107]]],[[[81.9266,75.41],[81.9785,75.2471],[81.5006,75.3679],[81.9266,75.41]]],[[[60.4807,69.8855],[59.637,69.721],[58.473,70.2668],[59.048,70.4605],[60.4807,69.8855]]],[[[20.9578,55.2789],[20.5948,54.9824],[22.5673,55.0591],[22.7662,54.3568],[19.6044,54.4592],[20.9578,55.2789]]]]}},{"type":"Feature","properties":{"iso3":"CZE","name":"Чехия"},"geometry":{"type":"Polygon","coordinates":[[[18.8322,49.5108],[16.9531,48.5988],[14.9935,49.0011],[14.1898,48.5786],[12.0898,50.3018],[14.9938,51.0144],[18.8322,49.5108]]]}},{"type":"Feature","properties":{"iso3":"DEU","name":"Германия"},"geometry":{"type":"MultiPolygon","coordinates":[[[[13.0144,47.4781],[7.5654,47.6065],[8.1349,48.9736],[6.3443,49.4527],[5.9487,51.8027],[7.0196,52.266],[6.6916,52.5302],[7.2064,53.6545],[9.784,53.5546],[8.6449,54.295],[8.6703,54.9034],[11.0134,54.3792],[10.9178,53.9953],[12.5754,54.4674],[13.448,54.1409],[13.7242,54.1532],[14.9639,51.0951],[12.0897,50.2686],[13.7854,48.5875],[12.7604,48.107],[13.0144,47.4781]]],[[[13.4228,54.6993],[13.3644,54.2458],[13.1767,54.5442],[13.4228,54.6993]]],[[[14.2114,53.9503],[13.9258,53.8791],[13.8277,54.1272],[14.2114,53.9503]]],[[[11.085,54.5334],[11.1293,54.416],[11.0117,54.4662],[11.085,54.5334]]],[[[8.3474,54.8476],[8.4052,55.0587],[8.6296,54.8917],[8.3474,54.8476]]],[[[8.51,54.7603],[8.5489,54.6882],[8.4004,54.7141],[8.51,54.7603]]]]}},{"type":"Feature","properties":{"iso3":"EST","name":"Эстония"},"geometry":{"type":"MultiPolygon","coordinates":[[[[27.352,57.5281],[24.3226,57.8706],[24.5291,58.3542],[23.7676,58.3608],[23.4944,59.1957],[28.0125,59.4843],[27.352,57.5281]]],[[[21.8623,58.4972],[22.9643,58.6057],[23.3232,58.4508],[21.9969,57.9313],[21.8623,58.4972]]],[[[23.0087,58.8339],[22.5422,58.69],[22.0562,58.9436],[22.6494,59.0871],[23.0087,58.8339]]],[[[23.3328,58.6486],[23.2604,58.54],[23.0635,58.6111],[23.3328,58.6486]]]]}},{"type":"Feature","properties":{"iso3":"LVA","name":"Латвия"},"geometry":{"type":"Polygon","coordinates":[[[26.5936,55.6675],[24.841,56.4112],[21.0461,56.0701],[21.0314,56.6366],[21.7287,57.571],[22.5546,57.7243],[23.6478,56.971],[24.3826,57.25],[24.3226,57.8706],[25.34,58.0395],[27.8286,57.2933],[28.1479,56.1429],[26.5936,55.6675]]]}},{"type":"Feature","properties":{"iso3":"NOR","name":"Норвегия"},"geometry":{"type":"MultiPolygon","coordinates":[[[[24.9414,68.5933],[20.1167,69.0209],[19.9698,68.3564],[18.303,68.5554],[17.9167,67.9649],[16.7836,67.895],[15.4838,66.306],[14.5433,66.1293],[14.4797,65.3015],[13.6503,64.5815],[14.0633,64.0955],[12.1752,63.5959],[12.1554,61.7208],[12.8808,61.3523],[12.2941,61.0027],[12.4861,60.1068],[11.6808,59.5923],[11.6428,58.9261],[10.5953,59.7646],[10.1794,59.0093],[7.0049,58.0242],[5.5173,58.7265],[6.3633,59.0009],[5.8892,59.0979],[6.4039,59.561],[5.1316,59.2265],[6.9957,60.512],[5.1458,59.6388],[5.6886,60.1232],[5.1371,60.4456],[5.6483,60.688],[5.0086,61.0382],[7.0387,60.9529],[7.6045,61.2105],[5.1067,61.1875],[4.9301,61.8783],[6.0158,61.7875],[6.7308,61.8698],[5.1432,62.1599],[8.0955,62.7318],[6.735,62.7207],[7.5719,63.0995],[8.6231,62.8462],[8.158,63.1615],[8.5762,63.6012],[10.7602,63.4613],[11.4576,64.003],[9.5673,63.7062],[12.9155,65.3393],[12.1339,65.2792],[13.0331,65.9562],[12.7838,66.1004],[14.0342,66.2976],[13.1188,66.2307],[13.2114,66.6408],[15.6915,67.5214],[14.7989,67.8093],[17.5528,68.4263],[16.5144,68.5326],[18.1015,69.1563],[18.2598,69.4706],[18.859,69.3145],[19.687,69.8047],[19.6415,69.424],[20.3242,69.9453],[20.1072,69.3412],[20.7395,69.5205],[20.6221,69.9139],[21.9747,69.8346],[21.3558,70.2334],[22.6846,70.3748],[23.3539,69.9834],[24.7647,71.0084],[25.7814,70.8168],[25.0438,70.109],[27.5971,71.0913],[28.3923,70.9753],[27.898,70.6779],[28.193,70.2486],[28.8315,70.864],[30.9606,70.3438],[28.7812,70.1454],[29.6946,69.7446],[30.9241,69.6518],[28.9658,69.022],[29.1416,69.6714],[27.7479,70.0648],[26.0725,69.6916],[24.9414,68.5933]]],[[[4.9154,61.1994],[4.799,61.0827],[4.8244,61.1782],[4.9154,61.1994]]],[[[5.0858,60.3076],[4.997,60.1978],[4.9572,60.4473],[5.0858,60.3076]]],[[[29.8358,69.9056],[29.7662,69.7675],[29.7442,69.7916],[29.8358,69.9056]]],[[[11.8754,65.7059],[11.9019,65.5957],[11.7651,65.631],[11.8754,65.7059]]],[[[8.7865,63.7035],[8.2871,63.6872],[8.7334,63.8013],[8.7865,63.7035]]],[[[8.0735,63.4708],[7.8883,63.3523],[7.804,63.4139],[8.0735,63.4708]]],[[[23.4405,70.8158],[22.8291,70.5416],[21.9945,70.6571],[22.9636,70.711],[23.4405,70.8158]]],[[[25.3149,71.0341],[25.945,71.1046],[26.1469,71.0395],[25.3149,71.0341]]],[[[23.5467,70.6171],[23.2707,70.2965],[22.9179,70.3847],[23.0225,70.4869],[23.5467,70.6171]]],[[[23.9564,70.6996],[23.8271,70.5275],[23.6633,70.6752],[23.9564,70.6996]]],[[[13.538,68.249],[14.1188,68.2468],[13.2294,67.9954],[13.538,68.249]]],[[[13.0982,67.9564],[12.824,67.8212],[13.0681,68.0713],[13.0982,67.9564]]],[[[14.8019,68.791],[15.3484,68.6724],[14.3734,68.7114],[14.8019,68.791]]],[[[19.7809,70.0774],[19.9104,70.2019],[20.0885,70.1021],[19.7809,70.0774]]],[[[20.6549,70.2309],[20.6426,70.057],[20.4051,70.1191],[20.6549,70.2309]]],[[[18.0615,69.6021],[19.6078,70.0191],[18.7848,69.579],[18.0615,69.6021]]],[[[12.7788,65.9917],[12.4295,65.8991],[12.5488,66.0019],[12.7788,65.9917]]],[[[12.5764,66.0719],[12.3273,66.0366],[12.4613,66.185],[12.5764,66.0719]]],[[[11.021,64.9787],[11.179,64.838],[10.7398,64.8703],[11.021,64.9787]]],[[[17.0018,69.3619],[18.0768,69.3958],[16.8104,69.0707],[17.0018,69.3619]]],[[[15.7604,68.5612],[16.5474,68.7166],[14.2575,68.1908],[15.4126,68.6158],[15.483,69.0435],[16.1295,69.2739],[15.7604,68.5612]]],[[[-8.0021,71.0413],[-9.0989,70.8549],[-7.9788,71.1169],[-8.0021,71.0413]]],[[[19.1829,74.5179],[19.0985,74.3521],[18.7975,74.4857],[19.1829,74.5179]]],[[[27.0076,78.6975],[26.4596,78.7203],[26.4077,78.7843],[27.0076,78.6975]]],[[[32.526,80.1191],[31.4819,80.1079],[33.6293,80.2174],[32.526,80.1191]]],[[[20.2279,78.4778],[23.452,78.1495],[23.1167,77.9915],[24.9019,77.7566],[20.9281,77.4597],[21.6531,77.9235],[20.2279,78.4778]]],[[[17.9169,80.1431],[23.008,80.474],[27.1986,79.9066],[23.9478,79.1943],[17.9169,80.1431]]],[[[16.7867,79.9067],[21.3888,78.7404],[19.1505,78.3794],[16.7005,76.5793],[13.9957,77.5082],[16.9141,77.898],[13.6806,78.0281],[17.172,78.4171],[16.4486,78.5036],[16.7826,78.6636],[13.1502,78.2375],[10.6821,79.7583],[13.6929,79.861],[12.5554,79.5695],[13.9572,79.3396],[14.8318,79.7664],[16.3438,78.9761],[15.8258,79.709],[16.7867,79.9067]]],[[[10.5582,78.9029],[11.8257,78.4361],[12.1164,78.2326],[10.5582,78.9029]]],[[[18.2917,80.3583],[18.525,80.2456],[18.1622,80.2882],[18.2917,80.3583]]],[[[28.5111,78.9673],[29.6967,78.9047],[27.8891,78.8521],[28.5111,78.9673]]]]}},{"type":"Feature","properties":{"iso3":"SWE","name":"Швеция"},"geometry":{"type":"MultiPolygon","coordinates":[[[[19.0765,57.8359],[18.9079,57.3983],[18.1464,56.9205],[18.1365,57.5566],[19.0765,57.8359]]],[[[17.1177,57.3198],[16.4123,56.569],[16.996,57.3178],[17.1177,57.3198]]],[[[11.2482,58.3691],[12.8808,61.3523],[12.1554,61.7208],[11.9999,63.2917],[12.7928,64.0],[14.1412,64.1735],[13.6503,64.5815],[14.4797,65.3015],[14.5433,66.1293],[16.4035,67.055],[16.1936,67.5052],[17.9167,67.9649],[18.1626,68.5284],[19.9698,68.3564],[20.1167,69.0209],[23.6389,67.9544],[24.1555,65.8053],[22.401,65.8621],[21.4104,65.3174],[21.5196,64.4631],[20.7627,63.8678],[17.3784,62.4628],[17.251,60.7008],[18.9904,59.8278],[17.9643,59.3594],[18.6176,59.3271],[18.2854,59.1094],[16.2143,58.6367],[16.9238,58.4926],[15.9967,56.2226],[12.8858,55.4114],[12.4712,56.2905],[12.8837,56.6177],[11.2482,58.3691]]],[[[19.1563,57.9226],[19.0393,57.911],[19.3314,57.9629],[19.1563,57.9226]]],[[[18.4855,59.1046],[18.3499,59.0226],[18.3976,59.0891],[18.4855,59.1046]]],[[[18.5724,59.5258],[18.5703,59.4373],[18.5451,59.4778],[18.5724,59.5258]]]]}},{"type":"Feature","properties":{"iso3":"FIN","name":"Финляндия"},"geometry":{"type":"MultiPolygon","coordinates":[[[[24.1555,65.8053],[23.6389,67.9544],[20.6222,69.0369],[24.9414,68.5933],[26.5254,69.915],[29.1416,69.6714],[28.4707,68.4884],[29.9881,67.6683],[29.0662,66.8917],[30.0875,65.7865],[29.6042,64.9684],[30.5261,64.0773],[29.9915,63.7352],[31.534,62.8854],[27.7977,60.5361],[22.9639,59.8264],[22.585,60.3806],[21.436,60.5964],[21.1036,62.6229],[25.2882,64.8604],[25.3479,65.4792],[24.1555,65.8053]]],[[[21.9068,60.4385],[21.8187,60.3818],[21.8272,60.4699],[21.9068,60.4385]]],[[[21.0839,63.2775],[21.2285,63.2227],[21.4156,63.1974],[21.2534,63.152],[21.0839,63.2775]]],[[[22.0771,60.2863],[22.4155,60.3034],[22.3605,60.1656],[22.0771,60.2863]]],[[[21.2681,60.6383],[21.3,60.4798],[21.2146,60.6039],[21.2681,60.6383]]],[[[21.7643,60.1988],[21.7331,60.1062],[21.695,60.1144],[21.7643,60.1988]]],[[[21.6341,60.169],[21.5406,60.0979],[21.486,60.1268],[21.6341,60.169]]],[[[24.9976,65.0387],[24.5786,64.9786],[24.786,65.0864],[24.9976,65.0387]]]]}},{"type":"Feature","properties":{"iso3":"LUX","name":"Люксембург"},"geometry":{"type":"Polygon","coordinates":[[[6.1165,50.121],[6.4873,49.7985],[6.3443,49.4527],[5.7897,49.5383],[6.1165,50.121]]]}},{"type":"Feature","properties":{"iso3":"BEL","name":"Бельгия"},"geometry":{"type":"Polygon","coordinates":[[[2.5249,51.0971],[5.8271,51.1256],[6.3645,50.3162],[5.8154,49.5538],[2.5249,51.0971]]]}},{"type":"Feature","properties":{"iso3":"MKD","name":"Северная Македония"},"geometry":{"type":"Polygon","coordinates":[[[20.5531,41.8624],[22.2397,42.3582],[22.9297,41.3561],[20.7408,40.9053],[20.5531,41.8624]]]}},{"type":"Feature","properties":{"iso3":"ALB","name":"Албания"},"geometry":{"type":"Polygon","coordinates":[[[19.3223,40.4071],[19.7034,42.6479],[20.5229,42.1715],[21.0309,40.6225],[20.2068,39.6535],[19.3223,40.4071]]]}},{"type":"Feature","properties":{"iso3":"KSV","name":"Республика Косово"},"geometry":{"type":"Polygon","coordinates":[[[20.1926,42.7546],[20.8006,43.2611],[21.7521,42.6515],[20.5785,41.8662],[20.1926,42.7546]]]}},{"type":"Feature","properties":{"iso3":"ESP","name":"Испания"},"geometry":{"type":"MultiPolygon","coordinates":[[[[1.4363,38.7682],[1.4058,38.671],[1.402,38.7114],[1.4363,38.7682]]],[[[3.1587,39.9705],[3.0729,39.3013],[2.37,39.5721],[3.1587,39.9705]]],[[[4.2258,40.0324],[3.8672,39.9587],[3.8534,40.063],[4.2258,40.0324]]],[[[1.3486,39.0808],[1.409,38.8573],[1.2233,38.9039],[1.3486,39.0808]]],[[[-1.794,43.4073],[-0.0412,42.6891],[3.2114,42.4312],[3.248,41.9442],[0.7146,40.8229],[-0.327,39.5199],[0.2016,38.7592],[-2.1115,36.7767],[-4.3668,36.7181],[-5.6255,36.0259],[-6.2168,36.9136],[-7.4062,37.1794],[-6.9979,39.0564],[-7.5357,39.6616],[-6.9754,39.7984],[-6.9285,41.0091],[-6.2125,41.532],[-8.8523,41.9269],[-9.1781,43.174],[-7.6981,43.7646],[-1.794,43.4073]]],[[[-16.1236,28.576],[-16.658,28.0072],[-16.9053,28.3396],[-16.1236,28.576]]],[[[-13.4636,29.2372],[-13.784,28.8455],[-13.8599,28.8691],[-13.4636,29.2372]]],[[[-13.928,28.2535],[-14.4918,28.1009],[-13.8572,28.738],[-13.928,28.2535]]],[[[-15.6828,28.1541],[-15.4368,27.8107],[-15.8073,27.8875],[-15.6828,28.1541]]],[[[-17.1038,28.1111],[-17.3249,28.1177],[-17.2586,28.2032],[-17.1038,28.1111]]],[[[-17.9245,27.8501],[-17.9848,27.6464],[-18.1605,27.7615],[-17.9245,27.8501]]],[[[-17.7266,28.7245],[-18.0008,28.7583],[-17.9288,28.8446],[-17.7266,28.7245]]]]}},{"type":"Feature","properties":{"iso3":"DNK","name":"Дания"},"geometry":{"type":"MultiPolygon","coordinates":[[[[12.5687,55.7851],[11.8623,54.7726],[10.9789,55.7215],[12.2189,56.1187],[12.5687,55.7851]]],[[[9.7397,54.8255],[8.6703,54.9034],[8.164,56.6069],[10.61,57.7369],[10.2827,56.6205],[10.9262,56.4433],[9.5911,55.4932],[9.7397,54.8255]]],[[[10.6451,55.6098],[10.6238,55.0524],[9.859,55.3572],[9.8606,55.5155],[10.6451,55.6098]]],[[[11.0355,54.7731],[11.7396,54.8074],[11.7659,54.6794],[11.0355,54.7731]]],[[[10.7341,54.7507],[10.6217,54.8514],[10.9511,55.1562],[10.7341,54.7507]]],[[[12.274,55.0641],[12.1845,54.8925],[12.1188,54.9144],[12.274,55.0641]]],[[[12.62,55.6793],[12.5509,55.5562],[12.5203,55.6146],[12.62,55.6793]]],[[[10.5049,54.8605],[10.3405,54.8589],[10.1999,54.9627],[10.5049,54.8605]]],[[[9.9988,54.9865],[9.8063,54.906],[9.7712,55.0599],[9.9988,54.9865]]],[[[10.6617,55.8776],[10.527,55.7838],[10.5472,55.9919],[10.6617,55.8776]]],[[[10.9346,57.3086],[11.0114,57.2291],[10.8738,57.2623],[10.9346,57.3086]]],[[[15.1326,55.1445],[14.6842,55.1022],[14.7137,55.238],[15.1326,55.1445]]]]}},{"type":"Feature","properties":{"iso3":"ROU","name":"Румыния"},"geometry":{"type":"Polygon","coordinates":[[[28.0747,45.599],[29.7059,45.2599],[28.8915,44.9187],[28.5854,43.7422],[27.0869,44.1674],[25.4971,43.6708],[22.919,43.8345],[22.7209,44.6055],[21.3601,44.8267],[20.2418,46.1086],[21.1217,46.2824],[23.1395,48.0874],[24.8934,47.7178],[26.7138,48.2635],[28.0718,46.9784],[28.0747,45.599]]]}},{"type":"Feature","properties":{"iso3":"HUN","name":"Венгрия"},"geometry":{"type":"Polygon","coordinates":[[[21.7215,48.3466],[22.8767,47.9473],[21.0398,46.2422],[17.9639,45.7703],[16.0931,46.8633],[17.1474,48.006],[21.7215,48.3466]]]}},{"type":"Feature","properties":{"iso3":"SVK","name":"Словакия"},"geometry":{"type":"Polygon","coordinates":[[[22.5387,49.0727],[22.1113,48.3934],[20.49,48.5269],[18.7242,47.7872],[16.8654,48.3869],[19.4416,49.5977],[22.5387,49.0727]]]}},{"type":"Feature","properties":{"iso3":"POL","name":"Польша"},"geometry":{"type":"Polygon","coordinates":[[[23.1751,52.2866],[24.0899,50.5305],[22.7062,49.6062],[22.8098,49.0208],[18.9684,49.3962],[17.7022,50.3072],[16.6392,50.1021],[16.2822,50.6556],[14.8094,50.859],[14.1982,53.919],[18.0856,54.8358],[18.9763,54.3489],[22.8939,54.3905],[23.8871,53.0275],[23.1751,52.2866]]]}},{"type":"Feature","properties":{"iso3":"IRL","name":"Ирландия"},"geometry":{"type":"MultiPolygon","coordinates":[[[[-10.1811,54.0168],[-9.9524,53.8846],[-10.2657,53.9777],[-10.1811,54.0168]]],[[[-6.9617,55.2379],[-8.1448,54.4535],[-6.1757,54.0535],[-6.325,52.2467],[-9.2965,51.4982],[-10.3411,51.7989],[-9.9097,52.1229],[-10.3567,52.2069],[-8.7834,52.6796],[-9.9166,52.5697],[-8.9301,53.2071],[-10.0913,53.4128],[-9.5782,53.8054],[-10.0564,54.2578],[-8.5456,54.2412],[-8.2746,55.1463],[-6.9617,55.2379]]]]}},{"type":"Feature","properties":{"iso3":"GBR","name":"Великобритания"},"geometry":{"type":"MultiPolygon","coordinates":[[[[-2.4331,51.7407],[-3.2931,51.3904],[-5.2623,51.8802],[-4.1494,52.3263],[-4.1015,52.9155],[-4.6831,52.8062],[-4.2686,53.1445],[-2.7495,53.3102],[-2.8676,54.1772],[-3.592,54.5644],[-3.0362,54.9531],[-5.1355,54.8575],[-4.8003,56.1583],[-5.7682,55.3626],[-5.1884,56.7581],[-6.1328,56.718],[-5.7306,56.8531],[-5.0167,58.5666],[-3.0531,58.6348],[-4.1345,57.5777],[-1.8674,57.6124],[-3.31,56.3635],[-2.6743,56.2534],[-3.7891,56.0952],[-2.1471,55.903],[-0.0844,54.1181],[0.1153,53.6093],[-0.27,53.7368],[-0.6599,53.724],[0.271,53.3355],[0.0459,52.9056],[1.7434,52.5785],[0.4245,51.4656],[1.4149,51.3633],[0.9602,50.9259],[-2.9994,50.7166],[-5.6552,50.0772],[-2.4331,51.7407]]],[[[-4.3151,53.4172],[-4.373,53.1342],[-4.5679,53.3865],[-4.3151,53.4172]]],[[[-2.407,59.2976],[-2.6621,59.2302],[-2.6036,59.2893],[-2.407,59.2976]]],[[[-0.9917,60.686],[-1.1655,60.6039],[-1.0933,60.7202],[-0.9917,60.686]]],[[[-1.6638,60.2825],[-1.0524,60.4445],[-1.2995,59.8787],[-1.6638,60.2825]]],[[[-0.9158,60.8104],[-0.8255,60.6839],[-0.9223,60.6973],[-0.9158,60.8104]]],[[[-3.2719,58.9053],[-3.2788,58.7819],[-3.3947,58.9096],[-3.2719,58.9053]]],[[[-2.8964,58.8276],[-2.9754,58.7569],[-3.0354,58.8227],[-2.8964,58.8276]]],[[[-3.2486,59.1439],[-2.7625,58.9558],[-3.3537,59.0187],[-3.2486,59.1439]]],[[[-2.9755,59.3471],[-2.8152,59.1619],[-3.0521,59.3239],[-2.9755,59.3471]]],[[[-6.5301,56.6266],[-6.6686,56.5936],[-6.4837,56.6658],[-6.5301,56.6266]]],[[[-5.1854,55.691],[-5.3315,55.4811],[-5.3708,55.6669],[-5.1854,55.691]]],[[[-5.7779,56.3443],[-6.3134,56.2937],[-6.3197,56.5694],[-6.1027,56.6457],[-5.7779,56.3443]]],[[[-6.4132,55.8546],[-6.0884,55.6575],[-6.4914,55.6973],[-6.4132,55.8546]]],[[[-5.9701,55.8146],[-6.072,55.8931],[-5.7251,56.1186],[-5.9701,55.8146]]],[[[-6.1987,58.3633],[-6.4252,58.0213],[-7.0834,57.8138],[-7.0284,58.2223],[-6.1987,58.3633]]],[[[-6.3224,57.0505],[-6.3462,56.9543],[-6.4326,57.0179],[-6.3224,57.0505]]],[[[-6.3577,57.6668],[-5.6687,57.2269],[-6.7611,57.4424],[-6.3577,57.6668]]],[[[-7.4703,57.6525],[-7.1826,57.5333],[-7.5147,57.602],[-7.4703,57.6525]]],[[[-7.2671,57.3718],[-7.3815,57.1307],[-7.4105,57.3811],[-7.2671,57.3718]]],[[[-7.4555,57.0189],[-7.5048,56.9517],[-7.543,56.9724],[-7.4555,57.0189]]],[[[-5.4704,54.5002],[-7.6065,54.1438],[-8.1448,54.4535],[-6.1292,55.2174],[-5.4704,54.5002]]],[[[-1.3128,50.7735],[-1.2515,50.5888],[-1.5634,50.6661],[-1.3128,50.7735]]]]}},{"type":"Feature","properties":{"iso3":"GRC","name":"Греция"},"geometry":{"type":"MultiPolygon","coordinates":[[[[27.8625,36.6412],[27.8383,36.538],[27.7857,36.6075],[27.8625,36.6412]]],[[[20.3525,38.1799],[20.7889,38.1421],[20.7613,38.0706],[20.3525,38.1799]]],[[[20.6915,37.9295],[20.9939,37.708],[20.8186,37.6647],[20.6915,37.9295]]],[[[20.6867,38.6087],[20.5547,38.5826],[20.6941,38.8442],[20.6867,38.6087]]],[[[20.7013,38.4514],[20.7093,38.3186],[20.6236,38.4803],[20.7013,38.4514]]],[[[19.9261,39.7737],[19.884,39.4615],[19.6465,39.7671],[19.9261,39.7737]]],[[[22.8703,38.8705],[24.1275,38.6485],[24.5785,38.0202],[22.8703,38.8705]]],[[[23.7798,39.1144],[23.6661,39.0954],[23.5939,39.2086],[23.7798,39.1144]]],[[[23.9397,39.2005],[23.8412,39.1466],[23.9709,39.2677],[23.9397,39.2005]]],[[[24.6747,38.8092],[24.541,38.7887],[24.4856,38.9803],[24.6747,38.8092]]],[[[24.7191,40.7863],[24.6459,40.5794],[24.5167,40.6872],[24.7191,40.7863]]],[[[23.4837,37.9911],[23.4668,37.9024],[23.4193,37.9312],[23.4837,37.9911]]],[[[23.0971,36.2466],[22.9108,36.221],[22.9505,36.3839],[23.0971,36.2466]]],[[[27.1572,35.6295],[27.0707,35.5978],[27.2231,35.8205],[27.1572,35.6295]]],[[[27.0401,37.0016],[26.9199,36.9452],[26.8887,37.0873],[27.0401,37.0016]]],[[[27.3521,36.8689],[26.9184,36.7259],[27.2149,36.8986],[27.3521,36.8689]]],[[[25.5879,37.1525],[25.3619,37.0704],[25.5253,37.1964],[25.5879,37.1525]]],[[[25.2351,37.1485],[25.1994,36.9913],[25.1055,37.035],[25.2351,37.1485]]],[[[25.409,36.4737],[25.4359,36.3401],[25.3705,36.3589],[25.409,36.4737]]],[[[25.2959,36.7892],[25.3644,36.6583],[25.26,36.7584],[25.2959,36.7892]]],[[[26.6387,37.7809],[27.0551,37.7093],[26.5811,37.7237],[26.6387,37.7809]]],[[[26.2049,37.5685],[25.9824,37.5256],[26.3514,37.6743],[26.2049,37.5685]]],[[[25.8594,36.7904],[25.7432,36.7897],[26.0645,36.9027],[25.8594,36.7904]]],[[[26.37,36.6386],[26.3314,36.5114],[26.27,36.5469],[26.37,36.6386]]],[[[24.356,37.5769],[24.289,37.5283],[24.3791,37.6827],[24.356,37.5769]]],[[[24.4814,37.408],[24.3789,37.3141],[24.3697,37.4196],[24.4814,37.408]]],[[[24.3574,36.7443],[24.5307,36.684],[24.326,36.6556],[24.3574,36.7443]]],[[[24.9065,37.5089],[24.9379,37.3897],[24.9115,37.3906],[24.9065,37.5089]]],[[[24.9563,37.9048],[24.9622,37.6924],[24.7002,37.9617],[24.9563,37.9048]]],[[[25.2559,37.5996],[25.1563,37.5451],[24.9965,37.6769],[25.2559,37.5996]]],[[[24.7632,36.9492],[24.6765,36.9593],[24.6814,37.0216],[24.7632,36.9492]]],[[[26.1604,38.5407],[25.8919,38.2433],[25.8461,38.574],[26.1604,38.5407]]],[[[26.1654,39.3735],[26.5472,38.9941],[25.8441,39.2],[26.1654,39.3735]]],[[[25.5686,40.5159],[25.5727,40.4004],[25.448,40.4828],[25.5686,40.5159]]],[[[25.058,39.9997],[25.357,39.8081],[25.0622,39.8524],[25.058,39.9997]]],[[[25.463,37.4711],[25.3071,37.413],[25.3127,37.4893],[25.463,37.4711]]],[[[24.5291,37.1923],[24.4248,37.132],[24.4412,37.1869],[24.5291,37.1923]]],[[[28.0878,36.0653],[27.7163,36.1716],[28.2318,36.4336],[28.0878,36.0653]]],[[[23.5928,35.2572],[25.7913,35.1229],[26.3202,35.3151],[26.1656,35.0186],[24.7998,34.9345],[23.5928,35.2572]]],[[[26.2006,41.7438],[26.6249,41.4018],[26.1092,40.7497],[25.1045,40.9947],[23.7628,40.7478],[24.3434,40.1477],[23.7279,40.3297],[23.9471,39.9656],[22.6295,40.4956],[23.3277,39.1749],[22.5691,38.8675],[23.967,38.275],[24.0554,37.7096],[23.5018,38.0349],[23.0363,37.8784],[23.4893,37.4402],[22.7254,37.5421],[23.1602,36.4481],[21.7381,36.8632],[21.4037,38.1967],[23.1835,38.1337],[21.1826,38.3456],[20.7686,38.8744],[21.1184,39.03],[20.3008,39.3271],[20.0013,39.7094],[20.9643,40.8499],[24.0561,41.5272],[25.9233,41.3119],[26.2006,41.7438]]]]}},{"type":"Feature","properties":{"iso3":"AUT","name":"Австрия"},"geometry":{"type":"Polygon","coordinates":[[[9.5275,47.2708],[13.0144,47.4781],[12.8143,48.1608],[14.9935,49.0011],[16.8837,48.7037],[17.1474,48.006],[15.9576,46.6776],[14.5498,46.3997],[9.5275,47.2708]]]}},{"type":"Feature","properties":{"iso3":"ITA","name":"Италия"},"geometry":{"type":"MultiPolygon","coordinates":[[[[7.0211,45.9258],[8.4226,46.446],[9.0237,45.8457],[9.3044,46.4956],[10.0806,46.228],[10.4528,46.8649],[12.1694,47.0821],[13.7,46.5203],[13.3782,46.2616],[13.8747,45.6148],[12.2743,45.446],[12.3963,44.2239],[14.5407,42.2443],[16.1646,41.8962],[15.9005,41.5121],[17.955,40.6552],[18.3935,39.9036],[16.9282,40.4581],[16.5219,39.7476],[17.1746,38.9981],[15.7245,37.9391],[16.21,38.9411],[15.6928,39.9902],[11.1032,42.4166],[10.0477,44.02],[8.7658,44.4223],[7.4932,43.7671],[6.6348,45.0682],[7.0211,45.9258]],[[12.4306,41.8976],[12.4384,41.9062],[12.4275,41.9007],[12.4306,41.8976]],[[12.4264,43.8941],[12.5037,43.9897],[12.3969,43.9346],[12.4264,43.8941]]],[[[10.3951,42.8582],[10.4193,42.7132],[10.1098,42.7851],[10.3951,42.8582]]],[[[13.9621,40.7394],[13.8677,40.7087],[13.8712,40.7618],[13.9621,40.7394]]],[[[12.0242,36.8209],[11.9406,36.7804],[11.9364,36.8286],[12.0242,36.8209]]],[[[15.6347,38.2676],[15.1126,36.6878],[12.4355,37.8198],[12.7344,38.1831],[15.6347,38.2676]]],[[[9.2284,41.2571],[9.5625,39.166],[8.6485,38.9266],[8.2242,40.9133],[9.2284,41.2571]]],[[[8.3668,39.1159],[8.4215,38.9687],[8.3586,39.0988],[8.3668,39.1159]]],[[[8.3202,41.1219],[8.2527,40.9941],[8.2057,40.9975],[8.3202,41.1219]]]]}},{"type":"Feature","properties":{"iso3":"CHE","name":"Швейцария"},"geometry":{"type":"Polygon","coordinates":[[[9.1828,47.6707],[9.4877,47.0623],[10.4546,46.8994],[10.1283,46.2382],[9.3044,46.4956],[8.9537,45.83],[8.4226,46.446],[7.7879,45.9218],[6.7581,46.4158],[5.9715,46.1512],[7.0534,47.4894],[9.1828,47.6707]]]}},{"type":"Feature","properties":{"iso3":"NLD","name":"Нидерланды"},"geometry":{"type":"MultiPolygon","coordinates":[[[[5.9939,50.7504],[5.031,51.4691],[4.3737,51.356],[4.0065,51.4432],[3.5869,51.4539],[3.4489,51.5408],[4.2741,51.4716],[3.9469,51.8105],[4.7687,52.9413],[6.8162,53.4412],[7.0196,52.266],[5.9487,51.8027],[5.9939,50.7504]]],[[[4.2262,51.3865],[3.9021,51.2077],[3.3501,51.3777],[4.2262,51.3865]]],[[[6.2909,53.515],[6.1933,53.4768],[6.1593,53.4839],[6.2909,53.515]]],[[[5.8763,53.4751],[5.732,53.4426],[5.6543,53.4665],[5.8763,53.4751]]],[[[5.0271,53.3102],[4.9237,53.2346],[4.9079,53.2462],[5.0271,53.3102]]],[[[5.3258,53.3857],[5.1902,53.3918],[5.5826,53.4381],[5.3258,53.3857]]],[[[4.8864,53.1833],[4.7871,52.9998],[4.7092,53.036],[4.8864,53.1833]]],[[[3.9491,51.7395],[4.0751,51.6488],[3.699,51.7099],[3.9491,51.7395]]],[[[6.7348,53.5825],[6.6421,53.5792],[6.8009,53.6255],[6.7348,53.5825]]],[[[-68.2195,12.2312],[-68.2543,12.0321],[-68.3692,12.302],[-68.2195,12.2312]]],[[[-62.9793,17.5212],[-62.9831,17.4769],[-62.9996,17.5304],[-62.9793,17.5212]]],[[[-63.2269,17.6341],[-63.2545,17.6287],[-63.2417,17.6518],[-63.2269,17.6341]]]]}},{"type":"Feature","properties":{"iso3":"LIE","name":"Лихтенштейн"},"geometry":{"type":"Polygon","coordinates":[[[9.6105,47.1071],[9.4877,47.0623],[9.5275,47.2708],[9.6105,47.1071]]]}},{"type":"Feature","properties":{"iso3":"SRB","name":"Сербия"},"geometry":{"type":"Polygon","coordinates":[[[21.3579,44.8618],[22.7209,44.6055],[22.3696,43.7813],[22.9769,43.188],[22.4221,42.3289],[21.5625,42.2475],[21.7529,42.6698],[20.8006,43.2611],[20.3443,42.8279],[19.2188,43.45],[19.5838,44.0435],[18.9955,44.904],[19.4,45.2125],[18.8391,45.8357],[20.2102,46.126],[21.3579,44.8618]]]}},{"type":"Feature","properties":{"iso3":"HRV","name":"Хорватия"},"geometry":{"type":"MultiPolygon","coordinates":[[[[13.5779,45.5169],[15.3395,45.467],[16.3212,46.5346],[17.8071,45.7904],[18.9054,45.9317],[19.401,45.1891],[15.7881,45.179],[17.5852,42.9384],[16.9031,43.3924],[15.9855,43.5198],[15.1858,44.1721],[15.471,44.272],[14.5505,45.2977],[14.3127,45.3378],[13.8607,44.8374],[13.5779,45.5169]]],[[[16.8507,42.8955],[17.0937,42.9644],[17.1883,42.917],[16.8507,42.8955]]],[[[17.194,43.1258],[16.6792,43.1231],[16.3765,43.2138],[16.5214,43.2292],[17.194,43.1258]]],[[[16.4489,43.3871],[16.6274,43.2681],[16.4231,43.3172],[16.4489,43.3871]]],[[[15.2311,44.0623],[15.2467,44.0271],[15.0658,44.1577],[15.2311,44.0623]]],[[[14.5711,45.2248],[14.687,44.9556],[14.4379,45.0986],[14.5711,45.2248]]],[[[14.7542,44.8448],[14.8566,44.7148],[14.6604,44.7998],[14.7542,44.8448]]],[[[15.2399,44.3502],[15.1626,44.3092],[14.7419,44.6974],[15.2399,44.3502]]],[[[14.9525,44.1172],[15.1358,43.9073],[14.865,44.168],[14.9525,44.1172]]],[[[15.3714,43.9738],[15.4372,43.8995],[15.27,44.0107],[15.3714,43.9738]]],[[[14.4674,44.9702],[14.4804,44.6212],[14.2858,45.1446],[14.4674,44.9702]]],[[[17.4319,42.8004],[17.7442,42.7003],[17.3441,42.7904],[17.4319,42.8004]]],[[[17.802,42.9022],[18.5175,42.4329],[17.0454,43.0149],[17.802,42.9022]]]]}},{"type":"Feature","properties":{"iso3":"SVN","name":"Словения"},"geometry":{"type":"Polygon","coordinates":[[[16.5162,46.4999],[15.2421,45.4414],[13.6152,45.4768],[13.3782,46.2616],[16.0931,46.8633],[16.5162,46.4999]]]}},{"type":"Feature","properties":{"iso3":"BGR","name":"Болгария"},"geometry":{"type":"Polygon","coordinates":[[[28.0145,41.969],[26.6153,41.9649],[25.9233,41.3119],[22.916,41.3363],[22.344,42.314],[22.9769,43.188],[22.399,43.9695],[25.4971,43.6708],[27.0869,44.1674],[28.5854,43.7422],[27.4848,42.4681],[28.0145,41.969]]]}},{"type":"Feature","properties":{"iso3":"SMR","name":"Сан-Марино"},"geometry":{"type":"Polygon","coordinates":[[[12.5037,43.9897],[12.4264,43.8941],[12.3969,43.9346],[12.5037,43.9897]]]}},{"type":"Feature","properties":{"iso3":"MCO","name":"Монако"},"geometry":{"type":"Polygon","coordinates":[[[7.4387,43.7504],[7.3777,43.7317],[7.395,43.7653],[7.4387,43.7504]]]}},{"type":"Feature","properties":{"iso3":"AND","name":"Андорра"},"geometry":{"type":"Polygon","coordinates":[[[1.5682,42.635],[1.4488,42.4375],[1.4148,42.5484],[1.5682,42.635]]]}},{"type":"Feature","properties":{"iso3":"MNE","name":"Черногория"},"geometry":{"type":"Polygon","coordinates":[[[19.1943,43.5333],[20.3477,42.8528],[19.3424,41.8691],[18.4381,42.5229],[19.1943,43.5333]]]}},{"type":"Feature","properties":{"iso3":"BIH","name":"Босния и Герцеговина"},"geometry":{"type":"Polygon","coordinates":[[[19.3486,44.8809],[19.48,43.5952],[18.4363,42.5597],[15.7366,44.7658],[15.8229,45.2028],[16.9187,45.2766],[19.3486,44.8809]]]}},{"type":"Feature","properties":{"iso3":"PRT","name":"Португалия"},"geometry":{"type":"MultiPolygon","coordinates":[[[[-17.0183,32.6628],[-16.9292,32.8414],[-16.6933,32.758],[-17.0183,32.6628]]],[[[-8.7771,41.9411],[-6.2125,41.532],[-6.9285,41.0091],[-6.9754,39.7984],[-7.5357,39.6616],[-6.9576,38.1879],[-7.8341,37.0057],[-8.9978,37.0323],[-8.6683,38.4243],[-9.2504,38.6567],[-9.0215,38.7469],[-8.7916,39.0782],[-9.4741,38.7309],[-8.7771,41.9411]]],[[[-25.0829,37.024],[-25.1599,36.9434],[-25.1984,36.9965],[-25.0829,37.024]]],[[[-31.2608,39.4968],[-31.1813,39.3589],[-31.283,39.3941],[-31.2608,39.4968]]],[[[-27.127,38.7898],[-27.3028,38.661],[-27.3859,38.7658],[-27.127,38.7898]]],[[[-27.9626,38.6363],[-28.0923,38.6206],[-28.3106,38.7439],[-27.9626,38.6363]]],[[[-28.6978,38.6385],[-28.7438,38.5224],[-28.842,38.5984],[-28.6978,38.6385]]],[[[-28.4021,38.5534],[-28.0648,38.4127],[-28.4545,38.4086],[-28.4021,38.5534]]],[[[-25.8459,37.894],[-25.2666,37.8486],[-25.1819,37.8379],[-25.439,37.7153],[-25.8459,37.894]]]]}},{"type":"Feature","properties":{"iso3":"MDA","name":"Молдавия"},"geometry":{"type":"Polygon","coordinates":[[[26.6189,48.2599],[27.5492,48.4777],[29.1254,47.9646],[30.1311,46.4231],[28.9584,46.4585],[28.2125,45.4504],[28.0718,46.9784],[26.6189,48.2599]]]}},{"type":"Feature","properties":{"iso3":"VAT","name":"Ватикан"},"geometry":{"type":"Polygon","coordinates":[[[12.4384,41.9062],[12.4306,41.8976],[12.4275,41.9007],[12.4384,41.9062]]]}},{"type":"Feature","properties":{"iso3":"ISL","name":"Исландия"},"geometry":{"type":"Polygon","coordinates":[[[-18.2972,66.1574],[-14.5958,66.3815],[-15.1164,66.1024],[-13.5697,65.0681],[-18.6536,63.4067],[-22.6522,63.8277],[-21.5906,64.6264],[-24.0262,64.8634],[-21.8921,65.0488],[-22.5091,65.1968],[-21.8444,65.4474],[-24.4757,65.5252],[-23.2854,65.75],[-23.8326,65.8492],[-23.4525,66.181],[-22.4417,65.9083],[-22.8892,66.4406],[-21.4069,66.0256],[-21.1297,65.2666],[-20.2075,66.1001],[-18.1419,65.7341],[-18.2972,66.1574]]]}},{"type":"Feature","properties":{"iso3":"MLT","name":"Мальта"},"geometry":{"type":"MultiPolygon","coordinates":[[[[14.4483,35.9574],[14.4364,35.8217],[14.3513,35.9784],[14.4483,35.9574]]],[[[14.2633,36.0758],[14.2536,36.0122],[14.1804,36.0604],[14.2633,36.0758]]]]}},{"type":"Feature","properties":{"iso3":"JEY","name":"Джерси"},"geometry":{"type":"Polygon","coordinates":[[[-2.2205,49.2664],[-2.0099,49.1808],[-2.2358,49.1764],[-2.2205,49.2664]]]}},{"type":"Feature","properties":{"iso3":"GGY","name":"Гернси"},"geometry":{"type":"Polygon","coordinates":[[[-2.5422,49.5066],[-2.5474,49.4287],[-2.6461,49.4682],[-2.5422,49.5066]]]}},{"type":"Feature","properties":{"iso3":"IMN","name":"остров Мэн"},"geometry":{"type":"Polygon","coordinates":[[[-4.4247,54.4072],[-4.6143,54.0587],[-4.7854,54.073],[-4.4247,54.4072]]]}},{"type":"Feature","properties":{"iso3":"ALA","name":"Аландские острова"},"geometry":{"type":"MultiPolygon","coordinates":[[[[19.746,60.099],[20.0874,60.3534],[20.2589,60.2613],[19.746,60.099]]],[[[19.6288,60.2461],[19.5799,60.1351],[19.519,60.1846],[19.6288,60.2461]]],[[[20.4901,60.0749],[20.5218,60.0117],[20.3979,60.0407],[20.4901,60.0749]]]]}},{"type":"Feature","properties":{"iso3":"FRO","name":"Фарерские острова"},"geometry":{"type":"MultiPolygon","coordinates":[[[[-6.6621,61.8618],[-6.6702,61.7687],[-6.8848,61.8991],[-6.6621,61.8618]]],[[[-6.7406,61.5705],[-6.6797,61.4143],[-6.9349,61.6343],[-6.7406,61.5705]]],[[[-7.1869,62.1393],[-7.0652,62.0732],[-7.4226,62.1403],[-7.1869,62.1393]]],[[[-6.9586,62.3163],[-6.7252,61.9515],[-7.1722,62.2856],[-6.9586,62.3163]]],[[[-6.4061,62.2586],[-6.5441,62.2056],[-6.5546,62.3557],[-6.4061,62.2586]]]]}},{"type":"Feature","properties":{"iso3":"PNG","name":"Папуа — Новая Гвинея"},"geometry":{"type":"MultiPolygon","coordinates":[[[[153.0232,-4.6663],[152.2794,-3.5824],[150.7461,-2.7389],[150.8254,-2.5729],[152.0329,-3.2514],[153.0168,-4.1057],[153.0232,-4.6663]]],[[[151.8193,-4.217],[152.4057,-4.3407],[152.0771,-5.4583],[150.4735,-6.2634],[148.3372,-5.6694],[149.8314,-5.5241],[150.09,-5.0118],[150.1831,-5.5236],[150.9003,-5.4472],[151.8193,-4.217]]],[[[140.9762,-9.1188],[140.9734,-2.6098],[144.4777,-3.8253],[145.767,-4.823],[145.7452,-5.4024],[147.5667,-6.0569],[147.8455,-6.6624],[146.9536,-6.8341],[147.19,-7.3781],[148.5831,-9.0518],[150.8495,-10.236],[150.3199,-10.6549],[147.7687,-10.0701],[146.0332,-8.0764],[143.6549,-7.4604],[143.6138,-8.2004],[142.2068,-8.1958],[143.3662,-8.961],[140.9762,-9.1188]]],[[[148.0548,-5.6115],[147.7811,-5.6272],[147.7946,-5.4924],[148.0548,-5.6115]]],[[[146.0534,-4.6401],[145.8836,-4.6675],[145.9958,-4.5393],[146.0534,-4.6401]]],[[[152.6388,-3.0428],[152.6462,-3.2212],[152.5433,-3.0956],[152.6388,-3.0428]]],[[[151.9747,-2.8456],[152.0573,-2.9949],[151.9546,-2.8705],[151.9747,-2.8456]]],[[[149.581,-1.3532],[149.7632,-1.5892],[149.5459,-1.4717],[149.581,-1.3532]]],[[[151.0515,-9.939],[151.2309,-10.1947],[150.7761,-9.7091],[151.0515,-9.939]]],[[[150.3201,-9.2642],[150.1098,-9.3619],[150.2083,-9.2063],[150.3201,-9.2642]]],[[[151.1176,-8.4188],[151.1241,-8.8049],[151.005,-8.5238],[151.1176,-8.4188]]],[[[154.1018,-11.3114],[154.1212,-11.4257],[154.0234,-11.3479],[154.1018,-11.3114]]],[[[143.5814,-8.3909],[143.3669,-8.4169],[143.3219,-8.3676],[143.5814,-8.3909]]],[[[147.1311,-5.1908],[147.1202,-5.4374],[147.0147,-5.2574],[147.1311,-5.1908]]],[[[146.6562,-1.974],[147.4381,-2.059],[146.5465,-2.2086],[146.6562,-1.974]]],[[[150.2271,-2.3842],[150.1657,-2.6603],[149.9616,-2.4738],[150.2271,-2.3842]]],[[[150.4362,-9.6246],[150.7887,-9.418],[150.894,-9.6675],[150.4362,-9.6246]]],[[[152.5151,-9.0099],[152.9529,-9.0701],[152.9669,-9.209],[152.5151,-9.0099]]],[[[153.2036,-11.3241],[153.7599,-11.5863],[153.2868,-11.517],[153.2036,-11.3241]]],[[[143.2068,-8.4234],[143.6082,-8.6771],[143.2538,-8.4896],[143.2068,-8.4234]]],[[[147.8358,-2.2468],[147.8445,-2.3357],[147.7355,-2.3155],[147.8358,-2.2468]]],[[[152.002,-2.7378],[151.9334,-2.8304],[151.9464,-2.7086],[152.002,-2.7378]]],[[[150.7993,-10.5541],[150.8847,-10.6435],[150.7857,-10.6034],[150.7993,-10.5541]]],[[[153.663,-4.0412],[153.6501,-4.123],[153.5915,-4.096],[153.663,-4.0412]]],[[[155.9576,-6.6868],[155.344,-6.7217],[154.7293,-5.4444],[155.0938,-5.6202],[155.9576,-6.6868]]],[[[154.7271,-5.2181],[154.54,-5.1108],[154.6326,-5.0139],[154.7271,-5.2181]]]]}},{"type":"Feature","properties":{"iso3":"AUS","name":"Австралия"},"geometry":{"type":"MultiPolygon","coordinates":[[[[142.4564,-10.7073],[143.7563,-14.3488],[144.473,-14.2318],[145.2877,-14.9432],[145.4261,-16.4062],[145.9121,-16.9125],[146.0322,-18.2729],[146.3834,-18.9771],[148.7594,-20.2896],[149.7039,-22.4405],[150.6229,-22.3673],[150.8432,-23.458],[153.1649,-25.9642],[153.1168,-27.1944],[153.6169,-28.673],[152.9439,-31.4349],[151.2921,-33.581],[149.9327,-37.5285],[147.8768,-37.9342],[146.2175,-38.7274],[146.4,-39.1455],[145.4758,-38.2437],[145.2928,-38.2376],[144.9596,-38.5008],[144.7178,-38.3403],[144.8913,-37.8998],[143.539,-38.8209],[141.4242,-38.3635],[139.7843,-37.2458],[138.9689,-35.5808],[139.2825,-35.3754],[138.1844,-35.6127],[138.5111,-35.0244],[138.0893,-34.1698],[137.6917,-35.143],[136.8836,-35.2397],[137.9318,-33.5791],[137.7832,-32.5781],[135.6476,-34.9396],[134.2342,-32.5485],[131.1437,-31.4957],[125.9172,-32.297],[123.5068,-33.9162],[119.8541,-33.9747],[117.8631,-35.055],[115.0088,-34.2559],[114.9938,-33.5153],[115.683,-33.1929],[115.6984,-31.6945],[113.1848,-26.1822],[113.8364,-26.5006],[113.4514,-25.5991],[114.2157,-26.2895],[113.4177,-24.4356],[114.0229,-21.8814],[114.1416,-22.4831],[116.7067,-20.6538],[120.9979,-19.6044],[122.3454,-18.1119],[122.2609,-17.1357],[122.9707,-16.4368],[123.5631,-17.5209],[123.607,-16.224],[124.772,-16.4026],[124.4396,-15.4936],[125.063,-15.4423],[126.0539,-13.9772],[127.4576,-14.0314],[128.1994,-14.7518],[128.0694,-15.3293],[128.5758,-14.7745],[129.6348,-15.1397],[129.3787,-14.3925],[130.6227,-12.4311],[132.7128,-12.1234],[131.9615,-11.1809],[135.0297,-12.1937],[135.9225,-11.8258],[136.0818,-12.4225],[136.5402,-11.9576],[136.9475,-12.3499],[135.9273,-13.3043],[135.4533,-14.9231],[136.7847,-15.8942],[137.7037,-16.233],[138.245,-16.7184],[139.0099,-16.8993],[139.2484,-17.3286],[140.5111,-17.6245],[141.4119,-16.0695],[141.6886,-12.3511],[142.4564,-10.7073]]],[[[153.3502,-25.0631],[153.052,-25.7783],[153.2569,-24.7289],[153.3502,-25.0631]]],[[[139.6978,-16.5149],[139.4306,-16.661],[139.1596,-16.7417],[139.293,-16.4673],[139.6978,-16.5149]]],[[[136.4247,-13.8648],[136.8943,-14.2931],[136.3354,-14.2118],[136.4247,-13.8648]]],[[[130.2949,-11.3368],[130.6062,-11.8166],[130.0433,-11.7873],[130.2949,-11.3368]]],[[[130.6188,-11.3761],[131.2683,-11.1898],[131.5386,-11.4369],[130.951,-11.9265],[130.6188,-11.3761]]],[[[112.9824,-25.5202],[112.9643,-25.7831],[112.9471,-25.5315],[112.9824,-25.5202]]],[[[137.3341,-35.5925],[138.1234,-35.8523],[136.5406,-35.8901],[137.3341,-35.5925]]],[[[145.2953,-38.3189],[145.3358,-38.421],[145.2803,-38.3906],[145.2953,-38.3189]]],[[[145.2178,-38.4586],[145.3551,-38.557],[145.1284,-38.5276],[145.2178,-38.4586]]],[[[149.0453,-20.2775],[148.9389,-20.2837],[148.9811,-20.1535],[149.0453,-20.2775]]],[[[148.9563,-20.1347],[148.8869,-20.1436],[148.9679,-20.0443],[148.9563,-20.1347]]],[[[151.0333,-23.5302],[151.2401,-23.5297],[151.2383,-23.7758],[151.0333,-23.5302]]],[[[150.5488,-22.3069],[150.4624,-22.3077],[150.4885,-22.2107],[150.5488,-22.3069]]],[[[149.9283,-22.1931],[149.8695,-22.1504],[149.9123,-22.0487],[149.9283,-22.1931]]],[[[153.4354,-27.4054],[153.4527,-27.7117],[153.4266,-27.7064],[153.4354,-27.4054]]],[[[153.4668,-27.0381],[153.365,-27.1389],[153.4323,-27.0299],[153.4668,-27.0381]]],[[[142.1979,-10.592],[142.1914,-10.762],[142.1311,-10.6406],[142.1979,-10.592]]],[[[142.2987,-10.1404],[142.2794,-10.2542],[142.1951,-10.1993],[142.2987,-10.1404]]],[[[142.192,-10.0853],[142.142,-10.1813],[142.0977,-10.1218],[142.192,-10.0853]]],[[[146.0988,-18.2518],[146.342,-18.4001],[146.2988,-18.4848],[146.0988,-18.2518]]],[[[136.7414,-11.1946],[136.5266,-11.4389],[136.7803,-11.0125],[136.7414,-11.1946]]],[[[136.3387,-11.6023],[136.1803,-11.6768],[136.4793,-11.4659],[136.3387,-11.6023]]],[[[137.0937,-15.7781],[136.9427,-15.7117],[137.0096,-15.5948],[137.0937,-15.7781]]],[[[136.8902,-15.5889],[136.8456,-15.544],[136.8769,-15.5025],[136.8902,-15.5889]]],[[[136.6123,-15.5441],[136.5143,-15.6273],[136.5226,-15.5432],[136.6123,-15.5441]]],[[[139.4928,-16.9904],[139.4217,-17.1316],[139.4082,-17.0906],[139.4928,-16.9904]]],[[[136.2754,-13.7911],[136.1227,-13.8166],[136.2154,-13.6647],[136.2754,-13.7911]]],[[[132.6291,-11.1691],[132.4838,-11.0373],[132.5788,-10.9688],[132.6291,-11.1691]]],[[[125.1981,-14.4748],[125.0912,-14.5917],[125.16,-14.4561],[125.1981,-14.4748]]],[[[124.5973,-15.402],[124.5242,-15.4215],[124.5193,-15.2675],[124.5973,-15.402]]],[[[115.4346,-20.668],[115.3881,-20.866],[115.3181,-20.8506],[115.4346,-20.668]]],[[[145.043,-40.7867],[148.2152,-40.8549],[148.3426,-42.2153],[148.0228,-42.2595],[147.9809,-43.157],[147.2979,-42.7909],[146.8739,-43.6125],[146.0432,-43.5472],[144.7661,-41.39],[145.043,-40.7867]]],[[[144.141,-39.9538],[143.8386,-39.9041],[144.0008,-39.5802],[144.141,-39.9538]]],[[[147.7672,-39.8703],[148.2974,-39.9857],[148.3136,-40.1735],[147.7672,-39.8703]]],[[[147.2839,-43.2789],[147.3089,-43.5008],[147.105,-43.4312],[147.2839,-43.2789]]],[[[148.1695,-42.6518],[148.0297,-42.7148],[148.0726,-42.5932],[148.1695,-42.6518]]],[[[147.4346,-43.2407],[147.2961,-43.1617],[147.3525,-43.0803],[147.4346,-43.2407]]],[[[144.7834,-40.4349],[144.748,-40.5895],[144.7102,-40.4853],[144.7834,-40.4349]]],[[[148.3263,-40.3069],[148.404,-40.4865],[148.0104,-40.3806],[148.3263,-40.3069]]],[[[148.1932,-40.5031],[148.1878,-40.5926],[148.1173,-40.5215],[148.1932,-40.5031]]],[[[158.9589,-54.4724],[158.8452,-54.7492],[158.897,-54.5061],[158.9589,-54.4724]]]]}},{"type":"Feature","properties":{"iso3":"FJI","name":"Фиджи"},"geometry":{"type":"MultiPolygon","coordinates":[[[[179.9992,-16.1686],[179.5642,-16.6369],[179.9279,-16.7444],[178.4975,-16.7879],[179.9992,-16.1686]]],[[[178.1876,-17.313],[178.6677,-18.0809],[177.3214,-18.0775],[177.5045,-17.5396],[178.1876,-17.313]]],[[[-179.8223,-16.7653],[-180.0,-16.963],[-180.0,-16.7855],[-179.8223,-16.7653]]],[[[180.0,-16.9631],[179.897,-16.9641],[180.0,-16.7857],[180.0,-16.9631]]],[[[178.3343,-18.9345],[178.1621,-19.1215],[177.9587,-19.1216],[178.3343,-18.9345]]],[[[-179.0476,-17.9204],[-179.0392,-17.9884],[-179.079,-17.9441],[-179.0476,-17.9204]]],[[[-178.7631,-18.1914],[-178.7736,-18.2524],[-178.8479,-18.2021],[-178.7631,-18.1914]]],[[[-178.2803,-17.8864],[-178.3068,-17.9633],[-178.3572,-17.9209],[-178.2803,-17.8864]]],[[[-178.9148,-17.223],[-179.0039,-17.2949],[-179.005,-17.1483],[-178.9148,-17.223]]],[[[-178.5567,-19.113],[-178.5959,-19.1514],[-178.5893,-19.1188],[-178.5567,-19.113]]],[[[-179.8562,-18.9433],[-179.7976,-18.9698],[-179.865,-18.9987],[-179.8562,-18.9433]]],[[[177.2874,-17.0486],[177.1828,-17.1639],[177.2102,-17.0843],[177.2874,-17.0486]]],[[[179.4328,-17.2716],[179.389,-17.3938],[179.3731,-17.2562],[179.4328,-17.2716]]],[[[179.3624,-18.0652],[179.2535,-18.0306],[179.3064,-17.944],[179.3624,-18.0652]]],[[[178.8311,-17.6188],[178.7477,-17.6857],[178.7871,-17.6244],[178.8311,-17.6188]]],[[[-179.9009,-16.4315],[-180.0,-16.54],[-180.0,-16.4889],[-179.9009,-16.4315]]],[[[-179.9562,-16.1492],[-180.0,-16.1683],[-179.9694,-16.1261],[-179.9562,-16.1492]]],[[[180.0,-16.54],[179.9847,-16.5222],[180.0,-16.4889],[180.0,-16.54]]],[[[177.1181,-12.4823],[177.0824,-12.5156],[177.0062,-12.4911],[177.1181,-12.4823]]],[[[174.6042,-21.6675],[174.593,-21.7023],[174.5872,-21.6801],[174.6042,-21.6675]]],[[[-178.7192,-20.6523],[-178.7291,-20.6602],[-178.7275,-20.6452],[-178.7192,-20.6523]]]]}},{"type":"Feature","properties":{"iso3":"NZL","name":"Новая Зеландия"},"geometry":{"type":"MultiPolygon","coordinates":[[[[173.1153,-41.2793],[174.3701,-41.1037],[172.5267,-43.4647],[173.0939,-43.8441],[172.0355,-43.7018],[171.2407,-44.2642],[170.7763,-45.8709],[169.0986,-46.6307],[166.4932,-45.9639],[167.0033,-45.7121],[166.734,-45.5436],[167.1557,-45.4109],[167.0259,-45.1236],[168.3666,-44.082],[171.0384,-42.8621],[172.2728,-40.7587],[172.6406,-40.5183],[172.9437,-40.5187],[173.1153,-41.2793]]],[[[173.9146,-40.8637],[173.7809,-40.9218],[173.9645,-40.713],[173.9146,-40.8637]]],[[[166.6856,-45.615],[166.7292,-45.7297],[166.532,-45.6998],[166.6856,-45.615]]],[[[166.9795,-45.1797],[167.0227,-45.2998],[166.8927,-45.2405],[166.9795,-45.1797]]],[[[167.784,-46.6998],[168.2409,-47.07],[167.522,-47.2587],[167.784,-46.6998]]],[[[175.3896,-36.0777],[175.5512,-36.3339],[175.3366,-36.1348],[175.3896,-36.0777]]],[[[172.9638,-34.5352],[174.3203,-35.2467],[174.7225,-36.8412],[175.5425,-37.2014],[175.4608,-36.4757],[176.1084,-37.6451],[178.5362,-37.6921],[177.9088,-39.2396],[177.0768,-39.2218],[176.8422,-40.1578],[175.3098,-41.6106],[174.6354,-41.2895],[175.156,-40.1149],[173.7637,-39.3188],[174.5974,-38.7851],[174.9289,-37.0848],[173.1167,-35.2053],[172.9638,-34.5352]]],[[[169.1782,-52.4973],[169.2335,-52.5482],[169.0218,-52.4954],[169.1782,-52.4973]]],[[[166.1014,-50.539],[166.2429,-50.8457],[165.8892,-50.8077],[166.1014,-50.539]]],[[[-176.1776,-43.7403],[-176.5155,-44.1166],[-176.8477,-43.8239],[-176.5661,-43.7176],[-176.1776,-43.7403]]],[[[-176.1226,-44.2685],[-176.2208,-44.3306],[-176.2293,-44.2367],[-176.1226,-44.2685]]],[[[-172.4811,-8.5675],[-172.4837,-8.5829],[-172.497,-8.5465],[-172.4811,-8.5675]]],[[[-171.1944,-9.3388],[-171.2,-9.3447],[-171.2044,-9.3333],[-171.1944,-9.3388]]]]}},{"type":"Feature","properties":{"iso3":"NCL","name":"Новая Каледония"},"geometry":{"type":"MultiPolygon","coordinates":[[[[164.0597,-20.1415],[165.1918,-20.7688],[166.9703,-22.3229],[164.9274,-21.2898],[164.0597,-20.1415]]],[[[167.5444,-22.6232],[167.4437,-22.6392],[167.4435,-22.5414],[167.5444,-22.6232]]],[[[159.9751,-19.2383],[159.9282,-19.1743],[159.9599,-19.1146],[159.9751,-19.2383]]],[[[167.8154,-21.3927],[168.1207,-21.6158],[167.9668,-21.6416],[167.8154,-21.3927]]],[[[166.6708,-20.4502],[166.4936,-20.7086],[166.5825,-20.4134],[166.6708,-20.4502]]],[[[167.4009,-21.1606],[167.0727,-20.9973],[167.0558,-20.7202],[167.2979,-20.7325],[167.4009,-21.1606]]]]}},{"type":"Feature","properties":{"iso3":"PCN","name":"Острова Питкэрн"},"geometry":{"type":"Polygon","coordinates":[[[-128.3036,-24.3336],[-128.3422,-24.3707],[-128.3301,-24.3232],[-128.3036,-24.3336]]]}},{"type":"Feature","properties":{"iso3":"PYF","name":"Французская Полинезия"},"geometry":{"type":"MultiPolygon","coordinates":[[[[-151.4381,-16.6234],[-151.5042,-16.647],[-151.5058,-16.574],[-151.4381,-16.6234]]],[[[-149.7824,-17.4878],[-149.8866,-17.5528],[-149.9021,-17.4695],[-149.7824,-17.4878]]],[[[-151.3645,-16.8643],[-151.4855,-16.8637],[-151.4667,-16.7396],[-151.3645,-16.8643]]],[[[-149.3792,-17.5224],[-149.1818,-17.8623],[-149.635,-17.5643],[-149.3792,-17.5224]]],[[[-139.1341,-9.8295],[-138.8745,-9.7472],[-138.8273,-9.7416],[-139.1341,-9.8295]]],[[[-139.0597,-9.9313],[-139.134,-10.0096],[-139.1342,-9.9263],[-139.0597,-9.9313]]],[[[-138.6245,-10.463],[-138.6877,-10.5324],[-138.6904,-10.4256],[-138.6245,-10.463]]],[[[-140.0577,-8.8015],[-140.2174,-8.9297],[-140.24,-8.7976],[-140.0577,-8.8015]]],[[[-140.0311,-9.3447],[-140.1444,-9.3594],[-140.0709,-9.3281],[-140.0311,-9.3447]]],[[[-140.7763,-17.7541],[-140.8516,-17.8666],[-140.6382,-17.678],[-140.7763,-17.7541]]],[[[-139.5083,-8.8971],[-139.621,-8.9479],[-139.6118,-8.8724],[-139.5083,-8.8971]]],[[[-140.6854,-18.3799],[-140.6719,-18.4161],[-140.7817,-18.3342],[-140.6854,-18.3799]]],[[[-140.9251,-18.0838],[-140.8227,-18.2169],[-140.9735,-18.0592],[-140.9251,-18.0838]]],[[[-136.4261,-18.4743],[-136.3141,-18.5663],[-136.4785,-18.4708],[-136.4261,-18.4743]]],[[[-137.0296,-18.2729],[-136.9713,-18.3609],[-137.0676,-18.2653],[-137.0296,-18.2729]]],[[[-138.5149,-20.8134],[-138.5349,-20.8759],[-138.5464,-20.7712],[-138.5149,-20.8134]]],[[[-142.5118,-16.0963],[-142.5296,-16.1071],[-142.4812,-16.0178],[-142.5118,-16.0963]]],[[[-143.5156,-16.6123],[-143.3862,-16.6688],[-143.5507,-16.6211],[-143.5156,-16.6123]]],[[[-143.6702,-16.5809],[-143.6106,-16.6404],[-143.7074,-16.5809],[-143.6702,-16.5809]]],[[[-145.1335,-15.762],[-145.0577,-15.9011],[-145.1607,-15.757],[-145.1335,-15.762]]],[[[-145.5771,-16.1599],[-145.6091,-16.1652],[-145.6138,-16.0792],[-145.5771,-16.1599]]]]}},{"type":"Feature","properties":{"iso3":"KIR","name":"Кирибати"},"geometry":{"type":"MultiPolygon","coordinates":[[[[172.9625,3.1488],[172.9062,3.0959],[172.8871,3.1013],[172.9625,3.1488]]],[[[172.8871,3.074],[172.7703,3.0125],[172.7505,3.0331],[172.8871,3.074]]],[[[172.9691,1.9127],[173.0236,1.8226],[172.9348,1.9437],[172.9691,1.9127]]],[[[173.0452,1.7416],[172.9933,1.7131],[173.0236,1.8093],[173.0452,1.7416]]],[[[173.065,0.9627],[173.0865,0.9734],[172.9911,0.8354],[173.065,0.9627]]],[[[174.4748,-0.6422],[174.4764,-0.829],[174.3811,-0.5918],[174.4748,-0.6422]]],[[[174.7441,-1.1474],[174.7789,-1.2634],[174.7168,-1.1337],[174.7441,-1.1474]]],[[[173.1631,1.3575],[173.0113,1.3384],[173.1719,1.3751],[173.1631,1.3575]]],[[[169.5553,-0.8565],[169.5229,-0.8656],[169.5256,-0.8526],[169.5553,-0.8565]]],[[[-172.2283,-4.507],[-172.181,-4.5148],[-172.2152,-4.5244],[-172.2283,-4.507]]],[[[-171.081,-3.1204],[-171.0967,-3.1369],[-171.0877,-3.115],[-171.081,-3.1204]]],[[[-171.2394,-4.4441],[-171.2545,-4.4665],[-171.262,-4.4492],[-171.2394,-4.4441]]],[[[-174.5314,-4.6595],[-174.501,-4.6947],[-174.5408,-4.6573],[-174.5314,-4.6595]]],[[[-154.9512,-4.0311],[-154.9946,-4.0711],[-155.015,-4.048],[-154.9512,-4.0311]]],[[[-151.8028,-11.3927],[-151.8067,-11.4513],[-151.8133,-11.3918],[-151.8028,-11.3927]]],[[[-155.8723,-5.6113],[-155.9144,-5.6316],[-155.9286,-5.6076],[-155.8723,-5.6113]]],[[[-157.4419,2.025],[-157.1758,1.7398],[-157.579,1.9021],[-157.4419,2.025]]],[[[-159.409,3.8732],[-159.2593,3.8392],[-159.2748,3.7966],[-159.409,3.8732]]],[[[-171.6961,-2.8257],[-171.6396,-2.8112],[-171.6284,-2.8559],[-171.6961,-2.8257]]]]}},{"type":"Feature","properties":{"iso3":"MHL","name":"Маршалловы Острова"},"geometry":{"type":"MultiPolygon","coordinates":[[[[169.7346,6.0142],[169.5905,5.8019],[169.6511,5.9451],[169.7346,6.0142]]],[[[168.6793,7.3362],[168.8154,7.2936],[168.6751,7.3219],[168.6793,7.3362]]],[[[171.6142,7.0072],[171.6884,7.0283],[171.7568,6.9731],[171.6142,7.0072]]],[[[171.2354,7.0687],[171.227,7.087],[171.3938,7.1109],[171.2354,7.0687]]],[[[166.8881,11.1687],[166.8645,11.1462],[166.8447,11.1534],[166.8881,11.1687]]]]}},{"type":"Feature","properties":{"iso3":"NFK","name":"Норфолк"},"geometry":{"type":"Polygon","coordinates":[[[167.9143,-29.0619],[167.9904,-29.0421],[167.9607,-29.0963],[167.9143,-29.0619]]]}},{"type":"Feature","properties":{"iso3":"COK","name":"Острова Кука"},"geometry":{"type":"Polygon","coordinates":[[[-159.7684,-21.1885],[-159.8396,-21.2381],[-159.8425,-21.2291],[-159.7684,-21.1885]]]}},{"type":"Feature","properties":{"iso3":"TON","name":"Тонга"},"geometry":{"type":"MultiPolygon","coordinates":[[[[-175.3181,-21.0683],[-175.1566,-21.2637],[-175.3624,-21.1068],[-175.3181,-21.0683]]],[[[-173.9681,-18.5653],[-173.9913,-18.6986],[-174.0691,-18.6402],[-173.9681,-18.5653]]],[[[-174.9131,-21.3005],[-174.9187,-21.4506],[-174.9729,-21.3498],[-174.9131,-21.3005]]]]}},{"type":"Feature","properties":{"iso3":"WLF","name":"Уоллис и Футуна"},"geometry":{"type":"MultiPolygon","coordinates":[[[[-176.1281,-13.2682],[-176.1954,-13.3017],[-176.1479,-13.2217],[-176.1281,-13.2682]]],[[[-178.1422,-14.2426],[-178.1586,-14.3119],[-178.1944,-14.2555],[-178.1422,-14.2426]]]]}},{"type":"Feature","properties":{"iso3":"WSM","name":"Самоа"},"geometry":{"type":"MultiPolygon","coordinates":[[[[-172.3335,-13.4652],[-172.225,-13.8043],[-172.7785,-13.5168],[-172.3335,-13.4652]]],[[[-171.6039,-13.8792],[-171.9119,-14.0017],[-172.0459,-13.8571],[-171.6039,-13.8792]]]]}},{"type":"Feature","properties":{"iso3":"SLB","name":"Соломоновы Острова"},"geometry":{"type":"MultiPolygon","coordinates":[[[[159.6416,-8.4145],[159.5692,-8.4848],[159.5532,-8.3992],[159.6416,-8.4145]]],[[[166.8555,-11.5788],[166.806,-11.6773],[166.7475,-11.5908],[166.8555,-11.5788]]],[[[166.0238,-10.6611],[165.904,-10.8515],[165.791,-10.7848],[166.0238,-10.6611]]],[[[160.0773,-11.4929],[160.4431,-11.8149],[159.9863,-11.4947],[160.0773,-11.4929]]],[[[161.5479,-9.6257],[161.4098,-9.6816],[161.3642,-9.3534],[161.5479,-9.6257]]],[[[159.1298,-8.9931],[159.0711,-9.1097],[159.0363,-9.075],[159.1298,-8.9931]]],[[[160.276,-9.1687],[160.2535,-9.0073],[160.4075,-9.1403],[160.276,-9.1687]]],[[[157.4906,-7.9657],[157.8193,-8.612],[157.2176,-8.2628],[157.4906,-7.9657]]],[[[158.2534,-8.7974],[158.1554,-8.7859],[158.21,-8.6781],[158.2534,-8.7974]]],[[[158.1055,-8.5368],[157.9376,-8.7364],[157.9093,-8.5656],[158.1055,-8.5368]]],[[[157.3322,-8.6507],[157.2123,-8.565],[157.3795,-8.4209],[157.3322,-8.6507]]],[[[156.8091,-7.7229],[156.5109,-7.7078],[156.5609,-7.574],[156.8091,-7.7229]]],[[[156.6124,-8.0962],[156.5396,-8.0729],[156.5703,-7.9588],[156.6124,-8.0962]]],[[[157.1861,-7.9412],[156.9583,-8.0144],[157.0241,-7.8679],[157.1861,-7.9412]]],[[[155.739,-6.9729],[155.7394,-7.1211],[155.6775,-7.089],[155.739,-6.9729]]],[[[157.5793,-8.7037],[157.6432,-8.794],[157.4535,-8.706],[157.5793,-8.7037]]],[[[159.7504,-9.2727],[160.3546,-9.4216],[160.8189,-9.8628],[159.8027,-9.7635],[159.7504,-9.2727]]],[[[159.8791,-8.5343],[158.944,-8.0407],[158.4574,-7.5447],[159.4314,-8.029],[159.8791,-8.5343]]],[[[156.4525,-6.6383],[157.5187,-7.3656],[157.1016,-7.3236],[156.4525,-6.6383]]],[[[160.7494,-8.314],[160.9977,-8.612],[161.3674,-9.6112],[160.7721,-8.9639],[160.7494,-8.314]]],[[[161.5379,-10.5664],[162.1054,-10.4538],[162.3733,-10.8232],[161.5379,-10.5664]]]]}},{"type":"Feature","properties":{"iso3":"TUV","name":"Тувалу"},"geometry":{"type":"Polygon","coordinates":[[[179.2166,-8.5148],[179.1957,-8.5348],[179.203,-8.4663],[179.2166,-8.5148]]]}},{"type":"Feature","properties":{"iso3":"NRU","name":"Науру"},"geometry":{"type":"Polygon","coordinates":[[[166.939,-0.4894],[166.939,-0.5508],[166.907,-0.5237],[166.939,-0.4894]]]}},{"type":"Feature","properties":{"iso3":"FSM","name":"Микронезия"},"geometry":{"type":"MultiPolygon","coordinates":[[[[162.9582,5.335],[162.9935,5.2772],[162.9211,5.3179],[162.9582,5.335]]],[[[138.2136,9.5472],[138.0671,9.419],[138.1169,9.5502],[138.2136,9.5472]]],[[[151.6295,7.3904],[151.6395,7.333],[151.5697,7.3455],[151.6295,7.3904]]],[[[151.9126,7.4539],[151.8653,7.4662],[151.9105,7.4602],[151.9126,7.4539]]],[[[158.2946,6.9511],[158.1834,6.8013],[158.1348,6.9448],[158.2946,6.9511]]]]}},{"type":"Feature","properties":{"iso3":"VUT","name":"Вануату"},"geometry":{"type":"MultiPolygon","coordinates":[[[[166.6311,-15.4061],[167.0756,-14.9356],[167.0939,-15.5809],[166.6311,-15.4061]]],[[[167.4493,-16.555],[167.6813,-16.2605],[167.8366,-16.4497],[167.4493,-16.555]]],[[[168.1992,-16.5938],[168.1814,-16.804],[168.1354,-16.6369],[168.1992,-16.5938]]],[[[168.1639,-16.0816],[168.0217,-16.3156],[167.929,-16.2287],[168.1639,-16.0816]]],[[[168.2731,-17.5522],[168.5246,-17.798],[168.1582,-17.7105],[168.2731,-17.5522]]],[[[167.8263,-15.312],[167.8442,-15.4818],[167.6742,-15.4516],[167.8263,-15.312]]],[[[168.2678,-15.8923],[168.1229,-15.6809],[168.16,-15.4618],[168.2678,-15.8923]]],[[[168.1149,-14.9886],[168.1719,-15.3906],[168.1305,-15.3189],[168.1149,-14.9886]]],[[[167.119,-15.6226],[167.2008,-15.7501],[167.0947,-15.6853],[167.119,-15.6226]]],[[[167.4107,-14.1975],[167.5433,-14.3116],[167.4303,-14.2949],[167.4107,-14.1975]]],[[[167.4811,-13.7095],[167.4511,-13.9094],[167.3918,-13.7884],[167.4811,-13.7095]]],[[[169.8295,-20.1447],[169.8611,-20.2418],[169.7375,-20.2021],[169.8295,-20.1447]]],[[[169.3367,-19.3293],[169.3473,-19.6235],[169.2475,-19.3447],[169.3367,-19.3293]]],[[[169.1438,-18.6311],[168.9869,-18.8713],[169.0158,-18.6438],[169.1438,-18.6311]]]]}},{"type":"Feature","properties":{"iso3":"NIU","name":"Ниуэ"},"geometry":{"type":"Polygon","coordinates":[[[-169.834,-18.966],[-169.9038,-19.1379],[-169.9483,-19.0729],[-169.834,-18.966]]]}},{"type":"Feature","properties":{"iso3":"ASM","name":"Американское Самоа"},"geometry":{"type":"Polygon","coordinates":[[[-170.7263,-14.3512],[-170.8205,-14.3121],[-170.5681,-14.2668],[-170.7263,-14.3512]]]}},{"type":"Feature","properties":{"iso3":"PLW","name":"Палау"},"geometry":{"type":"MultiPolygon","coordinates":[[[[131.1879,3.0556],[131.135,3.0252],[131.1367,3.0395],[131.1879,3.0556]]],[[[134.5954,7.382],[134.5157,7.5258],[134.6512,7.7121],[134.5954,7.382]]]]}},{"type":"Feature","properties":{"iso3":"GUM","name":"Гуам"},"geometry":{"type":"Polygon","coordinates":[[[144.9408,13.5703],[144.6493,13.4287],[144.8754,13.6146],[144.9408,13.5703]]]}},{"type":"Feature","properties":{"iso3":"MNP","name":"Северные Марианские острова"},"geometry":{"type":"MultiPolygon","coordinates":[[[[145.7066,18.7905],[145.6781,18.7252],[145.6455,18.8068],[145.7066,18.7905]]],[[[145.6955,16.3796],[145.6583,16.3358],[145.6311,16.378],[145.6955,16.3796]]],[[[145.2324,14.1895],[145.2153,14.1113],[145.1521,14.1636],[145.2324,14.1895]]],[[[145.8354,18.1368],[145.7291,18.0569],[145.8074,18.1727],[145.8354,18.1368]]],[[[145.752,15.1332],[145.7132,15.2153],[145.8219,15.2654],[145.752,15.1332]]],[[[145.6623,14.9705],[145.621,14.9195],[145.6248,15.0602],[145.6623,14.9705]]]]}},{"type":"Feature","properties":{"iso3":"ATC","name":"Острова Ашмор и Картье"},"geometry":{"type":"Polygon","coordinates":[[[123.5725,-12.4239],[123.5952,-12.4359],[123.5731,-12.4342],[123.5725,-12.4239]]]}},{"type":"Feature","properties":{"iso3":"ATA","name":"Антарктида"},"geometry":{"type":"MultiPolygon","coordinates":[[[[-45.9548,-60.5975],[-45.2281,-60.6397],[-45.1737,-60.733],[-45.9548,-60.5975]]],[[[-90.5354,-68.7284],[-90.6236,-68.8014],[-90.6292,-68.7164],[-90.5354,-68.7284]]],[[[-57.0767,-63.2625],[-56.8348,-63.6313],[-58.263,-63.7634],[-59.0473,-64.2345],[-58.7861,-64.5242],[-59.9631,-64.4313],[-62.1453,-65.3317],[-62.005,-66.1129],[-60.5654,-65.9794],[-61.0284,-66.3365],[-62.682,-66.2373],[-62.6289,-66.7062],[-63.7525,-66.2777],[-63.7547,-66.8729],[-65.5031,-67.3772],[-65.6395,-68.1306],[-64.8295,-68.1274],[-65.452,-68.3367],[-65.1583,-68.618],[-62.9333,-68.4426],[-63.7734,-68.6318],[-61.9611,-70.1201],[-62.3778,-70.3648],[-61.5047,-70.4905],[-61.9611,-70.9006],[-60.9623,-71.2446],[-61.9588,-71.6578],[-61.0351,-71.82],[-62.2566,-72.0176],[-60.7194,-72.0727],[-61.2861,-72.6008],[-60.0098,-72.9379],[-62.0083,-73.1477],[-60.7903,-73.7118],[-61.8428,-74.2896],[-60.7043,-74.3071],[-64.2795,-75.2929],[-63.3634,-75.4515],[-70.2102,-76.6741],[-77.2871,-76.7017],[-75.3869,-77.4742],[-72.852,-77.5902],[-74.0421,-78.1094],[-80.6016,-77.752],[-81.581,-77.8461],[-77.4524,-78.5604],[-80.2923,-78.8228],[-83.779,-77.9836],[-83.227,-78.4016],[-83.7627,-78.4611],[-80.892,-79.5019],[-76.2177,-79.3872],[-76.5579,-79.9035],[-79.6604,-79.9969],[-76.4073,-80.0949],[-75.0756,-80.8601],[-70.6879,-80.6263],[-62.3537,-81.5767],[-66.1338,-81.9534],[-64.9196,-82.3705],[-60.5277,-82.1999],[-62.7356,-82.5273],[-61.2184,-82.9918],[-61.4253,-83.3956],[-59.516,-83.4584],[-53.9861,-82.2006],[-46.2581,-81.947],[-46.5167,-82.4546],[-45.7886,-82.4949],[-38.7717,-80.8823],[-23.5745,-79.9648],[-36.2656,-78.6155],[-34.0758,-77.4254],[-28.9336,-76.3703],[-18.3046,-75.4313],[-18.7492,-75.2421],[-17.4358,-74.3791],[-14.5738,-73.9375],[-16.2201,-73.9157],[-16.4352,-73.4257],[-11.497,-72.4129],[-11.0092,-71.7579],[-12.3513,-71.3897],[-10.8254,-71.5533],[-10.2706,-70.9357],[-8.6465,-71.6728],[-7.7137,-71.5465],[-7.7527,-70.8428],[-5.9363,-70.7127],[-5.5879,-70.8567],[-6.1175,-71.326],[-1.0678,-71.2656],[-0.5432,-71.7127],[9.1416,-70.1837],[11.7013,-70.7666],[13.0656,-70.0536],[18.1246,-70.5403],[19.0094,-70.2121],[19.4093,-70.917],[21.0708,-70.8435],[21.705,-70.2585],[22.979,-70.8104],[24.0241,-70.4134],[26.4988,-71.0195],[32.6213,-70.0006],[32.9894,-69.6242],[32.6416,-68.8689],[33.4656,-68.6707],[35.357,-69.6813],[38.8855,-70.1719],[40.2156,-68.8049],[46.5597,-67.2682],[48.3745,-67.9881],[49.2193,-67.2269],[48.4652,-67.0435],[50.553,-67.1943],[50.3324,-66.4446],[53.6718,-65.8587],[57.1854,-66.6133],[56.1459,-66.6261],[56.4797,-66.8592],[55.8027,-67.1993],[56.1549,-67.2646],[69.5592,-67.7632],[69.9822,-68.4643],[69.6295,-69.2316],[68.9062,-69.3728],[69.0826,-69.8666],[67.268,-70.2731],[69.2502,-70.4311],[66.4977,-73.1255],[67.3221,-73.3003],[71.2768,-71.6239],[73.3248,-69.8489],[75.6355,-69.8489],[79.0352,-68.1754],[84.4852,-67.1145],[92.0734,-66.5079],[99.3701,-66.6482],[102.6742,-65.8651],[109.4628,-66.9087],[110.9067,-66.0767],[113.0994,-65.7999],[115.6354,-66.7712],[114.0266,-67.4412],[120.3748,-66.9838],[119.133,-67.3707],[125.8656,-66.3645],[128.4306,-67.1191],[130.5785,-66.2086],[135.352,-66.1271],[143.7304,-66.8768],[144.6212,-67.1414],[143.9773,-67.8646],[145.9752,-67.6242],[147.0937,-68.3687],[153.0818,-68.8568],[153.908,-68.3231],[155.5203,-69.0244],[159.784,-69.5219],[162.1895,-71.0396],[162.022,-70.4398],[162.6748,-70.3046],[170.4357,-71.4188],[170.8591,-71.8686],[170.0301,-72.1155],[170.2064,-72.5653],[168.4284,-72.3834],[169.8286,-72.7288],[169.545,-73.0504],[166.4528,-72.936],[167.7091,-73.3942],[165.347,-73.8794],[164.813,-73.3968],[165.4086,-74.5586],[163.3979,-74.3821],[162.4101,-75.2376],[160.9107,-75.3347],[162.8157,-75.8462],[162.4503,-76.9557],[164.4915,-77.954],[163.9776,-78.2238],[165.4176,-78.0422],[167.049,-78.686],[161.6692,-78.5361],[161.9515,-79.03],[160.8735,-79.0497],[159.8719,-79.7898],[160.5588,-80.0105],[158.5736,-80.4234],[160.6373,-80.4499],[160.4698,-81.3406],[163.6801,-82.1873],[161.2832,-82.4899],[164.7472,-82.3544],[168.6073,-83.0653],[167.6576,-83.2722],[168.1101,-83.362],[180.0,-84.3516],[180.0,-89.9989],[-180.0,-89.9989],[-180.0,-84.3516],[-156.4591,-85.186],[-165.1354,-84.4099],[-163.7576,-84.3055],[-174.2359,-82.7935],[-159.4444,-83.5432],[-153.0099,-82.4496],[-154.7174,-81.9407],[-153.9566,-81.7002],[-157.0325,-81.3191],[-156.5282,-81.1623],[-148.0234,-80.8357],[-150.5754,-80.3537],[-148.1765,-79.7759],[-156.1146,-78.7446],[-156.4693,-78.6354],[-154.293,-78.2591],[-158.2859,-77.9508],[-158.0031,-77.0912],[-149.7177,-77.7975],[-148.1557,-77.4623],[-148.7775,-77.125],[-145.5157,-77.1992],[-146.7767,-76.507],[-149.6542,-76.3653],[-145.4421,-76.4092],[-146.383,-76.0997],[-143.5743,-75.5636],[-140.8743,-75.7459],[-141.2233,-75.5459],[-135.3621,-74.6904],[-129.7908,-74.8914],[-115.2226,-74.4874],[-114.6237,-73.9029],[-113.333,-74.4542],[-114.1104,-74.9818],[-111.6962,-74.7922],[-111.63,-74.1814],[-110.3071,-74.3667],[-111.3588,-75.2199],[-98.5579,-75.1897],[-102.8627,-73.7836],[-98.8961,-73.6111],[-102.9088,-73.2852],[-103.1101,-72.7212],[-90.9209,-73.3191],[-88.78,-72.683],[-88.1941,-72.7875],[-88.4194,-73.229],[-82.1835,-73.8568],[-81.3087,-73.7383],[-81.1764,-73.2488],[-80.3364,-73.4142],[-80.4422,-72.9445],[-76.8505,-73.4604],[-77.0489,-73.8441],[-69.2822,-73.1696],[-66.8277,-72.0904],[-68.708,-69.4322],[-66.9749,-69.161],[-67.3905,-68.8612],[-66.6772,-67.5603],[-67.5445,-67.5347],[-67.4934,-67.1128],[-66.4987,-67.2891],[-66.5036,-66.6898],[-64.5143,-65.9596],[-63.7603,-65.0335],[-57.0767,-63.2625]]],[[[-45.3523,-78.7912],[-43.6273,-78.8461],[-42.99,-79.8013],[-49.773,-80.7842],[-54.3508,-80.7604],[-50.4016,-79.5117],[-50.7331,-79.2827],[-50.2196,-78.6053],[-49.0812,-78.0475],[-46.2579,-77.8049],[-43.7846,-78.3363],[-45.3523,-78.7912]]],[[[-59.3217,-80.1962],[-60.5828,-80.9481],[-64.2683,-80.7485],[-66.7711,-80.2938],[-61.6333,-80.3441],[-60.5788,-79.741],[-59.3217,-80.1962]]],[[[-70.417,-68.789],[-68.314,-70.9117],[-68.241,-71.8222],[-69.2093,-72.5342],[-73.0574,-72.4476],[-70.206,-72.2277],[-71.6615,-72.2498],[-70.821,-71.9065],[-72.3366,-71.6322],[-73.9956,-72.1698],[-75.3827,-71.8279],[-72.2117,-71.3351],[-73.0604,-71.127],[-72.7104,-71.0729],[-69.8698,-71.1257],[-71.19,-70.6596],[-69.6184,-70.398],[-71.7285,-70.0537],[-72.1379,-69.1146],[-70.417,-68.789]]],[[[-102.3136,-72.0811],[-95.5311,-72.2487],[-98.1634,-72.5561],[-102.3136,-72.0811]]],[[[-123.3462,-73.8431],[-120.2725,-73.9892],[-121.0024,-74.3264],[-122.2866,-74.4031],[-123.3462,-73.8431]]],[[[-127.4291,-73.4469],[-125.264,-73.6664],[-125.857,-73.7802],[-123.8367,-74.2257],[-127.4291,-73.4469]]],[[[-159.0529,-79.8074],[-161.8655,-79.7035],[-164.2816,-79.2455],[-162.39,-78.7602],[-159.0529,-79.8074]]],[[[166.2168,-77.5246],[169.2756,-77.4547],[169.3527,-77.5247],[166.2168,-77.5246]]],[[[-32.0003,-79.7324],[-30.7799,-79.6474],[-29.6145,-79.9096],[-32.0003,-79.7324]]],[[[-35.5347,-79.09],[-34.05,-79.3571],[-36.6008,-79.2827],[-35.5347,-79.09]]],[[[-69.7317,-79.6184],[-71.7835,-79.4443],[-66.7281,-78.3837],[-69.7317,-79.6184]]],[[[-58.4381,-64.1135],[-57.4797,-63.9616],[-57.2223,-64.2214],[-58.4381,-64.1135]]],[[[-56.0422,-63.1571],[-55.0752,-63.3243],[-56.5053,-63.3343],[-56.0422,-63.1571]]],[[[-59.0037,-62.2098],[-57.738,-61.9212],[-57.6396,-62.0204],[-59.0037,-62.2098]]],[[[-63.4856,-64.2605],[-62.8365,-64.5719],[-64.2721,-64.6976],[-63.4856,-64.2605]]],[[[-62.4514,-64.0124],[-62.5797,-64.5143],[-62.7818,-64.479],[-62.4514,-64.0124]]],[[[-67.9885,-67.4744],[-68.8183,-67.7534],[-69.138,-67.5152],[-67.7111,-66.633],[-67.9885,-67.4744]]],[[[-73.7066,-70.6352],[-74.8058,-71.0123],[-76.5115,-70.9908],[-74.9536,-70.5902],[-73.7066,-70.6352]]],[[[-75.8042,-70.0382],[-74.8102,-69.7524],[-74.438,-69.9496],[-75.8042,-70.0382]]],[[[-74.2239,-72.9971],[-74.5747,-73.6113],[-76.0964,-73.1505],[-75.3769,-72.8204],[-74.2239,-72.9971]]],[[[-90.8071,-72.6106],[-91.5108,-73.1955],[-91.67,-72.6237],[-90.8071,-72.6106]]],[[[167.4979,-77.9924],[166.2849,-78.3064],[166.0129,-78.102],[167.4979,-77.9924]]],[[[101.259,-65.5276],[100.5469,-65.7013],[100.2703,-65.6033],[101.259,-65.5276]]],[[[26.8748,-70.33],[26.3576,-70.4343],[25.9541,-70.2614],[26.6048,-70.0782],[26.8748,-70.33]]],[[[-5.9716,-70.4215],[-6.1561,-70.6115],[-6.438,-70.4526],[-5.9716,-70.4215]]],[[[-2.8051,-70.2885],[-3.4419,-70.5354],[-3.4968,-70.4884],[-2.8051,-70.2885]]],[[[-65.5044,-79.9543],[-66.9042,-79.9089],[-67.8087,-79.5459],[-65.5044,-79.9543]]],[[[-67.0687,-79.2685],[-67.4343,-79.5012],[-68.5489,-79.4374],[-67.0687,-79.2685]]],[[[-54.671,-61.117],[-55.297,-61.2485],[-55.4402,-61.1062],[-55.387,-61.0727],[-54.671,-61.117]]],[[[-55.8579,-63.4073],[-55.9567,-63.58],[-56.2352,-63.4688],[-55.8579,-63.4073]]],[[[-56.991,-64.468],[-57.4459,-64.4599],[-56.8947,-64.333],[-56.991,-64.468]]],[[[-56.4886,-62.9822],[-56.3541,-63.1688],[-56.6142,-63.0451],[-56.4886,-62.9822]]],[[[-57.6833,-63.8127],[-57.104,-63.8412],[-57.3438,-63.8785],[-57.6833,-63.8127]]],[[[-61.816,-69.3762],[-62.0852,-69.7295],[-62.5677,-69.1805],[-61.816,-69.3762]]],[[[-61.1498,-62.6342],[-60.1399,-62.5487],[-59.8496,-62.6149],[-61.1498,-62.6342]]],[[[-71.9854,-69.6984],[-72.7768,-69.645],[-72.9573,-69.5291],[-72.4643,-69.4519],[-71.9854,-69.6984]]],[[[-94.426,-72.6126],[-95.2729,-72.6469],[-94.5661,-72.4681],[-94.426,-72.6126]]],[[[-104.9724,-72.941],[-104.881,-73.2006],[-105.1318,-72.9915],[-104.9724,-72.941]]],[[[-119.0586,-73.9977],[-119.8026,-73.8146],[-118.8773,-73.878],[-119.0586,-73.9977]]],[[[-127.2297,-74.4252],[-127.9152,-74.5426],[-128.1334,-74.3274],[-127.2297,-74.4252]]],[[[-161.6352,-83.027],[-163.0465,-83.0968],[-163.7959,-82.8427],[-161.6352,-83.027]]],[[[-160.4671,-81.5895],[-163.2531,-81.4824],[-163.9512,-81.3909],[-162.4565,-81.3133],[-160.4671,-81.5895]]],[[[163.976,-74.8327],[163.7417,-74.7115],[164.2085,-74.6077],[163.976,-74.8327]]],[[[162.72,-75.5967],[162.7883,-75.6962],[162.5912,-75.6686],[162.72,-75.5967]]],[[[169.7832,-73.3242],[169.7092,-73.6253],[169.4795,-73.5395],[169.7832,-73.3242]]],[[[164.9072,-67.4186],[164.639,-67.5001],[164.684,-67.2594],[164.9072,-67.4186]]],[[[163.2379,-66.7088],[163.2346,-66.868],[163.0896,-66.7006],[163.2379,-66.7088]]],[[[162.6114,-66.4773],[162.3027,-66.3997],[162.3105,-66.2513],[162.6114,-66.4773]]],[[[96.307,-66.1858],[96.9316,-66.0584],[97.0156,-66.164],[96.307,-66.1858]]],[[[100.2905,-66.1124],[100.1332,-66.2295],[100.0763,-66.1881],[100.2905,-66.1124]]],[[[98.9498,-66.4205],[98.6551,-66.4533],[98.5965,-66.3826],[98.9498,-66.4205]]],[[[103.1368,-65.1906],[103.176,-65.4547],[102.7596,-65.1679],[103.1368,-65.1906]]],[[[92.4964,-65.7021],[92.333,-65.8072],[92.2481,-65.7399],[92.4964,-65.7021]]],[[[85.8063,-66.7746],[85.6501,-66.9797],[85.3145,-66.776],[85.8063,-66.7746]]],[[[86.3833,-66.6748],[86.337,-66.7876],[86.2322,-66.7329],[86.3833,-66.6748]]],[[[85.1647,-66.5216],[85.1361,-66.6371],[85.0687,-66.5838],[85.1647,-66.5216]]],[[[69.7961,-71.8939],[69.792,-72.0467],[69.6926,-71.9683],[69.7961,-71.8939]]],[[[68.8172,-72.2287],[68.4089,-72.3002],[68.7293,-72.0892],[68.8172,-72.2287]]],[[[71.7966,-70.2643],[71.8412,-70.622],[71.6466,-70.3363],[71.7966,-70.2643]]],[[[48.7747,-66.7783],[48.3045,-66.7979],[48.2939,-66.7501],[48.3577,-66.7038],[48.7747,-66.7783]]],[[[16.6255,-69.7503],[16.1593,-70.072],[15.5626,-69.8628],[16.6255,-69.7503]]],[[[3.2306,-70.4026],[2.6978,-70.6235],[2.5847,-70.5346],[3.2306,-70.4026]]],[[[-3.263,-71.0518],[-3.3094,-71.2009],[-3.399,-71.0621],[-3.263,-71.0518]]],[[[1.4122,-70.0407],[1.1563,-70.3781],[0.9496,-70.094],[1.4122,-70.0407]]],[[[-3.5747,-70.7031],[-2.0923,-70.8209],[-2.7835,-71.1675],[-3.5747,-70.7031]]],[[[4.495,-70.2514],[4.1797,-70.4513],[4.0697,-70.2902],[4.495,-70.2514]]],[[[-20.6901,-73.6252],[-20.489,-74.4927],[-22.0354,-74.1065],[-20.6901,-73.6252]]],[[[-16.3559,-72.4586],[-16.3176,-72.7021],[-16.5166,-72.5309],[-16.3559,-72.4586]]],[[[-12.7889,-72.0065],[-12.7202,-72.1877],[-12.9633,-72.0645],[-12.7889,-72.0065]]],[[[-32.3425,-79.6736],[-32.5833,-79.6583],[-31.9334,-79.5679],[-32.3425,-79.6736]]],[[[-54.0413,-61.2554],[-54.1922,-61.2466],[-54.0243,-61.1353],[-54.0413,-61.2554]]],[[[-59.0638,-62.2391],[-59.0594,-62.3478],[-59.2024,-62.2831],[-59.0638,-62.2391]]],[[[-61.3271,-69.8563],[-61.3086,-69.9779],[-61.4043,-69.9325],[-61.3271,-69.8563]]],[[[-60.8136,-68.6877],[-60.8201,-68.7784],[-61.0149,-68.7098],[-60.8136,-68.6877]]],[[[-60.4877,-70.6467],[-60.9418,-70.5325],[-60.4525,-70.5442],[-60.4877,-70.6467]]],[[[-60.6131,-70.9201],[-60.7897,-71.0411],[-60.9465,-70.9674],[-60.6131,-70.9201]]],[[[-59.3958,-62.3673],[-59.5252,-62.4515],[-59.6607,-62.3543],[-59.3958,-62.3673]]],[[[-60.6374,-62.8952],[-60.6217,-63.018],[-60.7404,-62.9486],[-60.6374,-62.8952]]],[[[-60.7148,-63.6688],[-60.7777,-63.9021],[-60.9722,-63.849],[-60.7148,-63.6688]]],[[[-61.9524,-64.0771],[-62.0439,-64.0804],[-61.7982,-63.9666],[-61.9524,-64.0771]]],[[[-63.1772,-64.7388],[-63.4744,-64.9065],[-63.5583,-64.906],[-63.1772,-64.7388]]],[[[-62.3174,-62.8741],[-62.6553,-63.0738],[-62.5271,-62.9238],[-62.3174,-62.8741]]],[[[-65.8139,-65.6866],[-66.1814,-65.8264],[-65.6369,-65.5478],[-65.8139,-65.6866]]],[[[-66.779,-66.1108],[-66.8187,-66.3127],[-66.8675,-66.2938],[-66.779,-66.1108]]],[[[-67.426,-66.7369],[-67.5208,-66.8973],[-67.5933,-66.8756],[-67.426,-66.7369]]],[[[-67.1494,-67.6502],[-67.6934,-67.7635],[-67.7433,-67.6612],[-67.1494,-67.6502]]],[[[-71.6847,-70.4423],[-71.4316,-70.2673],[-71.3403,-70.3175],[-71.6847,-70.4423]]],[[[-73.5424,-73.1238],[-73.9748,-73.3761],[-74.1466,-73.3154],[-73.5424,-73.1238]]],[[[-94.0042,-72.8197],[-93.9655,-72.9202],[-94.1132,-72.8601],[-94.0042,-72.8197]]],[[[-116.155,-73.9104],[-117.2303,-74.1928],[-117.3983,-74.1225],[-116.155,-73.9104]]],[[[-132.5525,-74.3866],[-132.5463,-74.4984],[-132.8572,-74.4617],[-132.5525,-74.3866]]],[[[-130.9811,-74.4141],[-131.8409,-74.5426],[-132.1626,-74.4258],[-130.9811,-74.4141]]],[[[-147.7697,-76.5769],[-147.7296,-76.6534],[-148.0011,-76.5771],[-147.7697,-76.5769]]],[[[-145.7608,-75.5139],[-145.5412,-75.6927],[-146.1508,-75.5735],[-145.7608,-75.5139]]],[[[-146.2444,-76.8831],[-147.0789,-76.9928],[-147.1156,-76.8662],[-146.2444,-76.8831]]],[[[-148.4397,-76.9771],[-149.2448,-76.9931],[-149.3025,-76.9158],[-148.4397,-76.9771]]],[[[-149.4689,-76.7571],[-148.6626,-76.7205],[-148.3208,-76.7717],[-149.4689,-76.7571]]],[[[-149.3754,-77.28],[-148.9289,-77.3868],[-149.6624,-77.301],[-149.3754,-77.28]]],[[[-150.1774,-76.6913],[-150.6552,-76.789],[-150.8735,-76.7367],[-150.1774,-76.6913]]],[[[-146.949,-76.0981],[-146.8945,-76.2609],[-147.4181,-76.0734],[-146.949,-76.0981]]],[[[-147.1353,-76.5315],[-146.9078,-76.7141],[-147.3553,-76.6188],[-147.1353,-76.5315]]],[[[-151.0215,-77.22],[-150.4749,-77.3737],[-151.5116,-77.2733],[-151.0215,-77.22]]],[[[-153.9305,-80.0333],[-154.9417,-79.9663],[-155.7512,-79.8296],[-155.6743,-79.7655],[-153.9305,-80.0333]]],[[[-149.2307,-77.1205],[-150.4618,-77.0757],[-150.7885,-76.9816],[-149.8706,-76.875],[-149.2307,-77.1205]]],[[[-157.8346,-82.0308],[-158.0762,-82.112],[-158.9887,-81.7793],[-157.8346,-82.0308]]]]}},{"type":"Feature","properties":{"iso3":"ATF","name":"Французские Южные и Антарктические территории"},"geometry":{"type":"MultiPolygon","coordinates":[[[[69.0521,-49.0819],[69.3143,-49.1063],[69.5928,-48.971],[70.5555,-49.2015],[69.76,-49.4302],[70.1243,-49.7044],[68.8147,-49.6996],[69.0024,-48.6612],[69.0521,-49.0819]]],[[[69.3688,-48.8904],[69.2206,-49.0668],[69.1672,-48.8829],[69.3688,-48.8904]]],[[[51.7419,-46.3269],[51.6966,-46.4281],[51.6593,-46.3736],[51.7419,-46.3269]]]]}},{"type":"Feature","properties":{"iso3":"SYC","name":"Сейшельские Острова"},"geometry":{"type":"Polygon","coordinates":[[[55.4558,-4.5588],[55.543,-4.7855],[55.3834,-4.6093],[55.4558,-4.5588]]]}},{"type":"Feature","properties":{"iso3":"HMD","name":"Остров Херд и острова Макдональд"},"geometry":{"type":"Polygon","coordinates":[[[73.8378,-53.1128],[73.4651,-53.1842],[73.2512,-52.9758],[73.8378,-53.1128]]]}},{"type":"Feature","properties":{"iso3":"SHN","name":"Остров Святой Елены"},"geometry":{"type":"MultiPolygon","coordinates":[[[[-5.6625,-15.9128],[-5.7825,-16.004],[-5.7079,-15.9062],[-5.6625,-15.9128]]],[[[-14.3025,-7.9354],[-14.4149,-7.9437],[-14.3836,-7.8826],[-14.3025,-7.9354]]]]}},{"type":"Feature","properties":{"iso3":"MUS","name":"Маврикий"},"geometry":{"type":"Polygon","coordinates":[[[57.792,-20.2126],[57.3177,-20.4276],[57.6565,-19.9899],[57.792,-20.2126]]]}},{"type":"Feature","properties":{"iso3":"IOT","name":"Британская территория в Индийском океане"},"geometry":{"type":"Polygon","coordinates":[[[72.4456,-7.2204],[72.4291,-7.4354],[72.3497,-7.2634],[72.4456,-7.2204]]]}},{"type":"Feature","properties":{"iso3":"MDV","name":"Мальдивы"},"geometry":{"type":"MultiPolygon","coordinates":[[[[73.4428,3.2743],[73.385,3.2714],[73.4277,3.2898],[73.4428,3.2743]]],[[[73.5283,4.2433],[73.473,4.1707],[73.5178,4.2477],[73.5283,4.2433]]]]}},{"type":"Feature","properties":{"iso3":"SGS","name":"Южная Георгия и Южные Сандвичевы острова"},"geometry":{"type":"MultiPolygon","coordinates":[[[[-26.3035,-58.3822],[-26.2599,-58.4923],[-26.451,-58.4153],[-26.3035,-58.3822]]],[[[-38.0174,-54.008],[-36.3265,-54.2512],[-35.7986,-54.7635],[-38.0174,-54.008]]]]}}]}