file_id,source_id,distribution_kind,filename,extension,media_type,bytes_count,sha256,release_year,retrieved_at,download_allowed,release_archive_decision,official_url,snapshot_id,artifact_id
artifact.cmVjaXBlOkNPUlBPUkFURV9SRVBPUlRTX0hURUk6MjAyNjozMzE3N2NiZDZhZjQ1ZTJi,CORPORATE_REPORTS_HTEI,download_recipe,CORPORATE_REPORTS_HTEI_2026_33177cbd6af45e2b.json,json,application/json,799,5df0a81f520e8341c6ed1d68a0476adeb6043bd543d47a574334dd9628c92eac,2026,2026-07-11T12:05:47+00:00,False,exclude_raw_keep_derived,local:methodology/corporate-report-register,CORPORATE_REPORTS_HTEI:2026:33177cbd6af45e2b,recipe:CORPORATE_REPORTS_HTEI:2026:33177cbd6af45e2b
artifact.ZGVyaXZlZDpDT1JQT1JBVEVfUkVQT1JUU19IVEVJOjIwMjY6MzMxNzdjYmQ2YWY0NWUyYg,CORPORATE_REPORTS_HTEI,derived_export,CORPORATE_REPORTS_HTEI_2026_33177cbd6af45e2b.json.gz,gz,application/json,403,d26dd725675ba992d23071b138624bf3cf392c941a8d07cdda00057dcbff5cd6,2026,2026-07-11T12:05:47+00:00,False,exclude_raw_keep_derived,local:methodology/corporate-report-register,CORPORATE_REPORTS_HTEI:2026:33177cbd6af45e2b,derived:CORPORATE_REPORTS_HTEI:2026:33177cbd6af45e2b
raw.Q09SUE9SQVRFX1JFUE9SVFNfSFRFSToyMDI2OjMzMTc3Y2JkNmFmNDVlMmI,CORPORATE_REPORTS_HTEI,raw_snapshot,corporate_reports_htei_register.json,json,application/json,408,33177cbd6af45e2b9855bdc186f29e1ff470fbeea733d7135ecc1bdb12b2fb37,2026,2026-07-09T17:25:48+00:00,False,metadata_only,local:methodology/corporate-report-register,CORPORATE_REPORTS_HTEI:2026:33177cbd6af45e2b,
artifact.cmF3OkVVUk9TVEFUX0hURUM6MjAyNTo3OTM4NTYzYWU0OGUwYzdk,EUROSTAT_HTEC,raw_included,eurostat_htei_manifest.json,json,application/json,2005,7938563ae48e0c7da3414cc9ae4f9ee6e048b7352a34fc5f0ad22e94ebdfb304,2025,2026-07-11T12:05:47+00:00,True,include,https://ec.europa.eu/eurostat/api/dissemination/statistics/1.0/data/,EUROSTAT_HTEC:2025:7938563ae48e0c7d,raw:EUROSTAT_HTEC:2025:7938563ae48e0c7d
artifact.cmF3OkVVUk9TVEFUX0hURUM6MjAyNTpmMDYxYWIxYzI2MDFiZTRj,EUROSTAT_HTEC,raw_included,eurostat_htei_manifest.json,json,application/json,1428,f061ab1c2601be4cd48835b2d712bf32669d033a37e547e40b8fb8a76f76cbbb,2025,2026-07-11T12:05:47+00:00,True,include,https://ec.europa.eu/eurostat/api/dissemination/statistics/1.0/data/,EUROSTAT_HTEC:2025:f061ab1c2601be4c,raw:EUROSTAT_HTEC:2025:f061ab1c2601be4c
artifact.cmF3OkhURUlfRklOQUxfVjY6MjAyNg,HTEI_FINAL_V6,raw_included,htei_final_v6_manifest.json,json,application/json,754,507157f9041d8ae0a3d4b84b678b3c5e3a46c5be5b00c2ef9d2ba2e8d5b854f2,2026,2026-07-11T12:05:47+00:00,True,include,local:docs/HTEI_METHODOLOGY_V6.md,HTEI_FINAL_V6:2026,raw:HTEI_FINAL_V6:2026
artifact.cmF3OkhURUlfTVVMVElfU09VUkNFOjIwMjY6OTQ3ODExNWI2MzQ4N2VlMA,HTEI_MULTI_SOURCE,raw_included,htei_asof_release_manifest.json,json,application/json,404,9478115b63487ee028271b68cafb9c0a0b7889d1b96a28c8b4b730729f5eb3bc,2026,2026-07-11T12:05:47+00:00,True,include,local:methodology/htei-v3-asof,HTEI_MULTI_SOURCE:2026:9478115b63487ee0,raw:HTEI_MULTI_SOURCE:2026:9478115b63487ee0
artifact.cmF3OkhURUlfTVVMVElfU09VUkNFOjIwMjY6NTAxMTkzMjJmNjYxYmI0Nw,HTEI_MULTI_SOURCE,raw_included,htei_v3_multisource_manifest.json,json,application/json,1336,50119322f661bb470b6778a834b2578a15e357fc587b8e4e06418149e2f4fd6e,2026,2026-07-11T12:05:47+00:00,True,include,local:methodology/htei-v3,HTEI_MULTI_SOURCE:2026:50119322f661bb47,raw:HTEI_MULTI_SOURCE:2026:50119322f661bb47
artifact.cmF3OkhURUlfTVVMVElfU09VUkNFOjIwMjY6ZTI3NjQ1YzBiMmM5YzBhMQ,HTEI_MULTI_SOURCE,raw_included,htei_v3_multisource_manifest.json,json,application/json,990,e27645c0b2c9c0a1044c0aaea085e930551095ada30a2f7d9dca11a9e057a2aa,2026,2026-07-11T12:05:47+00:00,True,include,local:methodology/htei-v3,HTEI_MULTI_SOURCE:2026:e27645c0b2c9c0a1,raw:HTEI_MULTI_SOURCE:2026:e27645c0b2c9c0a1
artifact.cmF3OkhURUlfU0NJRU5USUZJQ19WNToyMDI2OmE0OTg4MjM4NmNhODczYTA,HTEI_SCIENTIFIC_V5,raw_included,htei_scientific_v5_manifest.json,json,application/json,6913,a49882386ca873a0e3d55dba564b549621d7ef4b431cc3fe20cc425857a2901a,2026,2026-07-11T12:05:47+00:00,True,include,local:docs/HTEI_METHODOLOGY_V5.md,HTEI_SCIENTIFIC_V5:2026:a49882386ca873a0,raw:HTEI_SCIENTIFIC_V5:2026:a49882386ca873a0
artifact.cmF3OklMT1NUQVRfSFRFSToyMDI1OjFlOTJmNmYwMGZjMzU4ODU,ILOSTAT_HTEI,raw_included,ilostat_htei_manifest.json,json,application/json,1351,1e92f6f00fc358852b8ad1b603d67763a3b3a08ea4637e73051c53574fc1ac9a,2025,2026-07-11T12:05:47+00:00,True,include,https://rplumber.ilo.org/files/website/bulk/indicator.html,ILOSTAT_HTEI:2025:1e92f6f00fc35885,raw:ILOSTAT_HTEI:2025:1e92f6f00fc35885
raw.SVRVX0lESToyMDI1OjEzNmNkODI2MWU3YTlhMzc,ITU_IDI,raw_snapshot,IDIDataset_2025.xlsx,xlsx,application/vnd.openxmlformats-officedocument.spreadsheetml.sheet,175482,136cd8261e7a9a370ac965d15787391939f5898e1b6f6572e36c1c99f29dde67,2025,2026-07-09T05:00:13+00:00,False,metadata_only,https://www.itu.int/itu-d/reports/statistics/wp-content/uploads/sites/5/2025/06/IDIDataset_2025.xlsx,ITU_IDI:2025:136cd8261e7a9a37,
artifact.cmVjaXBlOklUVV9JREk6MjAyNToxMzZjZDgyNjFlN2E5YTM3,ITU_IDI,download_recipe,ITU_IDI_2025_136cd8261e7a9a37.json,json,application/json,847,89e42e5cecf747644ec93a776a0088dcea1b2f13f5f1d7c8c8ab7807fb54da2c,2025,2026-07-11T12:05:48+00:00,False,exclude_raw_keep_derived,https://www.itu.int/itu-d/reports/statistics/wp-content/uploads/sites/5/2025/06/IDIDataset_2025.xlsx,ITU_IDI:2025:136cd8261e7a9a37,recipe:ITU_IDI:2025:136cd8261e7a9a37
artifact.ZGVyaXZlZDpJVFVfSURJOjIwMjU6MTM2Y2Q4MjYxZTdhOWEzNw,ITU_IDI,derived_export,ITU_IDI_2025_136cd8261e7a9a37.json.gz,gz,application/json,116265,b58d7ca99e03ad3f3a707d144a7651614bb7ad21bc9ecaf15bdc7f477ed4697d,2025,2026-07-11T12:05:48+00:00,False,exclude_raw_keep_derived,https://www.itu.int/itu-d/reports/statistics/wp-content/uploads/sites/5/2025/06/IDIDataset_2025.xlsx,ITU_IDI:2025:136cd8261e7a9a37,derived:ITU_IDI:2025:136cd8261e7a9a37
artifact.cmVjaXBlOk5BVElPTkFMX1NUQVRTX0hURUk6MjAyNjpjNzExNWQzZDRmNDkyMDk0,NATIONAL_STATS_HTEI,download_recipe,NATIONAL_STATS_HTEI_2026_c7115d3d4f492094.json,json,application/json,790,e32fed0784370b881dab03af904fb1be52be7b663c1515bf78cac9ce8bfc3b69,2026,2026-07-11T12:05:48+00:00,False,exclude_raw_keep_derived,local:methodology/national-statistics-register,NATIONAL_STATS_HTEI:2026:c7115d3d4f492094,recipe:NATIONAL_STATS_HTEI:2026:c7115d3d4f492094
artifact.ZGVyaXZlZDpOQVRJT05BTF9TVEFUU19IVEVJOjIwMjY6YzcxMTVkM2Q0ZjQ5MjA5NA,NATIONAL_STATS_HTEI,derived_export,NATIONAL_STATS_HTEI_2026_c7115d3d4f492094.json.gz,gz,application/json,406,5387c5e762d7455b9730d65b9e09c5e64e8ad97a92e5b137846fa2367ccc2369,2026,2026-07-11T12:05:48+00:00,False,exclude_raw_keep_derived,local:methodology/national-statistics-register,NATIONAL_STATS_HTEI:2026:c7115d3d4f492094,derived:NATIONAL_STATS_HTEI:2026:c7115d3d4f492094
raw.TkFUSU9OQUxfU1RBVFNfSFRFSToyMDI2OmM3MTE1ZDNkNGY0OTIwOTQ,NATIONAL_STATS_HTEI,raw_snapshot,national_stats_htei_register.json,json,application/json,441,c7115d3d4f492094037660506c7665984af1a255fc7213f6526ce6453fd2093c,2026,2026-07-09T17:25:48+00:00,False,metadata_only,local:methodology/national-statistics-register,NATIONAL_STATS_HTEI:2026:c7115d3d4f492094,
raw.TkFUSU9OQUxfU1RBVFNfTlVNRVJJQzpEU1RfUkRfRlRFX1JEQ1AwMTI5OjIwMjYwNzExVDExNDczNyswMDAw,NATIONAL_STATS_NUMERIC,raw_snapshot,20260711T114737+0000.csv,csv,text/csv,521,f0e0c7af3c50c0d466c2527b634d683a3e8b95680461df6c9f68c7b453562762,2024,2026-07-11T11:47:37+00:00,False,metadata_only,https://api.statbank.dk/v1/data/RDCP0129/CSV?timeOrder=Ascending&SEKTOR=010&K%C3%98N=TOT&PERSTYP=090&AARVAERK=800&Tid=*&valuePresentation=Code,NATIONAL_STATS_NUMERIC:DST_RD_FTE_RDCP0129:20260711T114737+0000,
raw.TkFUSU9OQUxfU1RBVFNfTlVNRVJJQzpTVEFURklOX1JEX0ZURV8xMVNWOjIwMjYwNzExVDExNDczNyswMDAw,NATIONAL_STATS_NUMERIC,raw_snapshot,20260711T114737+0000.json,json,application/json,2868,7b28716f98e8e9f8e1544d15fe4be82109cd407af514dc162269b89a91e63221,2024,2026-07-11T11:47:37+00:00,False,metadata_only,https://pxdata.stat.fi/PxWeb/api/v1/en/StatFin/tkke/11sv.px,NATIONAL_STATS_NUMERIC:STATFIN_RD_FTE_11SV:20260711T114737+0000,
raw.TkFUSU9OQUxfU1RBVFNfTlVNRVJJQzpTU0JfUkRfRlRFXzExMDEwOjIwMjYwNzExVDExNDczNyswMDAw,NATIONAL_STATS_NUMERIC,raw_snapshot,20260711T114737+0000.json,json,application/json,3397,15faad192337f196155dc12ff2d604b8f00575725919cbc1de1e1ed0e3c2a184,2024,2026-07-11T11:47:37+00:00,False,metadata_only,https://data.ssb.no/api/v0/en/table/11010,NATIONAL_STATS_NUMERIC:SSB_RD_FTE_11010:20260711T114737+0000,
raw.TkFUSU9OQUxfU1RBVFNfTlVNRVJJQzpTQ0JfSU5URVJOQUxfUkRfRlRFX1RBQjU4MDU6MjAyNjA3MTFUMTE0NzM3KzAwMDA,NATIONAL_STATS_NUMERIC,raw_snapshot,20260711T114737+0000.json,json,application/json,3611,7517aeb3d1c73e05f0e8bfb6c0228bcd8941af96dc69ba1cdc60a5ee267227a2,2024,2026-07-11T11:47:37+00:00,False,metadata_only,https://api.scb.se/OV0104/v1/doris/en/ssd/UF/UF0301/UF0301A/FoUpSvanst,NATIONAL_STATS_NUMERIC:SCB_INTERNAL_RD_FTE_TAB5805:20260711T114737+0000,
artifact.cmVjaXBlOk5BVElPTkFMX1NUQVRTX05VTUVSSUM6RFNUX1JEX0ZURV9SRENQMDEyOToyMDI2MDcxMVQxMTQ3MzcrMDAwMA,NATIONAL_STATS_NUMERIC,download_recipe,NATIONAL_STATS_NUMERIC_DST_RD_FTE_RDCP0129_20260711T114737_0000.json,json,application/json,904,ec47f84192d7d4bfec524681b5f7ce0286ce793f75f3dd47143f4ff7884a31c2,2024,2026-07-11T12:05:48+00:00,False,exclude_raw_keep_derived,https://api.statbank.dk/v1/data/RDCP0129/CSV?timeOrder=Ascending&SEKTOR=010&K%C3%98N=TOT&PERSTYP=090&AARVAERK=800&Tid=*&valuePresentation=Code,NATIONAL_STATS_NUMERIC:DST_RD_FTE_RDCP0129:20260711T114737+0000,recipe:NATIONAL_STATS_NUMERIC:DST_RD_FTE_RDCP0129:20260711T114737+0000
artifact.ZGVyaXZlZDpOQVRJT05BTF9TVEFUU19OVU1FUklDOkRTVF9SRF9GVEVfUkRDUDAxMjk6MjAyNjA3MTFUMTE0NzM3KzAwMDA,NATIONAL_STATS_NUMERIC,derived_export,NATIONAL_STATS_NUMERIC_DST_RD_FTE_RDCP0129_20260711T114737_0000.json.gz,gz,application/json,1903,038bf6c80cc7b4ce16ec0a200c5c10f5ed311fa22df63b4974c8dbbbc34deb85,2024,2026-07-11T12:05:48+00:00,False,exclude_raw_keep_derived,https://api.statbank.dk/v1/data/RDCP0129/CSV?timeOrder=Ascending&SEKTOR=010&K%C3%98N=TOT&PERSTYP=090&AARVAERK=800&Tid=*&valuePresentation=Code,NATIONAL_STATS_NUMERIC:DST_RD_FTE_RDCP0129:20260711T114737+0000,derived:NATIONAL_STATS_NUMERIC:DST_RD_FTE_RDCP0129:20260711T114737+0000
artifact.cmVjaXBlOk5BVElPTkFMX1NUQVRTX05VTUVSSUM6U0NCX0lOVEVSTkFMX1JEX0ZURV9UQUI1ODA1OjIwMjYwNzExVDExNDczNyswMDAw,NATIONAL_STATS_NUMERIC,download_recipe,NATIONAL_STATS_NUMERIC_SCB_INTERNAL_RD_FTE_TAB5805_20260711T114737_0000.json,json,application/json,858,1b9609bf97d7e9b5d5c57d8eb94b8ae33d412ac8ce50d8a176770ba09a282cf6,2024,2026-07-11T12:05:48+00:00,False,exclude_raw_keep_derived,https://api.scb.se/OV0104/v1/doris/en/ssd/UF/UF0301/UF0301A/FoUpSvanst,NATIONAL_STATS_NUMERIC:SCB_INTERNAL_RD_FTE_TAB5805:20260711T114737+0000,recipe:NATIONAL_STATS_NUMERIC:SCB_INTERNAL_RD_FTE_TAB5805:20260711T114737+0000
artifact.ZGVyaXZlZDpOQVRJT05BTF9TVEFUU19OVU1FUklDOlNDQl9JTlRFUk5BTF9SRF9GVEVfVEFCNTgwNToyMDI2MDcxMVQxMTQ3MzcrMDAwMA,NATIONAL_STATS_NUMERIC,derived_export,NATIONAL_STATS_NUMERIC_SCB_INTERNAL_RD_FTE_TAB5805_20260711T114737_0000.json.gz,gz,application/json,2343,8678fcbd1d09419c228b456781c07f7e3c73837e96c75e0f6e8b829dac45f631,2024,2026-07-11T12:05:48+00:00,False,exclude_raw_keep_derived,https://api.scb.se/OV0104/v1/doris/en/ssd/UF/UF0301/UF0301A/FoUpSvanst,NATIONAL_STATS_NUMERIC:SCB_INTERNAL_RD_FTE_TAB5805:20260711T114737+0000,derived:NATIONAL_STATS_NUMERIC:SCB_INTERNAL_RD_FTE_TAB5805:20260711T114737+0000
artifact.cmVjaXBlOk5BVElPTkFMX1NUQVRTX05VTUVSSUM6U1NCX1JEX0ZURV8xMTAxMDoyMDI2MDcxMVQxMTQ3MzcrMDAwMA,NATIONAL_STATS_NUMERIC,download_recipe,NATIONAL_STATS_NUMERIC_SSB_RD_FTE_11010_20260711T114737_0000.json,json,application/json,807,6cb8c7c76cf13a3b4e4433238e96cd4677ee498c88129c88b478ff544c928c43,2024,2026-07-11T12:05:48+00:00,False,exclude_raw_keep_derived,https://data.ssb.no/api/v0/en/table/11010,NATIONAL_STATS_NUMERIC:SSB_RD_FTE_11010:20260711T114737+0000,recipe:NATIONAL_STATS_NUMERIC:SSB_RD_FTE_11010:20260711T114737+0000
artifact.ZGVyaXZlZDpOQVRJT05BTF9TVEFUU19OVU1FUklDOlNTQl9SRF9GVEVfMTEwMTA6MjAyNjA3MTFUMTE0NzM3KzAwMDA,NATIONAL_STATS_NUMERIC,derived_export,NATIONAL_STATS_NUMERIC_SSB_RD_FTE_11010_20260711T114737_0000.json.gz,gz,application/json,2897,b8572f6857def5ffc9aa6fa3b9fb2605cbaf7d20d2e5df5925e2b38f2aea702c,2024,2026-07-11T12:05:48+00:00,False,exclude_raw_keep_derived,https://data.ssb.no/api/v0/en/table/11010,NATIONAL_STATS_NUMERIC:SSB_RD_FTE_11010:20260711T114737+0000,derived:NATIONAL_STATS_NUMERIC:SSB_RD_FTE_11010:20260711T114737+0000
artifact.cmVjaXBlOk5BVElPTkFMX1NUQVRTX05VTUVSSUM6U1RBVEZJTl9SRF9GVEVfMTFTVjoyMDI2MDcxMVQxMTQ3MzcrMDAwMA,NATIONAL_STATS_NUMERIC,download_recipe,NATIONAL_STATS_NUMERIC_STATFIN_RD_FTE_11SV_20260711T114737_0000.json,json,application/json,831,699d0ca86ace88bc90d0fe5ce3ae38dded12a6caf88a2ca24c5050303bde3ad5,2024,2026-07-11T12:05:48+00:00,False,exclude_raw_keep_derived,https://pxdata.stat.fi/PxWeb/api/v1/en/StatFin/tkke/11sv.px,NATIONAL_STATS_NUMERIC:STATFIN_RD_FTE_11SV:20260711T114737+0000,recipe:NATIONAL_STATS_NUMERIC:STATFIN_RD_FTE_11SV:20260711T114737+0000
artifact.ZGVyaXZlZDpOQVRJT05BTF9TVEFUU19OVU1FUklDOlNUQVRGSU5fUkRfRlRFXzExU1Y6MjAyNjA3MTFUMTE0NzM3KzAwMDA,NATIONAL_STATS_NUMERIC,derived_export,NATIONAL_STATS_NUMERIC_STATFIN_RD_FTE_11SV_20260711T114737_0000.json.gz,gz,application/json,2377,060b6af43965b450f671b50731935ef1cb2ea3974f6be78d9810ae59442d844e,2024,2026-07-11T12:05:48+00:00,False,exclude_raw_keep_derived,https://pxdata.stat.fi/PxWeb/api/v1/en/StatFin/tkke/11sv.px,NATIONAL_STATS_NUMERIC:STATFIN_RD_FTE_11SV:20260711T114737+0000,derived:NATIONAL_STATS_NUMERIC:STATFIN_RD_FTE_11SV:20260711T114737+0000
artifact.cmVjaXBlOk9FQ0RfSFRFSToyMDI1OjQxNjk5NDg1YzNjZmYzYTY,OECD_HTEI,download_recipe,OECD_HTEI_2025_41699485c3cff3a6.json,json,application/json,742,47ebac803092c31309a1b1ab8117cf33b92f22ec89cb963664105a0135e96271,2025,2026-07-11T12:05:48+00:00,False,exclude_raw_keep_derived,https://sdmx.oecd.org/public/rest/v1/,OECD_HTEI:2025:41699485c3cff3a6,recipe:OECD_HTEI:2025:41699485c3cff3a6
artifact.ZGVyaXZlZDpPRUNEX0hURUk6MjAyNTo0MTY5OTQ4NWMzY2ZmM2E2,OECD_HTEI,derived_export,OECD_HTEI_2025_41699485c3cff3a6.json.gz,gz,application/json,242098,0bf858f6cb0f65d30f6f0c383a0f1c7ccd47dc19b810d64a983df95ed2176b96,2025,2026-07-11T12:05:48+00:00,False,exclude_raw_keep_derived,https://sdmx.oecd.org/public/rest/v1/,OECD_HTEI:2025:41699485c3cff3a6,derived:OECD_HTEI:2025:41699485c3cff3a6
raw.T0VDRF9IVEVJOjIwMjU6NDE2OTk0ODVjM2NmZjNhNg,OECD_HTEI,raw_snapshot,oecd_htei_manifest.json,json,application/json,1400,41699485c3cff3a68e17624354ce0968b87811676b0da7aab689e54d36bae98a,2025,2026-07-09T17:25:18+00:00,False,metadata_only,https://sdmx.oecd.org/public/rest/v1/,OECD_HTEI:2025:41699485c3cff3a6,
raw.UE9SVFVMQU5TX0dUQ0k6MjAyNTo0ZTc3YmQyYjA0MjE3ZmY1,PORTULANS_GTCI,raw_snapshot,GTCI_2025_report.pdf,pdf,application/pdf,5585941,4e77bd2b04217ff5f336a587a9c079f3ef9c180965c1717aa9ef2cb6f64fb520,2025,2026-07-09T05:00:09+00:00,False,metadata_only,https://portulansinstitute.org/wp-content/uploads/2025/11/GTCI_2025_report.pdf,PORTULANS_GTCI:2025:4e77bd2b04217ff5,
artifact.cmVjaXBlOlBPUlRVTEFOU19HVENJOjIwMjU6NGU3N2JkMmIwNDIxN2ZmNQ,PORTULANS_GTCI,download_recipe,PORTULANS_GTCI_2025_4e77bd2b04217ff5.json,json,application/json,797,9f05a12109b3b0f33f5dd05c1624c2d91829caee1a2fc81d53e88ee205c2472b,2025,2026-07-11T12:05:49+00:00,False,exclude_raw_keep_derived,https://portulansinstitute.org/wp-content/uploads/2025/11/GTCI_2025_report.pdf,PORTULANS_GTCI:2025:4e77bd2b04217ff5,recipe:PORTULANS_GTCI:2025:4e77bd2b04217ff5
artifact.ZGVyaXZlZDpQT1JUVUxBTlNfR1RDSToyMDI1OjRlNzdiZDJiMDQyMTdmZjU,PORTULANS_GTCI,derived_export,PORTULANS_GTCI_2025_4e77bd2b04217ff5.json.gz,gz,application/json,57770,6095edf1ffb5d82162b5c2ea6a888391e2f101a7c0ed58b46ce50ecacf878aac,2025,2026-07-11T12:05:49+00:00,False,exclude_raw_keep_derived,https://portulansinstitute.org/wp-content/uploads/2025/11/GTCI_2025_report.pdf,PORTULANS_GTCI:2025:4e77bd2b04217ff5,derived:PORTULANS_GTCI:2025:4e77bd2b04217ff5
artifact.cmVjaXBlOlFTX0VUOjIwMjM6ZmU0NTIzMjQ1NjE0YzZkZQ,QS_ET,download_recipe,QS_ET_2023_fe4523245614c6de.json,json,application/json,794,bddf86c567ef10ee074cd627759cfb21fc8655c87ef36d8eaa247add30bc8bb4,2023,2026-07-11T12:05:49+00:00,False,exclude_raw_keep_derived,https://www.topuniversities.com/university-subject-rankings/engineering-technology/2023,QS_ET:2023:fe4523245614c6de,recipe:QS_ET:2023:fe4523245614c6de
artifact.ZGVyaXZlZDpRU19FVDoyMDIzOmZlNDUyMzI0NTYxNGM2ZGU,QS_ET,derived_export,QS_ET_2023_fe4523245614c6de.json.gz,gz,application/json,22383,c71d2003cf39ad316a4a0a30d212c2f190d313ff233e3fd40fd32c402442ab35,2023,2026-07-11T12:05:49+00:00,False,exclude_raw_keep_derived,https://www.topuniversities.com/university-subject-rankings/engineering-technology/2023,QS_ET:2023:fe4523245614c6de,derived:QS_ET:2023:fe4523245614c6de
artifact.cmVjaXBlOlFTX0VUOjIwMjM6cGFnZTowMDA6NDZlZTQ2MmU0ODY0YWM1Ng,QS_ET,download_recipe,QS_ET_2023_page_000_46ee462e4864ac56.json,json,application/json,962,a4e090b2d5601002203a081a09e2bb1c53e9ef6b3210a31f273e2148253ee916,2023,2026-07-11T12:05:49+00:00,False,exclude_raw_keep_derived,https://www.topuniversities.com/rankings/endpoint?nid=3846212&items_per_page=30&tab=indicators&region=&countries=&cities=&search=&star=&sort_by=&order_by=&program_type=&scholarship=&fee=&english_score=&academic_score=&mix_student=&loggedincache=&study_level=&subjects=&page=0,QS_ET:2023:page:000:46ee462e4864ac56,recipe:QS_ET:2023:page:000:46ee462e4864ac56
artifact.ZGVyaXZlZDpRU19FVDoyMDIzOnBhZ2U6MDAwOjQ2ZWU0NjJlNDg2NGFjNTY,QS_ET,derived_export,QS_ET_2023_page_000_46ee462e4864ac56.json.gz,gz,application/json,2715,16fcb7bae3531d310a69e17e4c68a7f12084fedc94fc52ae92733b8e887ea14d,2023,2026-07-11T12:05:49+00:00,False,exclude_raw_keep_derived,https://www.topuniversities.com/rankings/endpoint?nid=3846212&items_per_page=30&tab=indicators&region=&countries=&cities=&search=&star=&sort_by=&order_by=&program_type=&scholarship=&fee=&english_score=&academic_score=&mix_student=&loggedincache=&study_level=&subjects=&page=0,QS_ET:2023:page:000:46ee462e4864ac56,derived:QS_ET:2023:page:000:46ee462e4864ac56
artifact.cmVjaXBlOlFTX0VUOjIwMjM6cGFnZTowMDE6NzhlMmE3N2ZmMWM3NjdmYw,QS_ET,download_recipe,QS_ET_2023_page_001_78e2a77ff1c767fc.json,json,application/json,962,ee382cddd55c3030cea6db264d7345588c34c68001f0ddc6594ed995ec2cdf37,2023,2026-07-11T12:05:49+00:00,False,exclude_raw_keep_derived,https://www.topuniversities.com/rankings/endpoint?nid=3846212&items_per_page=30&tab=indicators&region=&countries=&cities=&search=&star=&sort_by=&order_by=&program_type=&scholarship=&fee=&english_score=&academic_score=&mix_student=&loggedincache=&study_level=&subjects=&page=1,QS_ET:2023:page:001:78e2a77ff1c767fc,recipe:QS_ET:2023:page:001:78e2a77ff1c767fc
artifact.ZGVyaXZlZDpRU19FVDoyMDIzOnBhZ2U6MDAxOjc4ZTJhNzdmZjFjNzY3ZmM,QS_ET,derived_export,QS_ET_2023_page_001_78e2a77ff1c767fc.json.gz,gz,application/json,2803,290355ab3babbdc26d3dc4113c6098b8aab70ac82e5d28cab06c43ca0323b8cf,2023,2026-07-11T12:05:49+00:00,False,exclude_raw_keep_derived,https://www.topuniversities.com/rankings/endpoint?nid=3846212&items_per_page=30&tab=indicators&region=&countries=&cities=&search=&star=&sort_by=&order_by=&program_type=&scholarship=&fee=&english_score=&academic_score=&mix_student=&loggedincache=&study_level=&subjects=&page=1,QS_ET:2023:page:001:78e2a77ff1c767fc,derived:QS_ET:2023:page:001:78e2a77ff1c767fc
artifact.cmVjaXBlOlFTX0VUOjIwMjM6cGFnZTowMDI6MzJkOTg5NDNmZmEwZDJiYQ,QS_ET,download_recipe,QS_ET_2023_page_002_32d98943ffa0d2ba.json,json,application/json,962,4e823e33bf52e381c1acb1e3f66071b4ea56c059c69e2509de02fba4c0519c7d,2023,2026-07-11T12:05:49+00:00,False,exclude_raw_keep_derived,https://www.topuniversities.com/rankings/endpoint?nid=3846212&items_per_page=30&tab=indicators&region=&countries=&cities=&search=&star=&sort_by=&order_by=&program_type=&scholarship=&fee=&english_score=&academic_score=&mix_student=&loggedincache=&study_level=&subjects=&page=2,QS_ET:2023:page:002:32d98943ffa0d2ba,recipe:QS_ET:2023:page:002:32d98943ffa0d2ba
artifact.ZGVyaXZlZDpRU19FVDoyMDIzOnBhZ2U6MDAyOjMyZDk4OTQzZmZhMGQyYmE,QS_ET,derived_export,QS_ET_2023_page_002_32d98943ffa0d2ba.json.gz,gz,application/json,2799,fa9a683e579544f27c18b37359970bc4cba7966c28e18f598475da5372fa030e,2023,2026-07-11T12:05:49+00:00,False,exclude_raw_keep_derived,https://www.topuniversities.com/rankings/endpoint?nid=3846212&items_per_page=30&tab=indicators&region=&countries=&cities=&search=&star=&sort_by=&order_by=&program_type=&scholarship=&fee=&english_score=&academic_score=&mix_student=&loggedincache=&study_level=&subjects=&page=2,QS_ET:2023:page:002:32d98943ffa0d2ba,derived:QS_ET:2023:page:002:32d98943ffa0d2ba
artifact.cmVjaXBlOlFTX0VUOjIwMjM6cGFnZTowMDM6YmRkMjllMWVmMWE0MTdkYg,QS_ET,download_recipe,QS_ET_2023_page_003_bdd29e1ef1a417db.json,json,application/json,962,d0d5640cf90314db4feab1f6a3cf39b5360c1cd54ea5119d8d16f8b73379cdff,2023,2026-07-11T12:05:49+00:00,False,exclude_raw_keep_derived,https://www.topuniversities.com/rankings/endpoint?nid=3846212&items_per_page=30&tab=indicators&region=&countries=&cities=&search=&star=&sort_by=&order_by=&program_type=&scholarship=&fee=&english_score=&academic_score=&mix_student=&loggedincache=&study_level=&subjects=&page=3,QS_ET:2023:page:003:bdd29e1ef1a417db,recipe:QS_ET:2023:page:003:bdd29e1ef1a417db
artifact.ZGVyaXZlZDpRU19FVDoyMDIzOnBhZ2U6MDAzOmJkZDI5ZTFlZjFhNDE3ZGI,QS_ET,derived_export,QS_ET_2023_page_003_bdd29e1ef1a417db.json.gz,gz,application/json,2809,9509d6d1ec59d6c8a5371909180c9b44f5d18304f1ba8cf91da89783808db28d,2023,2026-07-11T12:05:49+00:00,False,exclude_raw_keep_derived,https://www.topuniversities.com/rankings/endpoint?nid=3846212&items_per_page=30&tab=indicators&region=&countries=&cities=&search=&star=&sort_by=&order_by=&program_type=&scholarship=&fee=&english_score=&academic_score=&mix_student=&loggedincache=&study_level=&subjects=&page=3,QS_ET:2023:page:003:bdd29e1ef1a417db,derived:QS_ET:2023:page:003:bdd29e1ef1a417db
artifact.cmVjaXBlOlFTX0VUOjIwMjM6cGFnZTowMDQ6ZTkwNWJjOTU5OGU5YjljMg,QS_ET,download_recipe,QS_ET_2023_page_004_e905bc9598e9b9c2.json,json,application/json,962,84036ec2b662d6579fc37d56e747b70109a0e62266b1593f9a839a7a672973c9,2023,2026-07-11T12:05:49+00:00,False,exclude_raw_keep_derived,https://www.topuniversities.com/rankings/endpoint?nid=3846212&items_per_page=30&tab=indicators&region=&countries=&cities=&search=&star=&sort_by=&order_by=&program_type=&scholarship=&fee=&english_score=&academic_score=&mix_student=&loggedincache=&study_level=&subjects=&page=4,QS_ET:2023:page:004:e905bc9598e9b9c2,recipe:QS_ET:2023:page:004:e905bc9598e9b9c2
artifact.ZGVyaXZlZDpRU19FVDoyMDIzOnBhZ2U6MDA0OmU5MDViYzk1OThlOWI5YzI,QS_ET,derived_export,QS_ET_2023_page_004_e905bc9598e9b9c2.json.gz,gz,application/json,2709,df7995ebcb43a5518acd6fe750b2dad3bbaba5cc042e683a58a3519d6476facf,2023,2026-07-11T12:05:49+00:00,False,exclude_raw_keep_derived,https://www.topuniversities.com/rankings/endpoint?nid=3846212&items_per_page=30&tab=indicators&region=&countries=&cities=&search=&star=&sort_by=&order_by=&program_type=&scholarship=&fee=&english_score=&academic_score=&mix_student=&loggedincache=&study_level=&subjects=&page=4,QS_ET:2023:page:004:e905bc9598e9b9c2,derived:QS_ET:2023:page:004:e905bc9598e9b9c2
artifact.cmVjaXBlOlFTX0VUOjIwMjM6cGFnZTowMDU6ZTllODk3NTg0NmI0M2VhOA,QS_ET,download_recipe,QS_ET_2023_page_005_e9e8975846b43ea8.json,json,application/json,962,e3bf6f5b6b17b404000b2b2ddc7b5b0dbbafc2b1e053c274ebda1836b065c1fc,2023,2026-07-11T12:05:49+00:00,False,exclude_raw_keep_derived,https://www.topuniversities.com/rankings/endpoint?nid=3846212&items_per_page=30&tab=indicators&region=&countries=&cities=&search=&star=&sort_by=&order_by=&program_type=&scholarship=&fee=&english_score=&academic_score=&mix_student=&loggedincache=&study_level=&subjects=&page=5,QS_ET:2023:page:005:e9e8975846b43ea8,recipe:QS_ET:2023:page:005:e9e8975846b43ea8
artifact.ZGVyaXZlZDpRU19FVDoyMDIzOnBhZ2U6MDA1OmU5ZTg5NzU4NDZiNDNlYTg,QS_ET,derived_export,QS_ET_2023_page_005_e9e8975846b43ea8.json.gz,gz,application/json,2752,f55c0a81112bdd8ce4ec15509f3dfabb76e0c1ad5fbdc90bc0d6c4ee4af45a9d,2023,2026-07-11T12:05:49+00:00,False,exclude_raw_keep_derived,https://www.topuniversities.com/rankings/endpoint?nid=3846212&items_per_page=30&tab=indicators&region=&countries=&cities=&search=&star=&sort_by=&order_by=&program_type=&scholarship=&fee=&english_score=&academic_score=&mix_student=&loggedincache=&study_level=&subjects=&page=5,QS_ET:2023:page:005:e9e8975846b43ea8,derived:QS_ET:2023:page:005:e9e8975846b43ea8
artifact.cmVjaXBlOlFTX0VUOjIwMjM6cGFnZTowMDY6NGU4OTljNWY0Yjg2OTU3Yg,QS_ET,download_recipe,QS_ET_2023_page_006_4e899c5f4b86957b.json,json,application/json,962,8f6633e2b1dbf23c402c980c7ac9b73bf9474054872db76322d0e22220522ef0,2023,2026-07-11T12:05:49+00:00,False,exclude_raw_keep_derived,https://www.topuniversities.com/rankings/endpoint?nid=3846212&items_per_page=30&tab=indicators&region=&countries=&cities=&search=&star=&sort_by=&order_by=&program_type=&scholarship=&fee=&english_score=&academic_score=&mix_student=&loggedincache=&study_level=&subjects=&page=6,QS_ET:2023:page:006:4e899c5f4b86957b,recipe:QS_ET:2023:page:006:4e899c5f4b86957b
artifact.ZGVyaXZlZDpRU19FVDoyMDIzOnBhZ2U6MDA2OjRlODk5YzVmNGI4Njk1N2I,QS_ET,derived_export,QS_ET_2023_page_006_4e899c5f4b86957b.json.gz,gz,application/json,2737,af00a2a91810224b375161f23edd46f00922a8049ec63cf9716eb7f3685afe36,2023,2026-07-11T12:05:49+00:00,False,exclude_raw_keep_derived,https://www.topuniversities.com/rankings/endpoint?nid=3846212&items_per_page=30&tab=indicators&region=&countries=&cities=&search=&star=&sort_by=&order_by=&program_type=&scholarship=&fee=&english_score=&academic_score=&mix_student=&loggedincache=&study_level=&subjects=&page=6,QS_ET:2023:page:006:4e899c5f4b86957b,derived:QS_ET:2023:page:006:4e899c5f4b86957b
artifact.cmVjaXBlOlFTX0VUOjIwMjM6cGFnZTowMDc6ZjNlNmQ3MGUzMjRhNGUyMA,QS_ET,download_recipe,QS_ET_2023_page_007_f3e6d70e324a4e20.json,json,application/json,962,b29b08aed69d36720781aad3e870f0c4f068b72054b6462b075de158c5d4c1a9,2023,2026-07-11T12:05:49+00:00,False,exclude_raw_keep_derived,https://www.topuniversities.com/rankings/endpoint?nid=3846212&items_per_page=30&tab=indicators&region=&countries=&cities=&search=&star=&sort_by=&order_by=&program_type=&scholarship=&fee=&english_score=&academic_score=&mix_student=&loggedincache=&study_level=&subjects=&page=7,QS_ET:2023:page:007:f3e6d70e324a4e20,recipe:QS_ET:2023:page:007:f3e6d70e324a4e20
artifact.ZGVyaXZlZDpRU19FVDoyMDIzOnBhZ2U6MDA3OmYzZTZkNzBlMzI0YTRlMjA,QS_ET,derived_export,QS_ET_2023_page_007_f3e6d70e324a4e20.json.gz,gz,application/json,2927,7948c433024131ed6010a88108361daa3bb288fbe9eb2eeb1a70ec1ee14c342a,2023,2026-07-11T12:05:49+00:00,False,exclude_raw_keep_derived,https://www.topuniversities.com/rankings/endpoint?nid=3846212&items_per_page=30&tab=indicators&region=&countries=&cities=&search=&star=&sort_by=&order_by=&program_type=&scholarship=&fee=&english_score=&academic_score=&mix_student=&loggedincache=&study_level=&subjects=&page=7,QS_ET:2023:page:007:f3e6d70e324a4e20,derived:QS_ET:2023:page:007:f3e6d70e324a4e20
artifact.cmVjaXBlOlFTX0VUOjIwMjM6cGFnZTowMDg6YTBhYTg5NTk1MGNlM2IzNg,QS_ET,download_recipe,QS_ET_2023_page_008_a0aa895950ce3b36.json,json,application/json,962,501ce1be008593dd4dd4f01b7e6466f86c29a081ecc728ff80b35a775cf20f1a,2023,2026-07-11T12:05:49+00:00,False,exclude_raw_keep_derived,https://www.topuniversities.com/rankings/endpoint?nid=3846212&items_per_page=30&tab=indicators&region=&countries=&cities=&search=&star=&sort_by=&order_by=&program_type=&scholarship=&fee=&english_score=&academic_score=&mix_student=&loggedincache=&study_level=&subjects=&page=8,QS_ET:2023:page:008:a0aa895950ce3b36,recipe:QS_ET:2023:page:008:a0aa895950ce3b36
artifact.ZGVyaXZlZDpRU19FVDoyMDIzOnBhZ2U6MDA4OmEwYWE4OTU5NTBjZTNiMzY,QS_ET,derived_export,QS_ET_2023_page_008_a0aa895950ce3b36.json.gz,gz,application/json,2824,7d6040207d0c3a5c4b2f73d7e0e22a78f10364cecea88f61676a2eb506bfa817,2023,2026-07-11T12:05:49+00:00,False,exclude_raw_keep_derived,https://www.topuniversities.com/rankings/endpoint?nid=3846212&items_per_page=30&tab=indicators&region=&countries=&cities=&search=&star=&sort_by=&order_by=&program_type=&scholarship=&fee=&english_score=&academic_score=&mix_student=&loggedincache=&study_level=&subjects=&page=8,QS_ET:2023:page:008:a0aa895950ce3b36,derived:QS_ET:2023:page:008:a0aa895950ce3b36
artifact.cmVjaXBlOlFTX0VUOjIwMjM6cGFnZTowMDk6N2FkNjVmYTk4OTliMTI2OA,QS_ET,download_recipe,QS_ET_2023_page_009_7ad65fa9899b1268.json,json,application/json,962,ba8fcc148efffac4b59bc287ccb7f7311decf44de253c30bf27c2e5eceb5660a,2023,2026-07-11T12:05:49+00:00,False,exclude_raw_keep_derived,https://www.topuniversities.com/rankings/endpoint?nid=3846212&items_per_page=30&tab=indicators&region=&countries=&cities=&search=&star=&sort_by=&order_by=&program_type=&scholarship=&fee=&english_score=&academic_score=&mix_student=&loggedincache=&study_level=&subjects=&page=9,QS_ET:2023:page:009:7ad65fa9899b1268,recipe:QS_ET:2023:page:009:7ad65fa9899b1268
artifact.ZGVyaXZlZDpRU19FVDoyMDIzOnBhZ2U6MDA5OjdhZDY1ZmE5ODk5YjEyNjg,QS_ET,derived_export,QS_ET_2023_page_009_7ad65fa9899b1268.json.gz,gz,application/json,2775,6c12b4c3982b9cefdfd081163285bcc58327d8a4bb0fb00478479788e54b6da2,2023,2026-07-11T12:05:49+00:00,False,exclude_raw_keep_derived,https://www.topuniversities.com/rankings/endpoint?nid=3846212&items_per_page=30&tab=indicators&region=&countries=&cities=&search=&star=&sort_by=&order_by=&program_type=&scholarship=&fee=&english_score=&academic_score=&mix_student=&loggedincache=&study_level=&subjects=&page=9,QS_ET:2023:page:009:7ad65fa9899b1268,derived:QS_ET:2023:page:009:7ad65fa9899b1268
artifact.cmVjaXBlOlFTX0VUOjIwMjM6cGFnZTowMTA6M2E2NWUxZDhmNjE3YjRjZA,QS_ET,download_recipe,QS_ET_2023_page_010_3a65e1d8f617b4cd.json,json,application/json,963,8d8a5c1a5d60ed4684f32dca86bcf8dbbea22356ccf0ef25800bfd43f25f8fac,2023,2026-07-11T12:05:49+00:00,False,exclude_raw_keep_derived,https://www.topuniversities.com/rankings/endpoint?nid=3846212&items_per_page=30&tab=indicators&region=&countries=&cities=&search=&star=&sort_by=&order_by=&program_type=&scholarship=&fee=&english_score=&academic_score=&mix_student=&loggedincache=&study_level=&subjects=&page=10,QS_ET:2023:page:010:3a65e1d8f617b4cd,recipe:QS_ET:2023:page:010:3a65e1d8f617b4cd
artifact.ZGVyaXZlZDpRU19FVDoyMDIzOnBhZ2U6MDEwOjNhNjVlMWQ4ZjYxN2I0Y2Q,QS_ET,derived_export,QS_ET_2023_page_010_3a65e1d8f617b4cd.json.gz,gz,application/json,2733,12364027dbde3774a23a7a74606eda9e2132c9adfa88c6c2d7421c496acf0d96,2023,2026-07-11T12:05:49+00:00,False,exclude_raw_keep_derived,https://www.topuniversities.com/rankings/endpoint?nid=3846212&items_per_page=30&tab=indicators&region=&countries=&cities=&search=&star=&sort_by=&order_by=&program_type=&scholarship=&fee=&english_score=&academic_score=&mix_student=&loggedincache=&study_level=&subjects=&page=10,QS_ET:2023:page:010:3a65e1d8f617b4cd,derived:QS_ET:2023:page:010:3a65e1d8f617b4cd
artifact.cmVjaXBlOlFTX0VUOjIwMjM6cGFnZTowMTE6MDRmMjRhNzU1MWMyOTU2Mw,QS_ET,download_recipe,QS_ET_2023_page_011_04f24a7551c29563.json,json,application/json,963,0c422bd9adffcb0fd4eff72e6d8755dbbf463cddc69d7ba95f2441c5a09e8216,2023,2026-07-11T12:05:49+00:00,False,exclude_raw_keep_derived,https://www.topuniversities.com/rankings/endpoint?nid=3846212&items_per_page=30&tab=indicators&region=&countries=&cities=&search=&star=&sort_by=&order_by=&program_type=&scholarship=&fee=&english_score=&academic_score=&mix_student=&loggedincache=&study_level=&subjects=&page=11,QS_ET:2023:page:011:04f24a7551c29563,recipe:QS_ET:2023:page:011:04f24a7551c29563
artifact.ZGVyaXZlZDpRU19FVDoyMDIzOnBhZ2U6MDExOjA0ZjI0YTc1NTFjMjk1NjM,QS_ET,derived_export,QS_ET_2023_page_011_04f24a7551c29563.json.gz,gz,application/json,2788,87136f1fb6a897ef49d9f9df9fb8fde1f6ecff3f10a6197d3f8a3fb5abbdfa5d,2023,2026-07-11T12:05:49+00:00,False,exclude_raw_keep_derived,https://www.topuniversities.com/rankings/endpoint?nid=3846212&items_per_page=30&tab=indicators&region=&countries=&cities=&search=&star=&sort_by=&order_by=&program_type=&scholarship=&fee=&english_score=&academic_score=&mix_student=&loggedincache=&study_level=&subjects=&page=11,QS_ET:2023:page:011:04f24a7551c29563,derived:QS_ET:2023:page:011:04f24a7551c29563
artifact.cmVjaXBlOlFTX0VUOjIwMjM6cGFnZTowMTI6ZWVjNmY5YjY2YzBhNjZjYQ,QS_ET,download_recipe,QS_ET_2023_page_012_eec6f9b66c0a66ca.json,json,application/json,963,c1705a6af79894bc1af4d7a7abe92ef8bef626a71bcdd593efa591a1e640ab45,2023,2026-07-11T12:05:49+00:00,False,exclude_raw_keep_derived,https://www.topuniversities.com/rankings/endpoint?nid=3846212&items_per_page=30&tab=indicators&region=&countries=&cities=&search=&star=&sort_by=&order_by=&program_type=&scholarship=&fee=&english_score=&academic_score=&mix_student=&loggedincache=&study_level=&subjects=&page=12,QS_ET:2023:page:012:eec6f9b66c0a66ca,recipe:QS_ET:2023:page:012:eec6f9b66c0a66ca
artifact.ZGVyaXZlZDpRU19FVDoyMDIzOnBhZ2U6MDEyOmVlYzZmOWI2NmMwYTY2Y2E,QS_ET,derived_export,QS_ET_2023_page_012_eec6f9b66c0a66ca.json.gz,gz,application/json,2807,03be507e8863224bdc9fcfd7ab94ad0cf625754785012c584b5908b5d78f8028,2023,2026-07-11T12:05:49+00:00,False,exclude_raw_keep_derived,https://www.topuniversities.com/rankings/endpoint?nid=3846212&items_per_page=30&tab=indicators&region=&countries=&cities=&search=&star=&sort_by=&order_by=&program_type=&scholarship=&fee=&english_score=&academic_score=&mix_student=&loggedincache=&study_level=&subjects=&page=12,QS_ET:2023:page:012:eec6f9b66c0a66ca,derived:QS_ET:2023:page:012:eec6f9b66c0a66ca
artifact.cmVjaXBlOlFTX0VUOjIwMjM6cGFnZTowMTM6MmI3ZWJkNDNmNjkxYThkZg,QS_ET,download_recipe,QS_ET_2023_page_013_2b7ebd43f691a8df.json,json,application/json,963,5b681decb2361d45ad8db055a82d4ca35809818edf5d5b72382695bbe0a160af,2023,2026-07-11T12:05:49+00:00,False,exclude_raw_keep_derived,https://www.topuniversities.com/rankings/endpoint?nid=3846212&items_per_page=30&tab=indicators&region=&countries=&cities=&search=&star=&sort_by=&order_by=&program_type=&scholarship=&fee=&english_score=&academic_score=&mix_student=&loggedincache=&study_level=&subjects=&page=13,QS_ET:2023:page:013:2b7ebd43f691a8df,recipe:QS_ET:2023:page:013:2b7ebd43f691a8df
artifact.ZGVyaXZlZDpRU19FVDoyMDIzOnBhZ2U6MDEzOjJiN2ViZDQzZjY5MWE4ZGY,QS_ET,derived_export,QS_ET_2023_page_013_2b7ebd43f691a8df.json.gz,gz,application/json,2593,03f57c73292ee8a7b29b79fb3bab3dcb3688a9ac2ac67c0e33ca8c618372432a,2023,2026-07-11T12:05:49+00:00,False,exclude_raw_keep_derived,https://www.topuniversities.com/rankings/endpoint?nid=3846212&items_per_page=30&tab=indicators&region=&countries=&cities=&search=&star=&sort_by=&order_by=&program_type=&scholarship=&fee=&english_score=&academic_score=&mix_student=&loggedincache=&study_level=&subjects=&page=13,QS_ET:2023:page:013:2b7ebd43f691a8df,derived:QS_ET:2023:page:013:2b7ebd43f691a8df
artifact.cmVjaXBlOlFTX0VUOjIwMjM6cGFnZTowMTQ6ZGVlNDNkNWVhZTc4ODI5MA,QS_ET,download_recipe,QS_ET_2023_page_014_dee43d5eae788290.json,json,application/json,963,3aab31501fa1606b4039fb86439dd57fc0e4224f840c99a8a8bfa0188b529a0f,2023,2026-07-11T12:05:49+00:00,False,exclude_raw_keep_derived,https://www.topuniversities.com/rankings/endpoint?nid=3846212&items_per_page=30&tab=indicators&region=&countries=&cities=&search=&star=&sort_by=&order_by=&program_type=&scholarship=&fee=&english_score=&academic_score=&mix_student=&loggedincache=&study_level=&subjects=&page=14,QS_ET:2023:page:014:dee43d5eae788290,recipe:QS_ET:2023:page:014:dee43d5eae788290
artifact.ZGVyaXZlZDpRU19FVDoyMDIzOnBhZ2U6MDE0OmRlZTQzZDVlYWU3ODgyOTA,QS_ET,derived_export,QS_ET_2023_page_014_dee43d5eae788290.json.gz,gz,application/json,2603,402185835c5d8ed52ce672cdf2f4fa9e7b7904001a7f0ae93049bf0e1d4f9321,2023,2026-07-11T12:05:49+00:00,False,exclude_raw_keep_derived,https://www.topuniversities.com/rankings/endpoint?nid=3846212&items_per_page=30&tab=indicators&region=&countries=&cities=&search=&star=&sort_by=&order_by=&program_type=&scholarship=&fee=&english_score=&academic_score=&mix_student=&loggedincache=&study_level=&subjects=&page=14,QS_ET:2023:page:014:dee43d5eae788290,derived:QS_ET:2023:page:014:dee43d5eae788290
artifact.cmVjaXBlOlFTX0VUOjIwMjM6cGFnZTowMTU6YTlmMjhhZTkyYzVlYzdkOQ,QS_ET,download_recipe,QS_ET_2023_page_015_a9f28ae92c5ec7d9.json,json,application/json,963,0cc48a9d6d725bb4f4ba7c2bdd90954b04f62aef337e81c1299a36988455bf9a,2023,2026-07-11T12:05:49+00:00,False,exclude_raw_keep_derived,https://www.topuniversities.com/rankings/endpoint?nid=3846212&items_per_page=30&tab=indicators&region=&countries=&cities=&search=&star=&sort_by=&order_by=&program_type=&scholarship=&fee=&english_score=&academic_score=&mix_student=&loggedincache=&study_level=&subjects=&page=15,QS_ET:2023:page:015:a9f28ae92c5ec7d9,recipe:QS_ET:2023:page:015:a9f28ae92c5ec7d9
artifact.ZGVyaXZlZDpRU19FVDoyMDIzOnBhZ2U6MDE1OmE5ZjI4YWU5MmM1ZWM3ZDk,QS_ET,derived_export,QS_ET_2023_page_015_a9f28ae92c5ec7d9.json.gz,gz,application/json,2865,e79810df8d27e5ff75aa4b7abbdeafc510b261453b7dd684a3a77f1cbec5aae9,2023,2026-07-11T12:05:49+00:00,False,exclude_raw_keep_derived,https://www.topuniversities.com/rankings/endpoint?nid=3846212&items_per_page=30&tab=indicators&region=&countries=&cities=&search=&star=&sort_by=&order_by=&program_type=&scholarship=&fee=&english_score=&academic_score=&mix_student=&loggedincache=&study_level=&subjects=&page=15,QS_ET:2023:page:015:a9f28ae92c5ec7d9,derived:QS_ET:2023:page:015:a9f28ae92c5ec7d9
artifact.cmVjaXBlOlFTX0VUOjIwMjM6cGFnZTowMTY6NzgzMmVmOTkwMDA5YmJhNA,QS_ET,download_recipe,QS_ET_2023_page_016_7832ef990009bba4.json,json,application/json,963,23a3d8ce407524b8d1e1b831cb5851ab175afe7aef27b7faa033f0973aaed290,2023,2026-07-11T12:05:49+00:00,False,exclude_raw_keep_derived,https://www.topuniversities.com/rankings/endpoint?nid=3846212&items_per_page=30&tab=indicators&region=&countries=&cities=&search=&star=&sort_by=&order_by=&program_type=&scholarship=&fee=&english_score=&academic_score=&mix_student=&loggedincache=&study_level=&subjects=&page=16,QS_ET:2023:page:016:7832ef990009bba4,recipe:QS_ET:2023:page:016:7832ef990009bba4
artifact.ZGVyaXZlZDpRU19FVDoyMDIzOnBhZ2U6MDE2Ojc4MzJlZjk5MDAwOWJiYTQ,QS_ET,derived_export,QS_ET_2023_page_016_7832ef990009bba4.json.gz,gz,application/json,2591,53dd0d9d34f11f6b7379847da34f7f14bb05088cfe50093209dc2961d596ec52,2023,2026-07-11T12:05:49+00:00,False,exclude_raw_keep_derived,https://www.topuniversities.com/rankings/endpoint?nid=3846212&items_per_page=30&tab=indicators&region=&countries=&cities=&search=&star=&sort_by=&order_by=&program_type=&scholarship=&fee=&english_score=&academic_score=&mix_student=&loggedincache=&study_level=&subjects=&page=16,QS_ET:2023:page:016:7832ef990009bba4,derived:QS_ET:2023:page:016:7832ef990009bba4
artifact.cmVjaXBlOlFTX0VUOjIwMjM6cGFnZTowMTc6ODdjZTBhZGNlNDVlOWJiMQ,QS_ET,download_recipe,QS_ET_2023_page_017_87ce0adce45e9bb1.json,json,application/json,963,ae3a7e7e14158fcd5111c60b626b9574cc4da4440af1db3a6f309a74b643eba9,2023,2026-07-11T12:05:49+00:00,False,exclude_raw_keep_derived,https://www.topuniversities.com/rankings/endpoint?nid=3846212&items_per_page=30&tab=indicators&region=&countries=&cities=&search=&star=&sort_by=&order_by=&program_type=&scholarship=&fee=&english_score=&academic_score=&mix_student=&loggedincache=&study_level=&subjects=&page=17,QS_ET:2023:page:017:87ce0adce45e9bb1,recipe:QS_ET:2023:page:017:87ce0adce45e9bb1
artifact.ZGVyaXZlZDpRU19FVDoyMDIzOnBhZ2U6MDE3Ojg3Y2UwYWRjZTQ1ZTliYjE,QS_ET,derived_export,QS_ET_2023_page_017_87ce0adce45e9bb1.json.gz,gz,application/json,2316,7f53ef8d6814e532cf45b2b05c16666e8171c4d47eefbced258b159800f8cdc9,2023,2026-07-11T12:05:49+00:00,False,exclude_raw_keep_derived,https://www.topuniversities.com/rankings/endpoint?nid=3846212&items_per_page=30&tab=indicators&region=&countries=&cities=&search=&star=&sort_by=&order_by=&program_type=&scholarship=&fee=&english_score=&academic_score=&mix_student=&loggedincache=&study_level=&subjects=&page=17,QS_ET:2023:page:017:87ce0adce45e9bb1,derived:QS_ET:2023:page:017:87ce0adce45e9bb1
raw.UVNfRVQ6MjAyMzpwYWdlOjAwMDo0NmVlNDYyZTQ4NjRhYzU2,QS_ET,raw_snapshot,page_000.json,json,application/json,35907,46ee462e4864ac56a1ec8af46ea7328e63343bf97a873584a77da2cb681f6f84,2023,2026-07-09T11:57:08+00:00,False,metadata_only,https://www.topuniversities.com/rankings/endpoint?nid=3846212&items_per_page=30&tab=indicators&region=&countries=&cities=&search=&star=&sort_by=&order_by=&program_type=&scholarship=&fee=&english_score=&academic_score=&mix_student=&loggedincache=&study_level=&subjects=&page=0,QS_ET:2023:page:000:46ee462e4864ac56,
raw.UVNfRVQ6MjAyMzpwYWdlOjAwMTo3OGUyYTc3ZmYxYzc2N2Zj,QS_ET,raw_snapshot,page_001.json,json,application/json,35920,78e2a77ff1c767fc1f4479878d4396aa093e306cd6ffd275cb3256b04d9c7527,2023,2026-07-09T11:57:08+00:00,False,metadata_only,https://www.topuniversities.com/rankings/endpoint?nid=3846212&items_per_page=30&tab=indicators&region=&countries=&cities=&search=&star=&sort_by=&order_by=&program_type=&scholarship=&fee=&english_score=&academic_score=&mix_student=&loggedincache=&study_level=&subjects=&page=1,QS_ET:2023:page:001:78e2a77ff1c767fc,
raw.UVNfRVQ6MjAyMzpwYWdlOjAwMjozMmQ5ODk0M2ZmYTBkMmJh,QS_ET,raw_snapshot,page_002.json,json,application/json,36080,32d98943ffa0d2ba4073193745f8e1c8c300a6e10ad9148b38e82915ff7e3849,2023,2026-07-09T11:57:08+00:00,False,metadata_only,https://www.topuniversities.com/rankings/endpoint?nid=3846212&items_per_page=30&tab=indicators&region=&countries=&cities=&search=&star=&sort_by=&order_by=&program_type=&scholarship=&fee=&english_score=&academic_score=&mix_student=&loggedincache=&study_level=&subjects=&page=2,QS_ET:2023:page:002:32d98943ffa0d2ba,
raw.UVNfRVQ6MjAyMzpwYWdlOjAwMzpiZGQyOWUxZWYxYTQxN2Ri,QS_ET,raw_snapshot,page_003.json,json,application/json,36272,bdd29e1ef1a417db52d056f6e8e093f380d862f42a27bf712e4a385a259cb881,2023,2026-07-09T11:57:08+00:00,False,metadata_only,https://www.topuniversities.com/rankings/endpoint?nid=3846212&items_per_page=30&tab=indicators&region=&countries=&cities=&search=&star=&sort_by=&order_by=&program_type=&scholarship=&fee=&english_score=&academic_score=&mix_student=&loggedincache=&study_level=&subjects=&page=3,QS_ET:2023:page:003:bdd29e1ef1a417db,
raw.UVNfRVQ6MjAyMzpwYWdlOjAwNDplOTA1YmM5NTk4ZTliOWMy,QS_ET,raw_snapshot,page_004.json,json,application/json,35591,e905bc9598e9b9c251565f329fa39af65e5e78395386f7455a3d61e2991eaf36,2023,2026-07-09T11:57:08+00:00,False,metadata_only,https://www.topuniversities.com/rankings/endpoint?nid=3846212&items_per_page=30&tab=indicators&region=&countries=&cities=&search=&star=&sort_by=&order_by=&program_type=&scholarship=&fee=&english_score=&academic_score=&mix_student=&loggedincache=&study_level=&subjects=&page=4,QS_ET:2023:page:004:e905bc9598e9b9c2,
raw.UVNfRVQ6MjAyMzpwYWdlOjAwNTplOWU4OTc1ODQ2YjQzZWE4,QS_ET,raw_snapshot,page_005.json,json,application/json,35804,e9e8975846b43ea8f8ef668f1fb91efbbc4dee52ec990e5774790977bd8501ee,2023,2026-07-09T11:57:08+00:00,False,metadata_only,https://www.topuniversities.com/rankings/endpoint?nid=3846212&items_per_page=30&tab=indicators&region=&countries=&cities=&search=&star=&sort_by=&order_by=&program_type=&scholarship=&fee=&english_score=&academic_score=&mix_student=&loggedincache=&study_level=&subjects=&page=5,QS_ET:2023:page:005:e9e8975846b43ea8,
raw.UVNfRVQ6MjAyMzpwYWdlOjAwNjo0ZTg5OWM1ZjRiODY5NTdi,QS_ET,raw_snapshot,page_006.json,json,application/json,35976,4e899c5f4b86957bc8789872bf2a8596b38726225c0893ca7d4fd2f3aa5b715e,2023,2026-07-09T11:57:08+00:00,False,metadata_only,https://www.topuniversities.com/rankings/endpoint?nid=3846212&items_per_page=30&tab=indicators&region=&countries=&cities=&search=&star=&sort_by=&order_by=&program_type=&scholarship=&fee=&english_score=&academic_score=&mix_student=&loggedincache=&study_level=&subjects=&page=6,QS_ET:2023:page:006:4e899c5f4b86957b,
raw.UVNfRVQ6MjAyMzpwYWdlOjAwNzpmM2U2ZDcwZTMyNGE0ZTIw,QS_ET,raw_snapshot,page_007.json,json,application/json,36326,f3e6d70e324a4e2017616f8e8407886a8c7660f7a55943cb44d5549160c2c81f,2023,2026-07-09T11:57:08+00:00,False,metadata_only,https://www.topuniversities.com/rankings/endpoint?nid=3846212&items_per_page=30&tab=indicators&region=&countries=&cities=&search=&star=&sort_by=&order_by=&program_type=&scholarship=&fee=&english_score=&academic_score=&mix_student=&loggedincache=&study_level=&subjects=&page=7,QS_ET:2023:page:007:f3e6d70e324a4e20,
raw.UVNfRVQ6MjAyMzpwYWdlOjAwODphMGFhODk1OTUwY2UzYjM2,QS_ET,raw_snapshot,page_008.json,json,application/json,36175,a0aa895950ce3b36539fce5899be9d28ddd949db07d1f57bcc898304c243a3a3,2023,2026-07-09T11:57:08+00:00,False,metadata_only,https://www.topuniversities.com/rankings/endpoint?nid=3846212&items_per_page=30&tab=indicators&region=&countries=&cities=&search=&star=&sort_by=&order_by=&program_type=&scholarship=&fee=&english_score=&academic_score=&mix_student=&loggedincache=&study_level=&subjects=&page=8,QS_ET:2023:page:008:a0aa895950ce3b36,
raw.UVNfRVQ6MjAyMzpwYWdlOjAwOTo3YWQ2NWZhOTg5OWIxMjY4,QS_ET,raw_snapshot,page_009.json,json,application/json,36074,7ad65fa9899b126816365de4388a9837282200a9ac1df2b80d269db8e173d8a3,2023,2026-07-09T11:57:08+00:00,False,metadata_only,https://www.topuniversities.com/rankings/endpoint?nid=3846212&items_per_page=30&tab=indicators&region=&countries=&cities=&search=&star=&sort_by=&order_by=&program_type=&scholarship=&fee=&english_score=&academic_score=&mix_student=&loggedincache=&study_level=&subjects=&page=9,QS_ET:2023:page:009:7ad65fa9899b1268,
raw.UVNfRVQ6MjAyMzpwYWdlOjAxMDozYTY1ZTFkOGY2MTdiNGNk,QS_ET,raw_snapshot,page_010.json,json,application/json,35725,3a65e1d8f617b4cd48dc2feb6f26f3107a50cdb42ecccdba0b8b3ba5683eeb08,2023,2026-07-09T11:57:08+00:00,False,metadata_only,https://www.topuniversities.com/rankings/endpoint?nid=3846212&items_per_page=30&tab=indicators&region=&countries=&cities=&search=&star=&sort_by=&order_by=&program_type=&scholarship=&fee=&english_score=&academic_score=&mix_student=&loggedincache=&study_level=&subjects=&page=10,QS_ET:2023:page:010:3a65e1d8f617b4cd,
raw.UVNfRVQ6MjAyMzpwYWdlOjAxMTowNGYyNGE3NTUxYzI5NTYz,QS_ET,raw_snapshot,page_011.json,json,application/json,36192,04f24a7551c29563137b8f728a84e675417817b8cb01c029078977db7da48c54,2023,2026-07-09T11:57:08+00:00,False,metadata_only,https://www.topuniversities.com/rankings/endpoint?nid=3846212&items_per_page=30&tab=indicators&region=&countries=&cities=&search=&star=&sort_by=&order_by=&program_type=&scholarship=&fee=&english_score=&academic_score=&mix_student=&loggedincache=&study_level=&subjects=&page=11,QS_ET:2023:page:011:04f24a7551c29563,
raw.UVNfRVQ6MjAyMzpwYWdlOjAxMjplZWM2ZjliNjZjMGE2NmNh,QS_ET,raw_snapshot,page_012.json,json,application/json,36168,eec6f9b66c0a66cae75ec8b43c035eb3d6996e66639a564249661cc71919c287,2023,2026-07-09T11:57:08+00:00,False,metadata_only,https://www.topuniversities.com/rankings/endpoint?nid=3846212&items_per_page=30&tab=indicators&region=&countries=&cities=&search=&star=&sort_by=&order_by=&program_type=&scholarship=&fee=&english_score=&academic_score=&mix_student=&loggedincache=&study_level=&subjects=&page=12,QS_ET:2023:page:012:eec6f9b66c0a66ca,
raw.UVNfRVQ6MjAyMzpwYWdlOjAxMzoyYjdlYmQ0M2Y2OTFhOGRm,QS_ET,raw_snapshot,page_013.json,json,application/json,35817,2b7ebd43f691a8df528dbbd3e6a0e5c3861d992c884ce791932e00a48d002a4c,2023,2026-07-09T11:57:08+00:00,False,metadata_only,https://www.topuniversities.com/rankings/endpoint?nid=3846212&items_per_page=30&tab=indicators&region=&countries=&cities=&search=&star=&sort_by=&order_by=&program_type=&scholarship=&fee=&english_score=&academic_score=&mix_student=&loggedincache=&study_level=&subjects=&page=13,QS_ET:2023:page:013:2b7ebd43f691a8df,
raw.UVNfRVQ6MjAyMzpwYWdlOjAxNDpkZWU0M2Q1ZWFlNzg4Mjkw,QS_ET,raw_snapshot,page_014.json,json,application/json,35978,dee43d5eae78829024694cae0418344ce04a628b3d86708bc7f73d90ca91da96,2023,2026-07-09T11:57:08+00:00,False,metadata_only,https://www.topuniversities.com/rankings/endpoint?nid=3846212&items_per_page=30&tab=indicators&region=&countries=&cities=&search=&star=&sort_by=&order_by=&program_type=&scholarship=&fee=&english_score=&academic_score=&mix_student=&loggedincache=&study_level=&subjects=&page=14,QS_ET:2023:page:014:dee43d5eae788290,
raw.UVNfRVQ6MjAyMzpwYWdlOjAxNTphOWYyOGFlOTJjNWVjN2Q5,QS_ET,raw_snapshot,page_015.json,json,application/json,37126,a9f28ae92c5ec7d981ef124cae1468d6133a338504b44a77d5e6158a7cb1625a,2023,2026-07-09T11:57:08+00:00,False,metadata_only,https://www.topuniversities.com/rankings/endpoint?nid=3846212&items_per_page=30&tab=indicators&region=&countries=&cities=&search=&star=&sort_by=&order_by=&program_type=&scholarship=&fee=&english_score=&academic_score=&mix_student=&loggedincache=&study_level=&subjects=&page=15,QS_ET:2023:page:015:a9f28ae92c5ec7d9,
raw.UVNfRVQ6MjAyMzpwYWdlOjAxNjo3ODMyZWY5OTAwMDliYmE0,QS_ET,raw_snapshot,page_016.json,json,application/json,35833,7832ef990009bba47e63d2ba850cdd09c2d41011a7db2faa51f699532dc5f37c,2023,2026-07-09T11:57:08+00:00,False,metadata_only,https://www.topuniversities.com/rankings/endpoint?nid=3846212&items_per_page=30&tab=indicators&region=&countries=&cities=&search=&star=&sort_by=&order_by=&program_type=&scholarship=&fee=&english_score=&academic_score=&mix_student=&loggedincache=&study_level=&subjects=&page=16,QS_ET:2023:page:016:7832ef990009bba4,
raw.UVNfRVQ6MjAyMzpwYWdlOjAxNzo4N2NlMGFkY2U0NWU5YmIx,QS_ET,raw_snapshot,page_017.json,json,application/json,27870,87ce0adce45e9bb194ca907579604a4d3420e9cd1c67f6374eb0cfe2251a63e7,2023,2026-07-09T11:57:08+00:00,False,metadata_only,https://www.topuniversities.com/rankings/endpoint?nid=3846212&items_per_page=30&tab=indicators&region=&countries=&cities=&search=&star=&sort_by=&order_by=&program_type=&scholarship=&fee=&english_score=&academic_score=&mix_student=&loggedincache=&study_level=&subjects=&page=17,QS_ET:2023:page:017:87ce0adce45e9bb1,
raw.UVNfRVQ6MjAyMzpmZTQ1MjMyNDU2MTRjNmRl,QS_ET,raw_snapshot,qs_engineering_technology_2023.manifest.json,json,application/json,973,fe4523245614c6de87cbcfdd7b59256c0b7170cf2d2e2361227a108ea72509dc,2023,2026-07-09T11:57:08+00:00,False,metadata_only,https://www.topuniversities.com/university-subject-rankings/engineering-technology/2023,QS_ET:2023:fe4523245614c6de,
artifact.cmVjaXBlOlFTX0VUOjIwMjQ6MDBlMGEyN2E3YzIxNGM1OA,QS_ET,download_recipe,QS_ET_2024_00e0a27a7c214c58.json,json,application/json,794,6992710bff2bdd7470e7988f1af6e9d85e10123f938c4eda1c4603b005bcb6c1,2024,2026-07-11T12:05:49+00:00,False,exclude_raw_keep_derived,https://www.topuniversities.com/university-subject-rankings/engineering-technology/2024,QS_ET:2024:00e0a27a7c214c58,recipe:QS_ET:2024:00e0a27a7c214c58
artifact.ZGVyaXZlZDpRU19FVDoyMDI0OjAwZTBhMjdhN2MyMTRjNTg,QS_ET,derived_export,QS_ET_2024_00e0a27a7c214c58.json.gz,gz,application/json,24465,df6534baf226e56f5aab0099b5d99d99caf0771ad17d39b7836375499f92203b,2024,2026-07-11T12:05:49+00:00,False,exclude_raw_keep_derived,https://www.topuniversities.com/university-subject-rankings/engineering-technology/2024,QS_ET:2024:00e0a27a7c214c58,derived:QS_ET:2024:00e0a27a7c214c58
artifact.cmVjaXBlOlFTX0VUOjIwMjQ6cGFnZTowMDA6YzQxNDY2MDE0NDY2Njk2ZA,QS_ET,download_recipe,QS_ET_2024_page_000_c41466014466696d.json,json,application/json,962,0bc807bb379fd7c725b29deee2a84787b31acd83c97e47ea4745f68b42fc2498,2024,2026-07-11T12:05:49+00:00,False,exclude_raw_keep_derived,https://www.topuniversities.com/rankings/endpoint?nid=3948167&items_per_page=30&tab=indicators&region=&countries=&cities=&search=&star=&sort_by=&order_by=&program_type=&scholarship=&fee=&english_score=&academic_score=&mix_student=&loggedincache=&study_level=&subjects=&page=0,QS_ET:2024:page:000:c41466014466696d,recipe:QS_ET:2024:page:000:c41466014466696d
artifact.ZGVyaXZlZDpRU19FVDoyMDI0OnBhZ2U6MDAwOmM0MTQ2NjAxNDQ2NjY5NmQ,QS_ET,derived_export,QS_ET_2024_page_000_c41466014466696d.json.gz,gz,application/json,2699,4af0b53a43671ca51866113f5f9246389b5fbe1f17fb962bbad0e2fc305b3458,2024,2026-07-11T12:05:49+00:00,False,exclude_raw_keep_derived,https://www.topuniversities.com/rankings/endpoint?nid=3948167&items_per_page=30&tab=indicators&region=&countries=&cities=&search=&star=&sort_by=&order_by=&program_type=&scholarship=&fee=&english_score=&academic_score=&mix_student=&loggedincache=&study_level=&subjects=&page=0,QS_ET:2024:page:000:c41466014466696d,derived:QS_ET:2024:page:000:c41466014466696d
artifact.cmVjaXBlOlFTX0VUOjIwMjQ6cGFnZTowMDE6MTY2MTdkOWVmOTk5ZTkxZA,QS_ET,download_recipe,QS_ET_2024_page_001_16617d9ef999e91d.json,json,application/json,962,e3ab9b60191c60528bac3ce267b7d151ce03305337fc2397847d867883c73fee,2024,2026-07-11T12:05:49+00:00,False,exclude_raw_keep_derived,https://www.topuniversities.com/rankings/endpoint?nid=3948167&items_per_page=30&tab=indicators&region=&countries=&cities=&search=&star=&sort_by=&order_by=&program_type=&scholarship=&fee=&english_score=&academic_score=&mix_student=&loggedincache=&study_level=&subjects=&page=1,QS_ET:2024:page:001:16617d9ef999e91d,recipe:QS_ET:2024:page:001:16617d9ef999e91d
artifact.ZGVyaXZlZDpRU19FVDoyMDI0OnBhZ2U6MDAxOjE2NjE3ZDllZjk5OWU5MWQ,QS_ET,derived_export,QS_ET_2024_page_001_16617d9ef999e91d.json.gz,gz,application/json,2811,0a9ad02df471548d622a309eca9844944ffe4b9bb856c66a4d7bed60593f432e,2024,2026-07-11T12:05:49+00:00,False,exclude_raw_keep_derived,https://www.topuniversities.com/rankings/endpoint?nid=3948167&items_per_page=30&tab=indicators&region=&countries=&cities=&search=&star=&sort_by=&order_by=&program_type=&scholarship=&fee=&english_score=&academic_score=&mix_student=&loggedincache=&study_level=&subjects=&page=1,QS_ET:2024:page:001:16617d9ef999e91d,derived:QS_ET:2024:page:001:16617d9ef999e91d
artifact.cmVjaXBlOlFTX0VUOjIwMjQ6cGFnZTowMDI6Nzk2Mjc5NTU2NTY4MWFjNQ,QS_ET,download_recipe,QS_ET_2024_page_002_7962795565681ac5.json,json,application/json,962,2b8df5d6b43a4f335ab2b150db18e5f2aba34a8a67003a5453b7b6c2bbc83fce,2024,2026-07-11T12:05:49+00:00,False,exclude_raw_keep_derived,https://www.topuniversities.com/rankings/endpoint?nid=3948167&items_per_page=30&tab=indicators&region=&countries=&cities=&search=&star=&sort_by=&order_by=&program_type=&scholarship=&fee=&english_score=&academic_score=&mix_student=&loggedincache=&study_level=&subjects=&page=2,QS_ET:2024:page:002:7962795565681ac5,recipe:QS_ET:2024:page:002:7962795565681ac5
artifact.ZGVyaXZlZDpRU19FVDoyMDI0OnBhZ2U6MDAyOjc5NjI3OTU1NjU2ODFhYzU,QS_ET,derived_export,QS_ET_2024_page_002_7962795565681ac5.json.gz,gz,application/json,2788,f2e3ee419475ea97191bd17ce5b797faec3c880109e51508e0bcfba467cfbed1,2024,2026-07-11T12:05:49+00:00,False,exclude_raw_keep_derived,https://www.topuniversities.com/rankings/endpoint?nid=3948167&items_per_page=30&tab=indicators&region=&countries=&cities=&search=&star=&sort_by=&order_by=&program_type=&scholarship=&fee=&english_score=&academic_score=&mix_student=&loggedincache=&study_level=&subjects=&page=2,QS_ET:2024:page:002:7962795565681ac5,derived:QS_ET:2024:page:002:7962795565681ac5
artifact.cmVjaXBlOlFTX0VUOjIwMjQ6cGFnZTowMDM6YTIyMjVlNDI0MGE0YzAwNA,QS_ET,download_recipe,QS_ET_2024_page_003_a2225e4240a4c004.json,json,application/json,962,411f77f5c65c216610cb25a601f04cd047cc70650e608d832413593537b4a24d,2024,2026-07-11T12:05:49+00:00,False,exclude_raw_keep_derived,https://www.topuniversities.com/rankings/endpoint?nid=3948167&items_per_page=30&tab=indicators&region=&countries=&cities=&search=&star=&sort_by=&order_by=&program_type=&scholarship=&fee=&english_score=&academic_score=&mix_student=&loggedincache=&study_level=&subjects=&page=3,QS_ET:2024:page:003:a2225e4240a4c004,recipe:QS_ET:2024:page:003:a2225e4240a4c004
artifact.ZGVyaXZlZDpRU19FVDoyMDI0OnBhZ2U6MDAzOmEyMjI1ZTQyNDBhNGMwMDQ,QS_ET,derived_export,QS_ET_2024_page_003_a2225e4240a4c004.json.gz,gz,application/json,2811,b1910a35b76700a2ebd5d89d7b5a921bb06927438425af5d60b01ddc9d0eb05d,2024,2026-07-11T12:05:49+00:00,False,exclude_raw_keep_derived,https://www.topuniversities.com/rankings/endpoint?nid=3948167&items_per_page=30&tab=indicators&region=&countries=&cities=&search=&star=&sort_by=&order_by=&program_type=&scholarship=&fee=&english_score=&academic_score=&mix_student=&loggedincache=&study_level=&subjects=&page=3,QS_ET:2024:page:003:a2225e4240a4c004,derived:QS_ET:2024:page:003:a2225e4240a4c004
artifact.cmVjaXBlOlFTX0VUOjIwMjQ6cGFnZTowMDQ6MWZjNTgwYmI1ZTNhMGQ5NQ,QS_ET,download_recipe,QS_ET_2024_page_004_1fc580bb5e3a0d95.json,json,application/json,962,5c3a0fb8b19e92c1028775f64ff4a11c1d2637424b55b5732de0e97e71c28eea,2024,2026-07-11T12:05:49+00:00,False,exclude_raw_keep_derived,https://www.topuniversities.com/rankings/endpoint?nid=3948167&items_per_page=30&tab=indicators&region=&countries=&cities=&search=&star=&sort_by=&order_by=&program_type=&scholarship=&fee=&english_score=&academic_score=&mix_student=&loggedincache=&study_level=&subjects=&page=4,QS_ET:2024:page:004:1fc580bb5e3a0d95,recipe:QS_ET:2024:page:004:1fc580bb5e3a0d95
artifact.ZGVyaXZlZDpRU19FVDoyMDI0OnBhZ2U6MDA0OjFmYzU4MGJiNWUzYTBkOTU,QS_ET,derived_export,QS_ET_2024_page_004_1fc580bb5e3a0d95.json.gz,gz,application/json,2745,f69db9225fb7a782f14a246a5f803d5ed714ac921d99d6f98d2e419ce4b28467,2024,2026-07-11T12:05:49+00:00,False,exclude_raw_keep_derived,https://www.topuniversities.com/rankings/endpoint?nid=3948167&items_per_page=30&tab=indicators&region=&countries=&cities=&search=&star=&sort_by=&order_by=&program_type=&scholarship=&fee=&english_score=&academic_score=&mix_student=&loggedincache=&study_level=&subjects=&page=4,QS_ET:2024:page:004:1fc580bb5e3a0d95,derived:QS_ET:2024:page:004:1fc580bb5e3a0d95
artifact.cmVjaXBlOlFTX0VUOjIwMjQ6cGFnZTowMDU6ODVlMDZhYTc4MDJlZjQzZQ,QS_ET,download_recipe,QS_ET_2024_page_005_85e06aa7802ef43e.json,json,application/json,962,2d35365c031ed15d26ff71e30cf6680a90514263ff975ae32cac7181fe7bf49d,2024,2026-07-11T12:05:49+00:00,False,exclude_raw_keep_derived,https://www.topuniversities.com/rankings/endpoint?nid=3948167&items_per_page=30&tab=indicators&region=&countries=&cities=&search=&star=&sort_by=&order_by=&program_type=&scholarship=&fee=&english_score=&academic_score=&mix_student=&loggedincache=&study_level=&subjects=&page=5,QS_ET:2024:page:005:85e06aa7802ef43e,recipe:QS_ET:2024:page:005:85e06aa7802ef43e
artifact.ZGVyaXZlZDpRU19FVDoyMDI0OnBhZ2U6MDA1Ojg1ZTA2YWE3ODAyZWY0M2U,QS_ET,derived_export,QS_ET_2024_page_005_85e06aa7802ef43e.json.gz,gz,application/json,2720,d3d9b48e440f37c07be32ab67083b636251cbc393af82dae001a86f61abb6dc1,2024,2026-07-11T12:05:49+00:00,False,exclude_raw_keep_derived,https://www.topuniversities.com/rankings/endpoint?nid=3948167&items_per_page=30&tab=indicators&region=&countries=&cities=&search=&star=&sort_by=&order_by=&program_type=&scholarship=&fee=&english_score=&academic_score=&mix_student=&loggedincache=&study_level=&subjects=&page=5,QS_ET:2024:page:005:85e06aa7802ef43e,derived:QS_ET:2024:page:005:85e06aa7802ef43e
artifact.cmVjaXBlOlFTX0VUOjIwMjQ6cGFnZTowMDY6M2Y4MjEzYzI3NGY0ZWJkMQ,QS_ET,download_recipe,QS_ET_2024_page_006_3f8213c274f4ebd1.json,json,application/json,962,1f4353ad0d8660b5349881edaa7f0c93c82d51161530cf6fde0772a7ba6aff60,2024,2026-07-11T12:05:49+00:00,False,exclude_raw_keep_derived,https://www.topuniversities.com/rankings/endpoint?nid=3948167&items_per_page=30&tab=indicators&region=&countries=&cities=&search=&star=&sort_by=&order_by=&program_type=&scholarship=&fee=&english_score=&academic_score=&mix_student=&loggedincache=&study_level=&subjects=&page=6,QS_ET:2024:page:006:3f8213c274f4ebd1,recipe:QS_ET:2024:page:006:3f8213c274f4ebd1
artifact.ZGVyaXZlZDpRU19FVDoyMDI0OnBhZ2U6MDA2OjNmODIxM2MyNzRmNGViZDE,QS_ET,derived_export,QS_ET_2024_page_006_3f8213c274f4ebd1.json.gz,gz,application/json,2820,8cf04c9510cef3afb7c6b761641cb7034a0133d991b8b04b951463862a721c17,2024,2026-07-11T12:05:49+00:00,False,exclude_raw_keep_derived,https://www.topuniversities.com/rankings/endpoint?nid=3948167&items_per_page=30&tab=indicators&region=&countries=&cities=&search=&star=&sort_by=&order_by=&program_type=&scholarship=&fee=&english_score=&academic_score=&mix_student=&loggedincache=&study_level=&subjects=&page=6,QS_ET:2024:page:006:3f8213c274f4ebd1,derived:QS_ET:2024:page:006:3f8213c274f4ebd1
artifact.cmVjaXBlOlFTX0VUOjIwMjQ6cGFnZTowMDc6OTYzYWJmMWNhNTMxNGU0ZQ,QS_ET,download_recipe,QS_ET_2024_page_007_963abf1ca5314e4e.json,json,application/json,962,99f769c76f9d7ecc65b68d3d6535bb32678c179be147e422a90a74f073767664,2024,2026-07-11T12:05:50+00:00,False,exclude_raw_keep_derived,https://www.topuniversities.com/rankings/endpoint?nid=3948167&items_per_page=30&tab=indicators&region=&countries=&cities=&search=&star=&sort_by=&order_by=&program_type=&scholarship=&fee=&english_score=&academic_score=&mix_student=&loggedincache=&study_level=&subjects=&page=7,QS_ET:2024:page:007:963abf1ca5314e4e,recipe:QS_ET:2024:page:007:963abf1ca5314e4e
artifact.ZGVyaXZlZDpRU19FVDoyMDI0OnBhZ2U6MDA3Ojk2M2FiZjFjYTUzMTRlNGU,QS_ET,derived_export,QS_ET_2024_page_007_963abf1ca5314e4e.json.gz,gz,application/json,2812,5fee8e711b3b2cbe06d6dce2ab744912ea1e688dc646213297c0c5c87f62f9ed,2024,2026-07-11T12:05:50+00:00,False,exclude_raw_keep_derived,https://www.topuniversities.com/rankings/endpoint?nid=3948167&items_per_page=30&tab=indicators&region=&countries=&cities=&search=&star=&sort_by=&order_by=&program_type=&scholarship=&fee=&english_score=&academic_score=&mix_student=&loggedincache=&study_level=&subjects=&page=7,QS_ET:2024:page:007:963abf1ca5314e4e,derived:QS_ET:2024:page:007:963abf1ca5314e4e
artifact.cmVjaXBlOlFTX0VUOjIwMjQ6cGFnZTowMDg6YjEzZWU1ZjY0NjBhNWE1OA,QS_ET,download_recipe,QS_ET_2024_page_008_b13ee5f6460a5a58.json,json,application/json,962,08bbe2a89a008dade0d60501478021b28b75e4a2c47b4fda20e4642c48847c7d,2024,2026-07-11T12:05:50+00:00,False,exclude_raw_keep_derived,https://www.topuniversities.com/rankings/endpoint?nid=3948167&items_per_page=30&tab=indicators&region=&countries=&cities=&search=&star=&sort_by=&order_by=&program_type=&scholarship=&fee=&english_score=&academic_score=&mix_student=&loggedincache=&study_level=&subjects=&page=8,QS_ET:2024:page:008:b13ee5f6460a5a58,recipe:QS_ET:2024:page:008:b13ee5f6460a5a58
artifact.ZGVyaXZlZDpRU19FVDoyMDI0OnBhZ2U6MDA4OmIxM2VlNWY2NDYwYTVhNTg,QS_ET,derived_export,QS_ET_2024_page_008_b13ee5f6460a5a58.json.gz,gz,application/json,2811,30a7ee12fb62526d0ebb115f94763e338627bd35c56057ac52916f1af20643a2,2024,2026-07-11T12:05:50+00:00,False,exclude_raw_keep_derived,https://www.topuniversities.com/rankings/endpoint?nid=3948167&items_per_page=30&tab=indicators&region=&countries=&cities=&search=&star=&sort_by=&order_by=&program_type=&scholarship=&fee=&english_score=&academic_score=&mix_student=&loggedincache=&study_level=&subjects=&page=8,QS_ET:2024:page:008:b13ee5f6460a5a58,derived:QS_ET:2024:page:008:b13ee5f6460a5a58
artifact.cmVjaXBlOlFTX0VUOjIwMjQ6cGFnZTowMDk6OGJkOTk0YTIzNWZlZmU3Mg,QS_ET,download_recipe,QS_ET_2024_page_009_8bd994a235fefe72.json,json,application/json,962,cbd1e2163b96d60685d3daca531a38e5cc01aab5667db8d42dc13d3ee0e2a0bc,2024,2026-07-11T12:05:50+00:00,False,exclude_raw_keep_derived,https://www.topuniversities.com/rankings/endpoint?nid=3948167&items_per_page=30&tab=indicators&region=&countries=&cities=&search=&star=&sort_by=&order_by=&program_type=&scholarship=&fee=&english_score=&academic_score=&mix_student=&loggedincache=&study_level=&subjects=&page=9,QS_ET:2024:page:009:8bd994a235fefe72,recipe:QS_ET:2024:page:009:8bd994a235fefe72
artifact.ZGVyaXZlZDpRU19FVDoyMDI0OnBhZ2U6MDA5OjhiZDk5NGEyMzVmZWZlNzI,QS_ET,derived_export,QS_ET_2024_page_009_8bd994a235fefe72.json.gz,gz,application/json,2681,198b4432c646253995b118bb82b5304b88eec1e22bc0601c9886f588d40d8e57,2024,2026-07-11T12:05:50+00:00,False,exclude_raw_keep_derived,https://www.topuniversities.com/rankings/endpoint?nid=3948167&items_per_page=30&tab=indicators&region=&countries=&cities=&search=&star=&sort_by=&order_by=&program_type=&scholarship=&fee=&english_score=&academic_score=&mix_student=&loggedincache=&study_level=&subjects=&page=9,QS_ET:2024:page:009:8bd994a235fefe72,derived:QS_ET:2024:page:009:8bd994a235fefe72
artifact.cmVjaXBlOlFTX0VUOjIwMjQ6cGFnZTowMTA6NmNjMWMzMWZmNTIwMTcwYg,QS_ET,download_recipe,QS_ET_2024_page_010_6cc1c31ff520170b.json,json,application/json,963,d4effe6c59194f0c29646c06340a4421b436adcd8462045180d4865844a6d326,2024,2026-07-11T12:05:50+00:00,False,exclude_raw_keep_derived,https://www.topuniversities.com/rankings/endpoint?nid=3948167&items_per_page=30&tab=indicators&region=&countries=&cities=&search=&star=&sort_by=&order_by=&program_type=&scholarship=&fee=&english_score=&academic_score=&mix_student=&loggedincache=&study_level=&subjects=&page=10,QS_ET:2024:page:010:6cc1c31ff520170b,recipe:QS_ET:2024:page:010:6cc1c31ff520170b
artifact.ZGVyaXZlZDpRU19FVDoyMDI0OnBhZ2U6MDEwOjZjYzFjMzFmZjUyMDE3MGI,QS_ET,derived_export,QS_ET_2024_page_010_6cc1c31ff520170b.json.gz,gz,application/json,2973,71b41ce8d9f711db1445ba27619e56984f38d50cfc667d3aeeb532db11a88629,2024,2026-07-11T12:05:50+00:00,False,exclude_raw_keep_derived,https://www.topuniversities.com/rankings/endpoint?nid=3948167&items_per_page=30&tab=indicators&region=&countries=&cities=&search=&star=&sort_by=&order_by=&program_type=&scholarship=&fee=&english_score=&academic_score=&mix_student=&loggedincache=&study_level=&subjects=&page=10,QS_ET:2024:page:010:6cc1c31ff520170b,derived:QS_ET:2024:page:010:6cc1c31ff520170b
artifact.cmVjaXBlOlFTX0VUOjIwMjQ6cGFnZTowMTE6NmJjYzE2NGM3OGY3OWNjMA,QS_ET,download_recipe,QS_ET_2024_page_011_6bcc164c78f79cc0.json,json,application/json,963,08e97a2bbe4e17544bbe666c5768ef9013670e2c484bf22efed30a145cb15e8e,2024,2026-07-11T12:05:50+00:00,False,exclude_raw_keep_derived,https://www.topuniversities.com/rankings/endpoint?nid=3948167&items_per_page=30&tab=indicators&region=&countries=&cities=&search=&star=&sort_by=&order_by=&program_type=&scholarship=&fee=&english_score=&academic_score=&mix_student=&loggedincache=&study_level=&subjects=&page=11,QS_ET:2024:page:011:6bcc164c78f79cc0,recipe:QS_ET:2024:page:011:6bcc164c78f79cc0
artifact.ZGVyaXZlZDpRU19FVDoyMDI0OnBhZ2U6MDExOjZiY2MxNjRjNzhmNzljYzA,QS_ET,derived_export,QS_ET_2024_page_011_6bcc164c78f79cc0.json.gz,gz,application/json,2873,111d0d16a3b9ef93e97edd9ff1201aa304e0c6edac9b1f6d9ac8b26305cf815d,2024,2026-07-11T12:05:50+00:00,False,exclude_raw_keep_derived,https://www.topuniversities.com/rankings/endpoint?nid=3948167&items_per_page=30&tab=indicators&region=&countries=&cities=&search=&star=&sort_by=&order_by=&program_type=&scholarship=&fee=&english_score=&academic_score=&mix_student=&loggedincache=&study_level=&subjects=&page=11,QS_ET:2024:page:011:6bcc164c78f79cc0,derived:QS_ET:2024:page:011:6bcc164c78f79cc0
artifact.cmVjaXBlOlFTX0VUOjIwMjQ6cGFnZTowMTI6Mzk2YWU1OGVjNjhiZjg5ZQ,QS_ET,download_recipe,QS_ET_2024_page_012_396ae58ec68bf89e.json,json,application/json,963,d7c7776fcbca27ee78209acf3dffadac0c744eb1385b63bb2a9fffd802f891cc,2024,2026-07-11T12:05:50+00:00,False,exclude_raw_keep_derived,https://www.topuniversities.com/rankings/endpoint?nid=3948167&items_per_page=30&tab=indicators&region=&countries=&cities=&search=&star=&sort_by=&order_by=&program_type=&scholarship=&fee=&english_score=&academic_score=&mix_student=&loggedincache=&study_level=&subjects=&page=12,QS_ET:2024:page:012:396ae58ec68bf89e,recipe:QS_ET:2024:page:012:396ae58ec68bf89e
artifact.ZGVyaXZlZDpRU19FVDoyMDI0OnBhZ2U6MDEyOjM5NmFlNThlYzY4YmY4OWU,QS_ET,derived_export,QS_ET_2024_page_012_396ae58ec68bf89e.json.gz,gz,application/json,2872,f01e0b8372ee3a388edbf9c06127045249421565cb74f68de8f738a9b819500f,2024,2026-07-11T12:05:50+00:00,False,exclude_raw_keep_derived,https://www.topuniversities.com/rankings/endpoint?nid=3948167&items_per_page=30&tab=indicators&region=&countries=&cities=&search=&star=&sort_by=&order_by=&program_type=&scholarship=&fee=&english_score=&academic_score=&mix_student=&loggedincache=&study_level=&subjects=&page=12,QS_ET:2024:page:012:396ae58ec68bf89e,derived:QS_ET:2024:page:012:396ae58ec68bf89e
artifact.cmVjaXBlOlFTX0VUOjIwMjQ6cGFnZTowMTM6NmQ5YTEzNDhkYjc5MGE4Mw,QS_ET,download_recipe,QS_ET_2024_page_013_6d9a1348db790a83.json,json,application/json,963,e69ee764480ae9bbaae06887a9fa156b1e5547b5c68cb4838c8e6dfe9e53dbe9,2024,2026-07-11T12:05:50+00:00,False,exclude_raw_keep_derived,https://www.topuniversities.com/rankings/endpoint?nid=3948167&items_per_page=30&tab=indicators&region=&countries=&cities=&search=&star=&sort_by=&order_by=&program_type=&scholarship=&fee=&english_score=&academic_score=&mix_student=&loggedincache=&study_level=&subjects=&page=13,QS_ET:2024:page:013:6d9a1348db790a83,recipe:QS_ET:2024:page:013:6d9a1348db790a83
artifact.ZGVyaXZlZDpRU19FVDoyMDI0OnBhZ2U6MDEzOjZkOWExMzQ4ZGI3OTBhODM,QS_ET,derived_export,QS_ET_2024_page_013_6d9a1348db790a83.json.gz,gz,application/json,2767,62a1e075b570a97a6c9db34fc68800eeb98e82604eb8924d2726844e504494b9,2024,2026-07-11T12:05:50+00:00,False,exclude_raw_keep_derived,https://www.topuniversities.com/rankings/endpoint?nid=3948167&items_per_page=30&tab=indicators&region=&countries=&cities=&search=&star=&sort_by=&order_by=&program_type=&scholarship=&fee=&english_score=&academic_score=&mix_student=&loggedincache=&study_level=&subjects=&page=13,QS_ET:2024:page:013:6d9a1348db790a83,derived:QS_ET:2024:page:013:6d9a1348db790a83
artifact.cmVjaXBlOlFTX0VUOjIwMjQ6cGFnZTowMTQ6NjkxMTM2YjNmOTMyYjk3Ng,QS_ET,download_recipe,QS_ET_2024_page_014_691136b3f932b976.json,json,application/json,963,b606fcf7378074e79a5ad4b88dccbd7d8de58453fdcb02a44565ab1b1abceb68,2024,2026-07-11T12:05:50+00:00,False,exclude_raw_keep_derived,https://www.topuniversities.com/rankings/endpoint?nid=3948167&items_per_page=30&tab=indicators&region=&countries=&cities=&search=&star=&sort_by=&order_by=&program_type=&scholarship=&fee=&english_score=&academic_score=&mix_student=&loggedincache=&study_level=&subjects=&page=14,QS_ET:2024:page:014:691136b3f932b976,recipe:QS_ET:2024:page:014:691136b3f932b976
artifact.ZGVyaXZlZDpRU19FVDoyMDI0OnBhZ2U6MDE0OjY5MTEzNmIzZjkzMmI5NzY,QS_ET,derived_export,QS_ET_2024_page_014_691136b3f932b976.json.gz,gz,application/json,2538,21687f969372ca47d38fcb909d50880bcf549d441c9505cd5f093bca9f691316,2024,2026-07-11T12:05:50+00:00,False,exclude_raw_keep_derived,https://www.topuniversities.com/rankings/endpoint?nid=3948167&items_per_page=30&tab=indicators&region=&countries=&cities=&search=&star=&sort_by=&order_by=&program_type=&scholarship=&fee=&english_score=&academic_score=&mix_student=&loggedincache=&study_level=&subjects=&page=14,QS_ET:2024:page:014:691136b3f932b976,derived:QS_ET:2024:page:014:691136b3f932b976
artifact.cmVjaXBlOlFTX0VUOjIwMjQ6cGFnZTowMTU6Y2M2YzZkYzNlMDgwZGUxZQ,QS_ET,download_recipe,QS_ET_2024_page_015_cc6c6dc3e080de1e.json,json,application/json,963,5d294faae7ef0b6cd14ab7ed8ac2a2454e4ab74bc0fc7eaa3ba1600e565dfebd,2024,2026-07-11T12:05:50+00:00,False,exclude_raw_keep_derived,https://www.topuniversities.com/rankings/endpoint?nid=3948167&items_per_page=30&tab=indicators&region=&countries=&cities=&search=&star=&sort_by=&order_by=&program_type=&scholarship=&fee=&english_score=&academic_score=&mix_student=&loggedincache=&study_level=&subjects=&page=15,QS_ET:2024:page:015:cc6c6dc3e080de1e,recipe:QS_ET:2024:page:015:cc6c6dc3e080de1e
artifact.ZGVyaXZlZDpRU19FVDoyMDI0OnBhZ2U6MDE1OmNjNmM2ZGMzZTA4MGRlMWU,QS_ET,derived_export,QS_ET_2024_page_015_cc6c6dc3e080de1e.json.gz,gz,application/json,2796,8a23957074a68920dea498a566943c483ea1f1fa19c7b3daa29c5fcf322923bd,2024,2026-07-11T12:05:50+00:00,False,exclude_raw_keep_derived,https://www.topuniversities.com/rankings/endpoint?nid=3948167&items_per_page=30&tab=indicators&region=&countries=&cities=&search=&star=&sort_by=&order_by=&program_type=&scholarship=&fee=&english_score=&academic_score=&mix_student=&loggedincache=&study_level=&subjects=&page=15,QS_ET:2024:page:015:cc6c6dc3e080de1e,derived:QS_ET:2024:page:015:cc6c6dc3e080de1e
artifact.cmVjaXBlOlFTX0VUOjIwMjQ6cGFnZTowMTY6ZGU2ZDEzMDk1NTA3MTYyNQ,QS_ET,download_recipe,QS_ET_2024_page_016_de6d130955071625.json,json,application/json,963,e0edd7ffe009fb64ff5d4f667180dba5bac01fc8cada24a2ae95c8f8396815d7,2024,2026-07-11T12:05:50+00:00,False,exclude_raw_keep_derived,https://www.topuniversities.com/rankings/endpoint?nid=3948167&items_per_page=30&tab=indicators&region=&countries=&cities=&search=&star=&sort_by=&order_by=&program_type=&scholarship=&fee=&english_score=&academic_score=&mix_student=&loggedincache=&study_level=&subjects=&page=16,QS_ET:2024:page:016:de6d130955071625,recipe:QS_ET:2024:page:016:de6d130955071625
artifact.ZGVyaXZlZDpRU19FVDoyMDI0OnBhZ2U6MDE2OmRlNmQxMzA5NTUwNzE2MjU,QS_ET,derived_export,QS_ET_2024_page_016_de6d130955071625.json.gz,gz,application/json,2567,a312e7ac55ce68dc858bd6e0d1efd3c3601e8e035aa93e358831ea00f668579c,2024,2026-07-11T12:05:50+00:00,False,exclude_raw_keep_derived,https://www.topuniversities.com/rankings/endpoint?nid=3948167&items_per_page=30&tab=indicators&region=&countries=&cities=&search=&star=&sort_by=&order_by=&program_type=&scholarship=&fee=&english_score=&academic_score=&mix_student=&loggedincache=&study_level=&subjects=&page=16,QS_ET:2024:page:016:de6d130955071625,derived:QS_ET:2024:page:016:de6d130955071625
artifact.cmVjaXBlOlFTX0VUOjIwMjQ6cGFnZTowMTc6YjI5NjY3N2E1ZmQ2ZjAyYg,QS_ET,download_recipe,QS_ET_2024_page_017_b296677a5fd6f02b.json,json,application/json,963,88da76ac7e2bad9122b8a922115158bc6266c4c3151f2dc885d53320560a3385,2024,2026-07-11T12:05:50+00:00,False,exclude_raw_keep_derived,https://www.topuniversities.com/rankings/endpoint?nid=3948167&items_per_page=30&tab=indicators&region=&countries=&cities=&search=&star=&sort_by=&order_by=&program_type=&scholarship=&fee=&english_score=&academic_score=&mix_student=&loggedincache=&study_level=&subjects=&page=17,QS_ET:2024:page:017:b296677a5fd6f02b,recipe:QS_ET:2024:page:017:b296677a5fd6f02b
artifact.ZGVyaXZlZDpRU19FVDoyMDI0OnBhZ2U6MDE3OmIyOTY2NzdhNWZkNmYwMmI,QS_ET,derived_export,QS_ET_2024_page_017_b296677a5fd6f02b.json.gz,gz,application/json,2766,08f0e6f6fcd0381010415359612e52c5aa091c6e47fbb2e226355de80f70148f,2024,2026-07-11T12:05:50+00:00,False,exclude_raw_keep_derived,https://www.topuniversities.com/rankings/endpoint?nid=3948167&items_per_page=30&tab=indicators&region=&countries=&cities=&search=&star=&sort_by=&order_by=&program_type=&scholarship=&fee=&english_score=&academic_score=&mix_student=&loggedincache=&study_level=&subjects=&page=17,QS_ET:2024:page:017:b296677a5fd6f02b,derived:QS_ET:2024:page:017:b296677a5fd6f02b
artifact.cmVjaXBlOlFTX0VUOjIwMjQ6cGFnZTowMTg6MWE4MDAxZjk0YjQ1ODUxYQ,QS_ET,download_recipe,QS_ET_2024_page_018_1a8001f94b45851a.json,json,application/json,963,37367104eb250705c137a2f32c51ab7ad12087adba795e4710100a40894698fd,2024,2026-07-11T12:05:50+00:00,False,exclude_raw_keep_derived,https://www.topuniversities.com/rankings/endpoint?nid=3948167&items_per_page=30&tab=indicators&region=&countries=&cities=&search=&star=&sort_by=&order_by=&program_type=&scholarship=&fee=&english_score=&academic_score=&mix_student=&loggedincache=&study_level=&subjects=&page=18,QS_ET:2024:page:018:1a8001f94b45851a,recipe:QS_ET:2024:page:018:1a8001f94b45851a
artifact.ZGVyaXZlZDpRU19FVDoyMDI0OnBhZ2U6MDE4OjFhODAwMWY5NGI0NTg1MWE,QS_ET,derived_export,QS_ET_2024_page_018_1a8001f94b45851a.json.gz,gz,application/json,1624,65318958686e0fb840b68ebdbc72334b93d972b98798c5ea0d143fba9528db68,2024,2026-07-11T12:05:50+00:00,False,exclude_raw_keep_derived,https://www.topuniversities.com/rankings/endpoint?nid=3948167&items_per_page=30&tab=indicators&region=&countries=&cities=&search=&star=&sort_by=&order_by=&program_type=&scholarship=&fee=&english_score=&academic_score=&mix_student=&loggedincache=&study_level=&subjects=&page=18,QS_ET:2024:page:018:1a8001f94b45851a,derived:QS_ET:2024:page:018:1a8001f94b45851a
raw.UVNfRVQ6MjAyNDpwYWdlOjAwMDpjNDE0NjYwMTQ0NjY2OTZk,QS_ET,raw_snapshot,page_000.json,json,application/json,35966,c41466014466696d07bde6738c31b78854ef257d4cb385a0f045a8a31acef1ff,2024,2026-07-09T11:57:08+00:00,False,metadata_only,https://www.topuniversities.com/rankings/endpoint?nid=3948167&items_per_page=30&tab=indicators&region=&countries=&cities=&search=&star=&sort_by=&order_by=&program_type=&scholarship=&fee=&english_score=&academic_score=&mix_student=&loggedincache=&study_level=&subjects=&page=0,QS_ET:2024:page:000:c41466014466696d,
raw.UVNfRVQ6MjAyNDpwYWdlOjAwMToxNjYxN2Q5ZWY5OTllOTFk,QS_ET,raw_snapshot,page_001.json,json,application/json,36090,16617d9ef999e91dda4d4874d0c3ba8adb0a3ff7ba1aef70903778bd06e45ffc,2024,2026-07-09T11:57:08+00:00,False,metadata_only,https://www.topuniversities.com/rankings/endpoint?nid=3948167&items_per_page=30&tab=indicators&region=&countries=&cities=&search=&star=&sort_by=&order_by=&program_type=&scholarship=&fee=&english_score=&academic_score=&mix_student=&loggedincache=&study_level=&subjects=&page=1,QS_ET:2024:page:001:16617d9ef999e91d,
raw.UVNfRVQ6MjAyNDpwYWdlOjAwMjo3OTYyNzk1NTY1NjgxYWM1,QS_ET,raw_snapshot,page_002.json,json,application/json,36041,7962795565681ac532f17b6f94ab50e62ef8b888c72ce72f0f630a739137e2f6,2024,2026-07-09T11:57:08+00:00,False,metadata_only,https://www.topuniversities.com/rankings/endpoint?nid=3948167&items_per_page=30&tab=indicators&region=&countries=&cities=&search=&star=&sort_by=&order_by=&program_type=&scholarship=&fee=&english_score=&academic_score=&mix_student=&loggedincache=&study_level=&subjects=&page=2,QS_ET:2024:page:002:7962795565681ac5,
raw.UVNfRVQ6MjAyNDpwYWdlOjAwMzphMjIyNWU0MjQwYTRjMDA0,QS_ET,raw_snapshot,page_003.json,json,application/json,36284,a2225e4240a4c0043029aad02f5e352c849de5dfe2c8626f578188b953f03b41,2024,2026-07-09T11:57:08+00:00,False,metadata_only,https://www.topuniversities.com/rankings/endpoint?nid=3948167&items_per_page=30&tab=indicators&region=&countries=&cities=&search=&star=&sort_by=&order_by=&program_type=&scholarship=&fee=&english_score=&academic_score=&mix_student=&loggedincache=&study_level=&subjects=&page=3,QS_ET:2024:page:003:a2225e4240a4c004,
raw.UVNfRVQ6MjAyNDpwYWdlOjAwNDoxZmM1ODBiYjVlM2EwZDk1,QS_ET,raw_snapshot,page_004.json,json,application/json,36182,1fc580bb5e3a0d9517c174a27b627b2f82830627d7414d0348c9068bfad97e54,2024,2026-07-09T11:57:08+00:00,False,metadata_only,https://www.topuniversities.com/rankings/endpoint?nid=3948167&items_per_page=30&tab=indicators&region=&countries=&cities=&search=&star=&sort_by=&order_by=&program_type=&scholarship=&fee=&english_score=&academic_score=&mix_student=&loggedincache=&study_level=&subjects=&page=4,QS_ET:2024:page:004:1fc580bb5e3a0d95,
raw.UVNfRVQ6MjAyNDpwYWdlOjAwNTo4NWUwNmFhNzgwMmVmNDNl,QS_ET,raw_snapshot,page_005.json,json,application/json,35975,85e06aa7802ef43e28626924923821324b83528f4d4faae5a9ae6e56e405fbb2,2024,2026-07-09T11:57:08+00:00,False,metadata_only,https://www.topuniversities.com/rankings/endpoint?nid=3948167&items_per_page=30&tab=indicators&region=&countries=&cities=&search=&star=&sort_by=&order_by=&program_type=&scholarship=&fee=&english_score=&academic_score=&mix_student=&loggedincache=&study_level=&subjects=&page=5,QS_ET:2024:page:005:85e06aa7802ef43e,
raw.UVNfRVQ6MjAyNDpwYWdlOjAwNjozZjgyMTNjMjc0ZjRlYmQx,QS_ET,raw_snapshot,page_006.json,json,application/json,36280,3f8213c274f4ebd16b000dba346161d4181ff7bc86e0dcc4620ad4b2f7822a36,2024,2026-07-09T11:57:08+00:00,False,metadata_only,https://www.topuniversities.com/rankings/endpoint?nid=3948167&items_per_page=30&tab=indicators&region=&countries=&cities=&search=&star=&sort_by=&order_by=&program_type=&scholarship=&fee=&english_score=&academic_score=&mix_student=&loggedincache=&study_level=&subjects=&page=6,QS_ET:2024:page:006:3f8213c274f4ebd1,
raw.UVNfRVQ6MjAyNDpwYWdlOjAwNzo5NjNhYmYxY2E1MzE0ZTRl,QS_ET,raw_snapshot,page_007.json,json,application/json,36150,963abf1ca5314e4ef51d2b52dc8669672f1852e0d13519cc7b23981ae3258e30,2024,2026-07-09T11:57:08+00:00,False,metadata_only,https://www.topuniversities.com/rankings/endpoint?nid=3948167&items_per_page=30&tab=indicators&region=&countries=&cities=&search=&star=&sort_by=&order_by=&program_type=&scholarship=&fee=&english_score=&academic_score=&mix_student=&loggedincache=&study_level=&subjects=&page=7,QS_ET:2024:page:007:963abf1ca5314e4e,
raw.UVNfRVQ6MjAyNDpwYWdlOjAwODpiMTNlZTVmNjQ2MGE1YTU4,QS_ET,raw_snapshot,page_008.json,json,application/json,36255,b13ee5f6460a5a58943ba06fa20352913557886260f466b74c28529d6d17ad08,2024,2026-07-09T11:57:08+00:00,False,metadata_only,https://www.topuniversities.com/rankings/endpoint?nid=3948167&items_per_page=30&tab=indicators&region=&countries=&cities=&search=&star=&sort_by=&order_by=&program_type=&scholarship=&fee=&english_score=&academic_score=&mix_student=&loggedincache=&study_level=&subjects=&page=8,QS_ET:2024:page:008:b13ee5f6460a5a58,
raw.UVNfRVQ6MjAyNDpwYWdlOjAwOTo4YmQ5OTRhMjM1ZmVmZTcy,QS_ET,raw_snapshot,page_009.json,json,application/json,35693,8bd994a235fefe72199174fc4ef8a2a45390a4d3a837c940f1679fccf57bab1c,2024,2026-07-09T11:57:08+00:00,False,metadata_only,https://www.topuniversities.com/rankings/endpoint?nid=3948167&items_per_page=30&tab=indicators&region=&countries=&cities=&search=&star=&sort_by=&order_by=&program_type=&scholarship=&fee=&english_score=&academic_score=&mix_student=&loggedincache=&study_level=&subjects=&page=9,QS_ET:2024:page:009:8bd994a235fefe72,
raw.UVNfRVQ6MjAyNDpwYWdlOjAxMDo2Y2MxYzMxZmY1MjAxNzBi,QS_ET,raw_snapshot,page_010.json,json,application/json,36562,6cc1c31ff520170b9e2f779f45325253c1ef591513bdef0e77b3a0f42d0a7192,2024,2026-07-09T11:57:08+00:00,False,metadata_only,https://www.topuniversities.com/rankings/endpoint?nid=3948167&items_per_page=30&tab=indicators&region=&countries=&cities=&search=&star=&sort_by=&order_by=&program_type=&scholarship=&fee=&english_score=&academic_score=&mix_student=&loggedincache=&study_level=&subjects=&page=10,QS_ET:2024:page:010:6cc1c31ff520170b,
raw.UVNfRVQ6MjAyNDpwYWdlOjAxMTo2YmNjMTY0Yzc4Zjc5Y2Mw,QS_ET,raw_snapshot,page_011.json,json,application/json,36147,6bcc164c78f79cc0be76c8f6e509de4f871c2f1d39d652a59e42656ad7e28411,2024,2026-07-09T11:57:08+00:00,False,metadata_only,https://www.topuniversities.com/rankings/endpoint?nid=3948167&items_per_page=30&tab=indicators&region=&countries=&cities=&search=&star=&sort_by=&order_by=&program_type=&scholarship=&fee=&english_score=&academic_score=&mix_student=&loggedincache=&study_level=&subjects=&page=11,QS_ET:2024:page:011:6bcc164c78f79cc0,
raw.UVNfRVQ6MjAyNDpwYWdlOjAxMjozOTZhZTU4ZWM2OGJmODll,QS_ET,raw_snapshot,page_012.json,json,application/json,36502,396ae58ec68bf89ebc2382850f9d6cf24049ce3b47863d948a3b8290fdf45caf,2024,2026-07-09T11:57:08+00:00,False,metadata_only,https://www.topuniversities.com/rankings/endpoint?nid=3948167&items_per_page=30&tab=indicators&region=&countries=&cities=&search=&star=&sort_by=&order_by=&program_type=&scholarship=&fee=&english_score=&academic_score=&mix_student=&loggedincache=&study_level=&subjects=&page=12,QS_ET:2024:page:012:396ae58ec68bf89e,
raw.UVNfRVQ6MjAyNDpwYWdlOjAxMzo2ZDlhMTM0OGRiNzkwYTgz,QS_ET,raw_snapshot,page_013.json,json,application/json,36441,6d9a1348db790a83e4cbe31865a861c473f9060a949287ed585633480158e304,2024,2026-07-09T11:57:08+00:00,False,metadata_only,https://www.topuniversities.com/rankings/endpoint?nid=3948167&items_per_page=30&tab=indicators&region=&countries=&cities=&search=&star=&sort_by=&order_by=&program_type=&scholarship=&fee=&english_score=&academic_score=&mix_student=&loggedincache=&study_level=&subjects=&page=13,QS_ET:2024:page:013:6d9a1348db790a83,
raw.UVNfRVQ6MjAyNDpwYWdlOjAxNDo2OTExMzZiM2Y5MzJiOTc2,QS_ET,raw_snapshot,page_014.json,json,application/json,36249,691136b3f932b97650c617386686c4d53676f6c90d0f740909dc8c5cc8dc0b03,2024,2026-07-09T11:57:08+00:00,False,metadata_only,https://www.topuniversities.com/rankings/endpoint?nid=3948167&items_per_page=30&tab=indicators&region=&countries=&cities=&search=&star=&sort_by=&order_by=&program_type=&scholarship=&fee=&english_score=&academic_score=&mix_student=&loggedincache=&study_level=&subjects=&page=14,QS_ET:2024:page:014:691136b3f932b976,
raw.UVNfRVQ6MjAyNDpwYWdlOjAxNTpjYzZjNmRjM2UwODBkZTFl,QS_ET,raw_snapshot,page_015.json,json,application/json,36384,cc6c6dc3e080de1eb39246a8211651ed0b18839dda20307552e5c955171a0e28,2024,2026-07-09T11:57:08+00:00,False,metadata_only,https://www.topuniversities.com/rankings/endpoint?nid=3948167&items_per_page=30&tab=indicators&region=&countries=&cities=&search=&star=&sort_by=&order_by=&program_type=&scholarship=&fee=&english_score=&academic_score=&mix_student=&loggedincache=&study_level=&subjects=&page=15,QS_ET:2024:page:015:cc6c6dc3e080de1e,
raw.UVNfRVQ6MjAyNDpwYWdlOjAxNjpkZTZkMTMwOTU1MDcxNjI1,QS_ET,raw_snapshot,page_016.json,json,application/json,35895,de6d130955071625dc8bc38df875e72260fb699ee4d9721f5a91d3fccc29fa7a,2024,2026-07-09T11:57:08+00:00,False,metadata_only,https://www.topuniversities.com/rankings/endpoint?nid=3948167&items_per_page=30&tab=indicators&region=&countries=&cities=&search=&star=&sort_by=&order_by=&program_type=&scholarship=&fee=&english_score=&academic_score=&mix_student=&loggedincache=&study_level=&subjects=&page=16,QS_ET:2024:page:016:de6d130955071625,
raw.UVNfRVQ6MjAyNDpwYWdlOjAxNzpiMjk2Njc3YTVmZDZmMDJi,QS_ET,raw_snapshot,page_017.json,json,application/json,36769,b296677a5fd6f02b9240c3fe86f26bb30464e854973fc9d979fe090a71db5bcb,2024,2026-07-09T11:57:08+00:00,False,metadata_only,https://www.topuniversities.com/rankings/endpoint?nid=3948167&items_per_page=30&tab=indicators&region=&countries=&cities=&search=&star=&sort_by=&order_by=&program_type=&scholarship=&fee=&english_score=&academic_score=&mix_student=&loggedincache=&study_level=&subjects=&page=17,QS_ET:2024:page:017:b296677a5fd6f02b,
raw.UVNfRVQ6MjAyNDpwYWdlOjAxODoxYTgwMDFmOTRiNDU4NTFh,QS_ET,raw_snapshot,page_018.json,json,application/json,17909,1a8001f94b45851ad18b2338410f31ef291eecb4967d2b31556850fd0ddca73f,2024,2026-07-09T11:57:08+00:00,False,metadata_only,https://www.topuniversities.com/rankings/endpoint?nid=3948167&items_per_page=30&tab=indicators&region=&countries=&cities=&search=&star=&sort_by=&order_by=&program_type=&scholarship=&fee=&english_score=&academic_score=&mix_student=&loggedincache=&study_level=&subjects=&page=18,QS_ET:2024:page:018:1a8001f94b45851a,
raw.UVNfRVQ6MjAyNDowMGUwYTI3YTdjMjE0YzU4,QS_ET,raw_snapshot,qs_engineering_technology_2024.manifest.json,json,application/json,994,00e0a27a7c214c585ec4d5bf8c55e04db0bf835a15b6da81add91c5e3064c3f9,2024,2026-07-09T11:57:08+00:00,False,metadata_only,https://www.topuniversities.com/university-subject-rankings/engineering-technology/2024,QS_ET:2024:00e0a27a7c214c58,
artifact.cmVjaXBlOlFTX0VUOjIwMjU6Mjg4MTZiNTk3NTFmOGU3OQ,QS_ET,download_recipe,QS_ET_2025_28816b59751f8e79.json,json,application/json,794,f1078cb268ddf95fe97fb5ea885e8b144a00824592444ac0f16976a70fe7aad6,2025,2026-07-11T12:05:50+00:00,False,exclude_raw_keep_derived,https://www.topuniversities.com/university-subject-rankings/engineering-technology/2025,QS_ET:2025:28816b59751f8e79,recipe:QS_ET:2025:28816b59751f8e79
artifact.ZGVyaXZlZDpRU19FVDoyMDI1OjI4ODE2YjU5NzUxZjhlNzk,QS_ET,derived_export,QS_ET_2025_28816b59751f8e79.json.gz,gz,application/json,24773,c5c511eef94d79ec42672f36a94f53b96f22247bc0999bf66baffd6794dc537c,2025,2026-07-11T12:05:50+00:00,False,exclude_raw_keep_derived,https://www.topuniversities.com/university-subject-rankings/engineering-technology/2025,QS_ET:2025:28816b59751f8e79,derived:QS_ET:2025:28816b59751f8e79
artifact.cmVjaXBlOlFTX0VUOjIwMjU6cGFnZTowMDA6NTdjMTkxZDVkYzBmODRmZQ,QS_ET,download_recipe,QS_ET_2025_page_000_57c191d5dc0f84fe.json,json,application/json,962,740ec49f536631dd5714703b3eaed20f53c25a8b4b1b5ea8f0e35c0573c0b775,2025,2026-07-11T12:05:50+00:00,False,exclude_raw_keep_derived,https://www.topuniversities.com/rankings/endpoint?nid=4023705&items_per_page=30&tab=indicators&region=&countries=&cities=&search=&star=&sort_by=&order_by=&program_type=&scholarship=&fee=&english_score=&academic_score=&mix_student=&loggedincache=&study_level=&subjects=&page=0,QS_ET:2025:page:000:57c191d5dc0f84fe,recipe:QS_ET:2025:page:000:57c191d5dc0f84fe
artifact.ZGVyaXZlZDpRU19FVDoyMDI1OnBhZ2U6MDAwOjU3YzE5MWQ1ZGMwZjg0ZmU,QS_ET,derived_export,QS_ET_2025_page_000_57c191d5dc0f84fe.json.gz,gz,application/json,2766,d1068f0f195393a4b32d2fcf021163b7760b1b979a491f5f425b0496c658b0df,2025,2026-07-11T12:05:50+00:00,False,exclude_raw_keep_derived,https://www.topuniversities.com/rankings/endpoint?nid=4023705&items_per_page=30&tab=indicators&region=&countries=&cities=&search=&star=&sort_by=&order_by=&program_type=&scholarship=&fee=&english_score=&academic_score=&mix_student=&loggedincache=&study_level=&subjects=&page=0,QS_ET:2025:page:000:57c191d5dc0f84fe,derived:QS_ET:2025:page:000:57c191d5dc0f84fe
artifact.cmVjaXBlOlFTX0VUOjIwMjU6cGFnZTowMDE6Y2ZjMzgzZTNiMmNmZjgzMA,QS_ET,download_recipe,QS_ET_2025_page_001_cfc383e3b2cff830.json,json,application/json,962,a58f7e8eaf88aa10847d7cbc743999161ce2beaaf6057395495a51acd909f14d,2025,2026-07-11T12:05:50+00:00,False,exclude_raw_keep_derived,https://www.topuniversities.com/rankings/endpoint?nid=4023705&items_per_page=30&tab=indicators&region=&countries=&cities=&search=&star=&sort_by=&order_by=&program_type=&scholarship=&fee=&english_score=&academic_score=&mix_student=&loggedincache=&study_level=&subjects=&page=1,QS_ET:2025:page:001:cfc383e3b2cff830,recipe:QS_ET:2025:page:001:cfc383e3b2cff830
artifact.ZGVyaXZlZDpRU19FVDoyMDI1OnBhZ2U6MDAxOmNmYzM4M2UzYjJjZmY4MzA,QS_ET,derived_export,QS_ET_2025_page_001_cfc383e3b2cff830.json.gz,gz,application/json,2723,6ac3389ffe386f560067e142b29e8cc5a4ec2244517bb9983306651c80d01933,2025,2026-07-11T12:05:50+00:00,False,exclude_raw_keep_derived,https://www.topuniversities.com/rankings/endpoint?nid=4023705&items_per_page=30&tab=indicators&region=&countries=&cities=&search=&star=&sort_by=&order_by=&program_type=&scholarship=&fee=&english_score=&academic_score=&mix_student=&loggedincache=&study_level=&subjects=&page=1,QS_ET:2025:page:001:cfc383e3b2cff830,derived:QS_ET:2025:page:001:cfc383e3b2cff830
artifact.cmVjaXBlOlFTX0VUOjIwMjU6cGFnZTowMDI6OWM2MmNjNTk1ZmVhYTkyNg,QS_ET,download_recipe,QS_ET_2025_page_002_9c62cc595feaa926.json,json,application/json,962,e83e3ce2c8e5c1f121ee67d8786a5092d3485fdc9b865c625ae197b1cda8f93d,2025,2026-07-11T12:05:50+00:00,False,exclude_raw_keep_derived,https://www.topuniversities.com/rankings/endpoint?nid=4023705&items_per_page=30&tab=indicators&region=&countries=&cities=&search=&star=&sort_by=&order_by=&program_type=&scholarship=&fee=&english_score=&academic_score=&mix_student=&loggedincache=&study_level=&subjects=&page=2,QS_ET:2025:page:002:9c62cc595feaa926,recipe:QS_ET:2025:page:002:9c62cc595feaa926
artifact.ZGVyaXZlZDpRU19FVDoyMDI1OnBhZ2U6MDAyOjljNjJjYzU5NWZlYWE5MjY,QS_ET,derived_export,QS_ET_2025_page_002_9c62cc595feaa926.json.gz,gz,application/json,2847,c66d2bba97af5186fb4e7cf9165da01c20e0ed5d5264ac3ed3bd0707a986a213,2025,2026-07-11T12:05:50+00:00,False,exclude_raw_keep_derived,https://www.topuniversities.com/rankings/endpoint?nid=4023705&items_per_page=30&tab=indicators&region=&countries=&cities=&search=&star=&sort_by=&order_by=&program_type=&scholarship=&fee=&english_score=&academic_score=&mix_student=&loggedincache=&study_level=&subjects=&page=2,QS_ET:2025:page:002:9c62cc595feaa926,derived:QS_ET:2025:page:002:9c62cc595feaa926
artifact.cmVjaXBlOlFTX0VUOjIwMjU6cGFnZTowMDM6MDc4NWM1MTA2M2JhMTRhZA,QS_ET,download_recipe,QS_ET_2025_page_003_0785c51063ba14ad.json,json,application/json,962,66410c77302e3e7aa674ccd213047b3d7e670ea806a1c3c69399d2a02f747f14,2025,2026-07-11T12:05:50+00:00,False,exclude_raw_keep_derived,https://www.topuniversities.com/rankings/endpoint?nid=4023705&items_per_page=30&tab=indicators&region=&countries=&cities=&search=&star=&sort_by=&order_by=&program_type=&scholarship=&fee=&english_score=&academic_score=&mix_student=&loggedincache=&study_level=&subjects=&page=3,QS_ET:2025:page:003:0785c51063ba14ad,recipe:QS_ET:2025:page:003:0785c51063ba14ad
artifact.ZGVyaXZlZDpRU19FVDoyMDI1OnBhZ2U6MDAzOjA3ODVjNTEwNjNiYTE0YWQ,QS_ET,derived_export,QS_ET_2025_page_003_0785c51063ba14ad.json.gz,gz,application/json,2765,cb0b64e93536895f5148eb2fa2d3432358a538a69b3cb0339e1c2e64931edc78,2025,2026-07-11T12:05:50+00:00,False,exclude_raw_keep_derived,https://www.topuniversities.com/rankings/endpoint?nid=4023705&items_per_page=30&tab=indicators&region=&countries=&cities=&search=&star=&sort_by=&order_by=&program_type=&scholarship=&fee=&english_score=&academic_score=&mix_student=&loggedincache=&study_level=&subjects=&page=3,QS_ET:2025:page:003:0785c51063ba14ad,derived:QS_ET:2025:page:003:0785c51063ba14ad
artifact.cmVjaXBlOlFTX0VUOjIwMjU6cGFnZTowMDQ6NzYyMmM0ZGU0NzFhOGZkMw,QS_ET,download_recipe,QS_ET_2025_page_004_7622c4de471a8fd3.json,json,application/json,962,e54cda1e7df749c0a631b73e8b69fb9dbad9b03c73a022138ee0c0158100a636,2025,2026-07-11T12:05:50+00:00,False,exclude_raw_keep_derived,https://www.topuniversities.com/rankings/endpoint?nid=4023705&items_per_page=30&tab=indicators&region=&countries=&cities=&search=&star=&sort_by=&order_by=&program_type=&scholarship=&fee=&english_score=&academic_score=&mix_student=&loggedincache=&study_level=&subjects=&page=4,QS_ET:2025:page:004:7622c4de471a8fd3,recipe:QS_ET:2025:page:004:7622c4de471a8fd3
artifact.ZGVyaXZlZDpRU19FVDoyMDI1OnBhZ2U6MDA0Ojc2MjJjNGRlNDcxYThmZDM,QS_ET,derived_export,QS_ET_2025_page_004_7622c4de471a8fd3.json.gz,gz,application/json,2803,b5a74d2634a0731c810ce519cb5399e0640d9222ef905491f308d2dd4de4ad67,2025,2026-07-11T12:05:50+00:00,False,exclude_raw_keep_derived,https://www.topuniversities.com/rankings/endpoint?nid=4023705&items_per_page=30&tab=indicators&region=&countries=&cities=&search=&star=&sort_by=&order_by=&program_type=&scholarship=&fee=&english_score=&academic_score=&mix_student=&loggedincache=&study_level=&subjects=&page=4,QS_ET:2025:page:004:7622c4de471a8fd3,derived:QS_ET:2025:page:004:7622c4de471a8fd3
artifact.cmVjaXBlOlFTX0VUOjIwMjU6cGFnZTowMDU6ZGQwYjAxNDg0OWRiY2Y5NA,QS_ET,download_recipe,QS_ET_2025_page_005_dd0b014849dbcf94.json,json,application/json,962,6702bdf9e819df1ef85a10314c6d04f6001beaa77bec9f73e651e72d319d09d9,2025,2026-07-11T12:05:50+00:00,False,exclude_raw_keep_derived,https://www.topuniversities.com/rankings/endpoint?nid=4023705&items_per_page=30&tab=indicators&region=&countries=&cities=&search=&star=&sort_by=&order_by=&program_type=&scholarship=&fee=&english_score=&academic_score=&mix_student=&loggedincache=&study_level=&subjects=&page=5,QS_ET:2025:page:005:dd0b014849dbcf94,recipe:QS_ET:2025:page:005:dd0b014849dbcf94
artifact.ZGVyaXZlZDpRU19FVDoyMDI1OnBhZ2U6MDA1OmRkMGIwMTQ4NDlkYmNmOTQ,QS_ET,derived_export,QS_ET_2025_page_005_dd0b014849dbcf94.json.gz,gz,application/json,2691,dc516b18103cf9dc28fc0ab49406b9ec3755a49e13f6618baef0f2533cea636b,2025,2026-07-11T12:05:50+00:00,False,exclude_raw_keep_derived,https://www.topuniversities.com/rankings/endpoint?nid=4023705&items_per_page=30&tab=indicators&region=&countries=&cities=&search=&star=&sort_by=&order_by=&program_type=&scholarship=&fee=&english_score=&academic_score=&mix_student=&loggedincache=&study_level=&subjects=&page=5,QS_ET:2025:page:005:dd0b014849dbcf94,derived:QS_ET:2025:page:005:dd0b014849dbcf94
artifact.cmVjaXBlOlFTX0VUOjIwMjU6cGFnZTowMDY6NjMwMzhlMTlhYjRhNzMzOQ,QS_ET,download_recipe,QS_ET_2025_page_006_63038e19ab4a7339.json,json,application/json,962,f3ecf316bab86fc2fafb7fc764983466164f83aad472b320ea155e7d8022e62c,2025,2026-07-11T12:05:50+00:00,False,exclude_raw_keep_derived,https://www.topuniversities.com/rankings/endpoint?nid=4023705&items_per_page=30&tab=indicators&region=&countries=&cities=&search=&star=&sort_by=&order_by=&program_type=&scholarship=&fee=&english_score=&academic_score=&mix_student=&loggedincache=&study_level=&subjects=&page=6,QS_ET:2025:page:006:63038e19ab4a7339,recipe:QS_ET:2025:page:006:63038e19ab4a7339
artifact.ZGVyaXZlZDpRU19FVDoyMDI1OnBhZ2U6MDA2OjYzMDM4ZTE5YWI0YTczMzk,QS_ET,derived_export,QS_ET_2025_page_006_63038e19ab4a7339.json.gz,gz,application/json,2803,b50f47cb23f8c0f3fbc301016d678502a9f74b07564110e789540433e54582b9,2025,2026-07-11T12:05:50+00:00,False,exclude_raw_keep_derived,https://www.topuniversities.com/rankings/endpoint?nid=4023705&items_per_page=30&tab=indicators&region=&countries=&cities=&search=&star=&sort_by=&order_by=&program_type=&scholarship=&fee=&english_score=&academic_score=&mix_student=&loggedincache=&study_level=&subjects=&page=6,QS_ET:2025:page:006:63038e19ab4a7339,derived:QS_ET:2025:page:006:63038e19ab4a7339
artifact.cmVjaXBlOlFTX0VUOjIwMjU6cGFnZTowMDc6M2M0NjQ2YjBiZjBjY2EzMg,QS_ET,download_recipe,QS_ET_2025_page_007_3c4646b0bf0cca32.json,json,application/json,962,6ae0b0bf2a9d202e7bab8804da1958ceb59c18aabdd88923932e7588b61b04a0,2025,2026-07-11T12:05:50+00:00,False,exclude_raw_keep_derived,https://www.topuniversities.com/rankings/endpoint?nid=4023705&items_per_page=30&tab=indicators&region=&countries=&cities=&search=&star=&sort_by=&order_by=&program_type=&scholarship=&fee=&english_score=&academic_score=&mix_student=&loggedincache=&study_level=&subjects=&page=7,QS_ET:2025:page:007:3c4646b0bf0cca32,recipe:QS_ET:2025:page:007:3c4646b0bf0cca32
artifact.ZGVyaXZlZDpRU19FVDoyMDI1OnBhZ2U6MDA3OjNjNDY0NmIwYmYwY2NhMzI,QS_ET,derived_export,QS_ET_2025_page_007_3c4646b0bf0cca32.json.gz,gz,application/json,2915,9b6179d1a35d9e212a13959bf4992e170db4fd06123d0511fb85a36cef7a6e03,2025,2026-07-11T12:05:50+00:00,False,exclude_raw_keep_derived,https://www.topuniversities.com/rankings/endpoint?nid=4023705&items_per_page=30&tab=indicators&region=&countries=&cities=&search=&star=&sort_by=&order_by=&program_type=&scholarship=&fee=&english_score=&academic_score=&mix_student=&loggedincache=&study_level=&subjects=&page=7,QS_ET:2025:page:007:3c4646b0bf0cca32,derived:QS_ET:2025:page:007:3c4646b0bf0cca32
artifact.cmVjaXBlOlFTX0VUOjIwMjU6cGFnZTowMDg6M2VjOWZkMWZkMDA4YzAxNQ,QS_ET,download_recipe,QS_ET_2025_page_008_3ec9fd1fd008c015.json,json,application/json,962,422c554cb9c9f546deb3c1c7c2840444ef319dd2c90f630aba82e48849b09ef6,2025,2026-07-11T12:05:50+00:00,False,exclude_raw_keep_derived,https://www.topuniversities.com/rankings/endpoint?nid=4023705&items_per_page=30&tab=indicators&region=&countries=&cities=&search=&star=&sort_by=&order_by=&program_type=&scholarship=&fee=&english_score=&academic_score=&mix_student=&loggedincache=&study_level=&subjects=&page=8,QS_ET:2025:page:008:3ec9fd1fd008c015,recipe:QS_ET:2025:page:008:3ec9fd1fd008c015
artifact.ZGVyaXZlZDpRU19FVDoyMDI1OnBhZ2U6MDA4OjNlYzlmZDFmZDAwOGMwMTU,QS_ET,derived_export,QS_ET_2025_page_008_3ec9fd1fd008c015.json.gz,gz,application/json,2840,cada5441ced7921d229da2001f94542bc1c0f15d18a062ec4d3540822eb12f1e,2025,2026-07-11T12:05:50+00:00,False,exclude_raw_keep_derived,https://www.topuniversities.com/rankings/endpoint?nid=4023705&items_per_page=30&tab=indicators&region=&countries=&cities=&search=&star=&sort_by=&order_by=&program_type=&scholarship=&fee=&english_score=&academic_score=&mix_student=&loggedincache=&study_level=&subjects=&page=8,QS_ET:2025:page:008:3ec9fd1fd008c015,derived:QS_ET:2025:page:008:3ec9fd1fd008c015
artifact.cmVjaXBlOlFTX0VUOjIwMjU6cGFnZTowMDk6ZDhiOTUxNWU0MmQ2NjNjOA,QS_ET,download_recipe,QS_ET_2025_page_009_d8b9515e42d663c8.json,json,application/json,962,fced75e7e97192483c834eabc23c1b4e7faa4dec540f41f5d87ba0a357f9dd47,2025,2026-07-11T12:05:50+00:00,False,exclude_raw_keep_derived,https://www.topuniversities.com/rankings/endpoint?nid=4023705&items_per_page=30&tab=indicators&region=&countries=&cities=&search=&star=&sort_by=&order_by=&program_type=&scholarship=&fee=&english_score=&academic_score=&mix_student=&loggedincache=&study_level=&subjects=&page=9,QS_ET:2025:page:009:d8b9515e42d663c8,recipe:QS_ET:2025:page:009:d8b9515e42d663c8
artifact.ZGVyaXZlZDpRU19FVDoyMDI1OnBhZ2U6MDA5OmQ4Yjk1MTVlNDJkNjYzYzg,QS_ET,derived_export,QS_ET_2025_page_009_d8b9515e42d663c8.json.gz,gz,application/json,2831,b99e341a2569adc7319fce690884198d12cad01b11e4d2c8e89da5507216aa52,2025,2026-07-11T12:05:50+00:00,False,exclude_raw_keep_derived,https://www.topuniversities.com/rankings/endpoint?nid=4023705&items_per_page=30&tab=indicators&region=&countries=&cities=&search=&star=&sort_by=&order_by=&program_type=&scholarship=&fee=&english_score=&academic_score=&mix_student=&loggedincache=&study_level=&subjects=&page=9,QS_ET:2025:page:009:d8b9515e42d663c8,derived:QS_ET:2025:page:009:d8b9515e42d663c8
artifact.cmVjaXBlOlFTX0VUOjIwMjU6cGFnZTowMTA6MTg2OTEzNTllZmM5YzdkMQ,QS_ET,download_recipe,QS_ET_2025_page_010_18691359efc9c7d1.json,json,application/json,963,9ec78e80e3a16f4e997c90be88fcb3cc69cdad649f7a222d33afdbb6e80ea5b2,2025,2026-07-11T12:05:50+00:00,False,exclude_raw_keep_derived,https://www.topuniversities.com/rankings/endpoint?nid=4023705&items_per_page=30&tab=indicators&region=&countries=&cities=&search=&star=&sort_by=&order_by=&program_type=&scholarship=&fee=&english_score=&academic_score=&mix_student=&loggedincache=&study_level=&subjects=&page=10,QS_ET:2025:page:010:18691359efc9c7d1,recipe:QS_ET:2025:page:010:18691359efc9c7d1
artifact.ZGVyaXZlZDpRU19FVDoyMDI1OnBhZ2U6MDEwOjE4NjkxMzU5ZWZjOWM3ZDE,QS_ET,derived_export,QS_ET_2025_page_010_18691359efc9c7d1.json.gz,gz,application/json,2751,26b892a123054d2807a8771ff797debca3c2fd6a861af85f45b107be5cb8940e,2025,2026-07-11T12:05:50+00:00,False,exclude_raw_keep_derived,https://www.topuniversities.com/rankings/endpoint?nid=4023705&items_per_page=30&tab=indicators&region=&countries=&cities=&search=&star=&sort_by=&order_by=&program_type=&scholarship=&fee=&english_score=&academic_score=&mix_student=&loggedincache=&study_level=&subjects=&page=10,QS_ET:2025:page:010:18691359efc9c7d1,derived:QS_ET:2025:page:010:18691359efc9c7d1
artifact.cmVjaXBlOlFTX0VUOjIwMjU6cGFnZTowMTE6MTZhODgwOWNhMjE5MWQzOQ,QS_ET,download_recipe,QS_ET_2025_page_011_16a8809ca2191d39.json,json,application/json,963,4c808968b34ed69641f76207e59944890f37deb4ddc4a58c6dd0b3d3b3a86f10,2025,2026-07-11T12:05:50+00:00,False,exclude_raw_keep_derived,https://www.topuniversities.com/rankings/endpoint?nid=4023705&items_per_page=30&tab=indicators&region=&countries=&cities=&search=&star=&sort_by=&order_by=&program_type=&scholarship=&fee=&english_score=&academic_score=&mix_student=&loggedincache=&study_level=&subjects=&page=11,QS_ET:2025:page:011:16a8809ca2191d39,recipe:QS_ET:2025:page:011:16a8809ca2191d39
artifact.ZGVyaXZlZDpRU19FVDoyMDI1OnBhZ2U6MDExOjE2YTg4MDljYTIxOTFkMzk,QS_ET,derived_export,QS_ET_2025_page_011_16a8809ca2191d39.json.gz,gz,application/json,2892,50a4a01d1399bbbcac73d18f5714eef49c7efc9be31c5f2ef90fa5e6f98b16ac,2025,2026-07-11T12:05:50+00:00,False,exclude_raw_keep_derived,https://www.topuniversities.com/rankings/endpoint?nid=4023705&items_per_page=30&tab=indicators&region=&countries=&cities=&search=&star=&sort_by=&order_by=&program_type=&scholarship=&fee=&english_score=&academic_score=&mix_student=&loggedincache=&study_level=&subjects=&page=11,QS_ET:2025:page:011:16a8809ca2191d39,derived:QS_ET:2025:page:011:16a8809ca2191d39
artifact.cmVjaXBlOlFTX0VUOjIwMjU6cGFnZTowMTI6NmE4M2UzZWQzMzVlYzhjNw,QS_ET,download_recipe,QS_ET_2025_page_012_6a83e3ed335ec8c7.json,json,application/json,963,dd172684af7a93cf922b23b12e8d5c5a4bf2193139117458f1e3be3e66065ed4,2025,2026-07-11T12:05:50+00:00,False,exclude_raw_keep_derived,https://www.topuniversities.com/rankings/endpoint?nid=4023705&items_per_page=30&tab=indicators&region=&countries=&cities=&search=&star=&sort_by=&order_by=&program_type=&scholarship=&fee=&english_score=&academic_score=&mix_student=&loggedincache=&study_level=&subjects=&page=12,QS_ET:2025:page:012:6a83e3ed335ec8c7,recipe:QS_ET:2025:page:012:6a83e3ed335ec8c7
artifact.ZGVyaXZlZDpRU19FVDoyMDI1OnBhZ2U6MDEyOjZhODNlM2VkMzM1ZWM4Yzc,QS_ET,derived_export,QS_ET_2025_page_012_6a83e3ed335ec8c7.json.gz,gz,application/json,2921,5580b533a9172c959e74937ff586e3ef6463633634f9bef1640ce3f63e8cca8a,2025,2026-07-11T12:05:50+00:00,False,exclude_raw_keep_derived,https://www.topuniversities.com/rankings/endpoint?nid=4023705&items_per_page=30&tab=indicators&region=&countries=&cities=&search=&star=&sort_by=&order_by=&program_type=&scholarship=&fee=&english_score=&academic_score=&mix_student=&loggedincache=&study_level=&subjects=&page=12,QS_ET:2025:page:012:6a83e3ed335ec8c7,derived:QS_ET:2025:page:012:6a83e3ed335ec8c7
artifact.cmVjaXBlOlFTX0VUOjIwMjU6cGFnZTowMTM6MjIwNDU0NDk4NDhmOTUxYQ,QS_ET,download_recipe,QS_ET_2025_page_013_22045449848f951a.json,json,application/json,963,1cc12748e41c3f9c8f3344196483872e53a5813feb86f68dd99adc65b2a41bff,2025,2026-07-11T12:05:50+00:00,False,exclude_raw_keep_derived,https://www.topuniversities.com/rankings/endpoint?nid=4023705&items_per_page=30&tab=indicators&region=&countries=&cities=&search=&star=&sort_by=&order_by=&program_type=&scholarship=&fee=&english_score=&academic_score=&mix_student=&loggedincache=&study_level=&subjects=&page=13,QS_ET:2025:page:013:22045449848f951a,recipe:QS_ET:2025:page:013:22045449848f951a
artifact.ZGVyaXZlZDpRU19FVDoyMDI1OnBhZ2U6MDEzOjIyMDQ1NDQ5ODQ4Zjk1MWE,QS_ET,derived_export,QS_ET_2025_page_013_22045449848f951a.json.gz,gz,application/json,2803,404104a6d893b5986b21fed0ab7f8d94029f65ea05446e294d5e73899aa9f83c,2025,2026-07-11T12:05:50+00:00,False,exclude_raw_keep_derived,https://www.topuniversities.com/rankings/endpoint?nid=4023705&items_per_page=30&tab=indicators&region=&countries=&cities=&search=&star=&sort_by=&order_by=&program_type=&scholarship=&fee=&english_score=&academic_score=&mix_student=&loggedincache=&study_level=&subjects=&page=13,QS_ET:2025:page:013:22045449848f951a,derived:QS_ET:2025:page:013:22045449848f951a
artifact.cmVjaXBlOlFTX0VUOjIwMjU6cGFnZTowMTQ6MTMxZTY4NTViYzc0NWM4Yg,QS_ET,download_recipe,QS_ET_2025_page_014_131e6855bc745c8b.json,json,application/json,963,73fa0128d26c5924253314f1aef9335ff9ca71c75673e348d87ca41f11881298,2025,2026-07-11T12:05:51+00:00,False,exclude_raw_keep_derived,https://www.topuniversities.com/rankings/endpoint?nid=4023705&items_per_page=30&tab=indicators&region=&countries=&cities=&search=&star=&sort_by=&order_by=&program_type=&scholarship=&fee=&english_score=&academic_score=&mix_student=&loggedincache=&study_level=&subjects=&page=14,QS_ET:2025:page:014:131e6855bc745c8b,recipe:QS_ET:2025:page:014:131e6855bc745c8b
artifact.ZGVyaXZlZDpRU19FVDoyMDI1OnBhZ2U6MDE0OjEzMWU2ODU1YmM3NDVjOGI,QS_ET,derived_export,QS_ET_2025_page_014_131e6855bc745c8b.json.gz,gz,application/json,2698,32b3bedb9631b37e79652ac0efa398cc0573d665fd6bad80ecf2e0f478dafd57,2025,2026-07-11T12:05:51+00:00,False,exclude_raw_keep_derived,https://www.topuniversities.com/rankings/endpoint?nid=4023705&items_per_page=30&tab=indicators&region=&countries=&cities=&search=&star=&sort_by=&order_by=&program_type=&scholarship=&fee=&english_score=&academic_score=&mix_student=&loggedincache=&study_level=&subjects=&page=14,QS_ET:2025:page:014:131e6855bc745c8b,derived:QS_ET:2025:page:014:131e6855bc745c8b
artifact.cmVjaXBlOlFTX0VUOjIwMjU6cGFnZTowMTU6YTgyYzRhNDE1NTU0NzJkMA,QS_ET,download_recipe,QS_ET_2025_page_015_a82c4a41555472d0.json,json,application/json,963,5917ba8cb8866bfa5583249626bd964215e62b6efd9d9d2abaa44c5d796d64ed,2025,2026-07-11T12:05:51+00:00,False,exclude_raw_keep_derived,https://www.topuniversities.com/rankings/endpoint?nid=4023705&items_per_page=30&tab=indicators&region=&countries=&cities=&search=&star=&sort_by=&order_by=&program_type=&scholarship=&fee=&english_score=&academic_score=&mix_student=&loggedincache=&study_level=&subjects=&page=15,QS_ET:2025:page:015:a82c4a41555472d0,recipe:QS_ET:2025:page:015:a82c4a41555472d0
artifact.ZGVyaXZlZDpRU19FVDoyMDI1OnBhZ2U6MDE1OmE4MmM0YTQxNTU1NDcyZDA,QS_ET,derived_export,QS_ET_2025_page_015_a82c4a41555472d0.json.gz,gz,application/json,2671,e8c2b9b5f9942874ecc480cbcdd68c8a51e0258f3aacb2841e5a8aed4e7e15a9,2025,2026-07-11T12:05:51+00:00,False,exclude_raw_keep_derived,https://www.topuniversities.com/rankings/endpoint?nid=4023705&items_per_page=30&tab=indicators&region=&countries=&cities=&search=&star=&sort_by=&order_by=&program_type=&scholarship=&fee=&english_score=&academic_score=&mix_student=&loggedincache=&study_level=&subjects=&page=15,QS_ET:2025:page:015:a82c4a41555472d0,derived:QS_ET:2025:page:015:a82c4a41555472d0
artifact.cmVjaXBlOlFTX0VUOjIwMjU6cGFnZTowMTY6MmRhMmIzMjk2M2UxYWU5Ng,QS_ET,download_recipe,QS_ET_2025_page_016_2da2b32963e1ae96.json,json,application/json,963,60690c4812b2c22ecdaafe10eb2c6ff04fc440870e78f3901dcd25528d5d7d6e,2025,2026-07-11T12:05:51+00:00,False,exclude_raw_keep_derived,https://www.topuniversities.com/rankings/endpoint?nid=4023705&items_per_page=30&tab=indicators&region=&countries=&cities=&search=&star=&sort_by=&order_by=&program_type=&scholarship=&fee=&english_score=&academic_score=&mix_student=&loggedincache=&study_level=&subjects=&page=16,QS_ET:2025:page:016:2da2b32963e1ae96,recipe:QS_ET:2025:page:016:2da2b32963e1ae96
artifact.ZGVyaXZlZDpRU19FVDoyMDI1OnBhZ2U6MDE2OjJkYTJiMzI5NjNlMWFlOTY,QS_ET,derived_export,QS_ET_2025_page_016_2da2b32963e1ae96.json.gz,gz,application/json,2683,c27576922d0a43716980da9d1262df170507d4cee2b2c9424f2583904d16e14c,2025,2026-07-11T12:05:51+00:00,False,exclude_raw_keep_derived,https://www.topuniversities.com/rankings/endpoint?nid=4023705&items_per_page=30&tab=indicators&region=&countries=&cities=&search=&star=&sort_by=&order_by=&program_type=&scholarship=&fee=&english_score=&academic_score=&mix_student=&loggedincache=&study_level=&subjects=&page=16,QS_ET:2025:page:016:2da2b32963e1ae96,derived:QS_ET:2025:page:016:2da2b32963e1ae96
artifact.cmVjaXBlOlFTX0VUOjIwMjU6cGFnZTowMTc6MjRhNTFkZGU5NGZiYmMwOQ,QS_ET,download_recipe,QS_ET_2025_page_017_24a51dde94fbbc09.json,json,application/json,963,ccec3dfd74ecf3c0f3f7ca61582872a448a9f9acbc05069dc22970263d393007,2025,2026-07-11T12:05:51+00:00,False,exclude_raw_keep_derived,https://www.topuniversities.com/rankings/endpoint?nid=4023705&items_per_page=30&tab=indicators&region=&countries=&cities=&search=&star=&sort_by=&order_by=&program_type=&scholarship=&fee=&english_score=&academic_score=&mix_student=&loggedincache=&study_level=&subjects=&page=17,QS_ET:2025:page:017:24a51dde94fbbc09,recipe:QS_ET:2025:page:017:24a51dde94fbbc09
artifact.ZGVyaXZlZDpRU19FVDoyMDI1OnBhZ2U6MDE3OjI0YTUxZGRlOTRmYmJjMDk,QS_ET,derived_export,QS_ET_2025_page_017_24a51dde94fbbc09.json.gz,gz,application/json,2858,aaa5c995d5eade6346e9be1e7563ff5e6499d175ea638d39cc9e76f17429a236,2025,2026-07-11T12:05:51+00:00,False,exclude_raw_keep_derived,https://www.topuniversities.com/rankings/endpoint?nid=4023705&items_per_page=30&tab=indicators&region=&countries=&cities=&search=&star=&sort_by=&order_by=&program_type=&scholarship=&fee=&english_score=&academic_score=&mix_student=&loggedincache=&study_level=&subjects=&page=17,QS_ET:2025:page:017:24a51dde94fbbc09,derived:QS_ET:2025:page:017:24a51dde94fbbc09
artifact.cmVjaXBlOlFTX0VUOjIwMjU6cGFnZTowMTg6YWIxMGY2OWYxYzBmMGU0NA,QS_ET,download_recipe,QS_ET_2025_page_018_ab10f69f1c0f0e44.json,json,application/json,963,a9cf574182a60cec7c091381babc0637a683139779daae899e050de973dca1c0,2025,2026-07-11T12:05:51+00:00,False,exclude_raw_keep_derived,https://www.topuniversities.com/rankings/endpoint?nid=4023705&items_per_page=30&tab=indicators&region=&countries=&cities=&search=&star=&sort_by=&order_by=&program_type=&scholarship=&fee=&english_score=&academic_score=&mix_student=&loggedincache=&study_level=&subjects=&page=18,QS_ET:2025:page:018:ab10f69f1c0f0e44,recipe:QS_ET:2025:page:018:ab10f69f1c0f0e44
artifact.ZGVyaXZlZDpRU19FVDoyMDI1OnBhZ2U6MDE4OmFiMTBmNjlmMWMwZjBlNDQ,QS_ET,derived_export,QS_ET_2025_page_018_ab10f69f1c0f0e44.json.gz,gz,application/json,1441,4a4bcf13015167f7a4208ba4324f6756f02b916204823e5189f9783e45e7900d,2025,2026-07-11T12:05:51+00:00,False,exclude_raw_keep_derived,https://www.topuniversities.com/rankings/endpoint?nid=4023705&items_per_page=30&tab=indicators&region=&countries=&cities=&search=&star=&sort_by=&order_by=&program_type=&scholarship=&fee=&english_score=&academic_score=&mix_student=&loggedincache=&study_level=&subjects=&page=18,QS_ET:2025:page:018:ab10f69f1c0f0e44,derived:QS_ET:2025:page:018:ab10f69f1c0f0e44
raw.UVNfRVQ6MjAyNTpwYWdlOjAwMDo1N2MxOTFkNWRjMGY4NGZl,QS_ET,raw_snapshot,page_000.json,json,application/json,36033,57c191d5dc0f84fe2d48bba20db4457a1195b8a5f1dbe3bda1c30748a860725c,2025,2026-07-09T11:57:08+00:00,False,metadata_only,https://www.topuniversities.com/rankings/endpoint?nid=4023705&items_per_page=30&tab=indicators&region=&countries=&cities=&search=&star=&sort_by=&order_by=&program_type=&scholarship=&fee=&english_score=&academic_score=&mix_student=&loggedincache=&study_level=&subjects=&page=0,QS_ET:2025:page:000:57c191d5dc0f84fe,
raw.UVNfRVQ6MjAyNTpwYWdlOjAwMTpjZmMzODNlM2IyY2ZmODMw,QS_ET,raw_snapshot,page_001.json,json,application/json,36040,cfc383e3b2cff83051c44b1282f78d37c4c13e38147e77ff46f6fd34fee6b0e4,2025,2026-07-09T11:57:08+00:00,False,metadata_only,https://www.topuniversities.com/rankings/endpoint?nid=4023705&items_per_page=30&tab=indicators&region=&countries=&cities=&search=&star=&sort_by=&order_by=&program_type=&scholarship=&fee=&english_score=&academic_score=&mix_student=&loggedincache=&study_level=&subjects=&page=1,QS_ET:2025:page:001:cfc383e3b2cff830,
raw.UVNfRVQ6MjAyNTpwYWdlOjAwMjo5YzYyY2M1OTVmZWFhOTI2,QS_ET,raw_snapshot,page_002.json,json,application/json,36120,9c62cc595feaa9267d3aef64c49f45bf7850ed89efb5e2caeb9128cc0cb2d299,2025,2026-07-09T11:57:08+00:00,False,metadata_only,https://www.topuniversities.com/rankings/endpoint?nid=4023705&items_per_page=30&tab=indicators&region=&countries=&cities=&search=&star=&sort_by=&order_by=&program_type=&scholarship=&fee=&english_score=&academic_score=&mix_student=&loggedincache=&study_level=&subjects=&page=2,QS_ET:2025:page:002:9c62cc595feaa926,
raw.UVNfRVQ6MjAyNTpwYWdlOjAwMzowNzg1YzUxMDYzYmExNGFk,QS_ET,raw_snapshot,page_003.json,json,application/json,36082,0785c51063ba14ad1472f7545690e53725b3bac5a49fe848d3ffd2e7f59dbdd0,2025,2026-07-09T11:57:08+00:00,False,metadata_only,https://www.topuniversities.com/rankings/endpoint?nid=4023705&items_per_page=30&tab=indicators&region=&countries=&cities=&search=&star=&sort_by=&order_by=&program_type=&scholarship=&fee=&english_score=&academic_score=&mix_student=&loggedincache=&study_level=&subjects=&page=3,QS_ET:2025:page:003:0785c51063ba14ad,
raw.UVNfRVQ6MjAyNTpwYWdlOjAwNDo3NjIyYzRkZTQ3MWE4ZmQz,QS_ET,raw_snapshot,page_004.json,json,application/json,36171,7622c4de471a8fd3565035ddf30730c09baea5d11729bb43a2fe06211650e7fa,2025,2026-07-09T11:57:08+00:00,False,metadata_only,https://www.topuniversities.com/rankings/endpoint?nid=4023705&items_per_page=30&tab=indicators&region=&countries=&cities=&search=&star=&sort_by=&order_by=&program_type=&scholarship=&fee=&english_score=&academic_score=&mix_student=&loggedincache=&study_level=&subjects=&page=4,QS_ET:2025:page:004:7622c4de471a8fd3,
raw.UVNfRVQ6MjAyNTpwYWdlOjAwNTpkZDBiMDE0ODQ5ZGJjZjk0,QS_ET,raw_snapshot,page_005.json,json,application/json,36043,dd0b014849dbcf9406af5cc026dc10eaa8c033e4df068c1054cf8c9eccbbc0f2,2025,2026-07-09T11:57:08+00:00,False,metadata_only,https://www.topuniversities.com/rankings/endpoint?nid=4023705&items_per_page=30&tab=indicators&region=&countries=&cities=&search=&star=&sort_by=&order_by=&program_type=&scholarship=&fee=&english_score=&academic_score=&mix_student=&loggedincache=&study_level=&subjects=&page=5,QS_ET:2025:page:005:dd0b014849dbcf94,
raw.UVNfRVQ6MjAyNTpwYWdlOjAwNjo2MzAzOGUxOWFiNGE3MzM5,QS_ET,raw_snapshot,page_006.json,json,application/json,36230,63038e19ab4a7339378ee1544c101726c13b0851fc9ac647581372ddc86876de,2025,2026-07-09T11:57:08+00:00,False,metadata_only,https://www.topuniversities.com/rankings/endpoint?nid=4023705&items_per_page=30&tab=indicators&region=&countries=&cities=&search=&star=&sort_by=&order_by=&program_type=&scholarship=&fee=&english_score=&academic_score=&mix_student=&loggedincache=&study_level=&subjects=&page=6,QS_ET:2025:page:006:63038e19ab4a7339,
raw.UVNfRVQ6MjAyNTpwYWdlOjAwNzozYzQ2NDZiMGJmMGNjYTMy,QS_ET,raw_snapshot,page_007.json,json,application/json,36412,3c4646b0bf0cca32e0cbfebe3676d74c220d4e6aeda868386caf25d3dc192c54,2025,2026-07-09T11:57:08+00:00,False,metadata_only,https://www.topuniversities.com/rankings/endpoint?nid=4023705&items_per_page=30&tab=indicators&region=&countries=&cities=&search=&star=&sort_by=&order_by=&program_type=&scholarship=&fee=&english_score=&academic_score=&mix_student=&loggedincache=&study_level=&subjects=&page=7,QS_ET:2025:page:007:3c4646b0bf0cca32,
raw.UVNfRVQ6MjAyNTpwYWdlOjAwODozZWM5ZmQxZmQwMDhjMDE1,QS_ET,raw_snapshot,page_008.json,json,application/json,36077,3ec9fd1fd008c01555b2e5ededbd505f4b74ca7765d3f4a5036bd627121e559e,2025,2026-07-09T11:57:08+00:00,False,metadata_only,https://www.topuniversities.com/rankings/endpoint?nid=4023705&items_per_page=30&tab=indicators&region=&countries=&cities=&search=&star=&sort_by=&order_by=&program_type=&scholarship=&fee=&english_score=&academic_score=&mix_student=&loggedincache=&study_level=&subjects=&page=8,QS_ET:2025:page:008:3ec9fd1fd008c015,
raw.UVNfRVQ6MjAyNTpwYWdlOjAwOTpkOGI5NTE1ZTQyZDY2M2M4,QS_ET,raw_snapshot,page_009.json,json,application/json,36158,d8b9515e42d663c85ca0e8a8b716f923947115aebd5aaf6f3b3238e76c86c5f6,2025,2026-07-09T11:57:08+00:00,False,metadata_only,https://www.topuniversities.com/rankings/endpoint?nid=4023705&items_per_page=30&tab=indicators&region=&countries=&cities=&search=&star=&sort_by=&order_by=&program_type=&scholarship=&fee=&english_score=&academic_score=&mix_student=&loggedincache=&study_level=&subjects=&page=9,QS_ET:2025:page:009:d8b9515e42d663c8,
raw.UVNfRVQ6MjAyNTpwYWdlOjAxMDoxODY5MTM1OWVmYzljN2Qx,QS_ET,raw_snapshot,page_010.json,json,application/json,36088,18691359efc9c7d10c5cae58ac4af5ba694954891f675d2dd5772954dea33c6d,2025,2026-07-09T11:57:08+00:00,False,metadata_only,https://www.topuniversities.com/rankings/endpoint?nid=4023705&items_per_page=30&tab=indicators&region=&countries=&cities=&search=&star=&sort_by=&order_by=&program_type=&scholarship=&fee=&english_score=&academic_score=&mix_student=&loggedincache=&study_level=&subjects=&page=10,QS_ET:2025:page:010:18691359efc9c7d1,
raw.UVNfRVQ6MjAyNTpwYWdlOjAxMToxNmE4ODA5Y2EyMTkxZDM5,QS_ET,raw_snapshot,page_011.json,json,application/json,36577,16a8809ca2191d39cf94dd90a9983d56a4196d7d8fd68c223fc5d477a66207a6,2025,2026-07-09T11:57:08+00:00,False,metadata_only,https://www.topuniversities.com/rankings/endpoint?nid=4023705&items_per_page=30&tab=indicators&region=&countries=&cities=&search=&star=&sort_by=&order_by=&program_type=&scholarship=&fee=&english_score=&academic_score=&mix_student=&loggedincache=&study_level=&subjects=&page=11,QS_ET:2025:page:011:16a8809ca2191d39,
raw.UVNfRVQ6MjAyNTpwYWdlOjAxMjo2YTgzZTNlZDMzNWVjOGM3,QS_ET,raw_snapshot,page_012.json,json,application/json,36359,6a83e3ed335ec8c78d9126db191dee6fdc3d68682790f5d8d2d6cee5a1360afd,2025,2026-07-09T11:57:08+00:00,False,metadata_only,https://www.topuniversities.com/rankings/endpoint?nid=4023705&items_per_page=30&tab=indicators&region=&countries=&cities=&search=&star=&sort_by=&order_by=&program_type=&scholarship=&fee=&english_score=&academic_score=&mix_student=&loggedincache=&study_level=&subjects=&page=12,QS_ET:2025:page:012:6a83e3ed335ec8c7,
raw.UVNfRVQ6MjAyNTpwYWdlOjAxMzoyMjA0NTQ0OTg0OGY5NTFh,QS_ET,raw_snapshot,page_013.json,json,application/json,36414,22045449848f951a3391e13f79096793893d25e29681975bd258cab1a54984a8,2025,2026-07-09T11:57:08+00:00,False,metadata_only,https://www.topuniversities.com/rankings/endpoint?nid=4023705&items_per_page=30&tab=indicators&region=&countries=&cities=&search=&star=&sort_by=&order_by=&program_type=&scholarship=&fee=&english_score=&academic_score=&mix_student=&loggedincache=&study_level=&subjects=&page=13,QS_ET:2025:page:013:22045449848f951a,
raw.UVNfRVQ6MjAyNTpwYWdlOjAxNDoxMzFlNjg1NWJjNzQ1Yzhi,QS_ET,raw_snapshot,page_014.json,json,application/json,36654,131e6855bc745c8b87857cb8614ef8c75937bbabfbceba3a96535a07d10e611b,2025,2026-07-09T11:57:08+00:00,False,metadata_only,https://www.topuniversities.com/rankings/endpoint?nid=4023705&items_per_page=30&tab=indicators&region=&countries=&cities=&search=&star=&sort_by=&order_by=&program_type=&scholarship=&fee=&english_score=&academic_score=&mix_student=&loggedincache=&study_level=&subjects=&page=14,QS_ET:2025:page:014:131e6855bc745c8b,
raw.UVNfRVQ6MjAyNTpwYWdlOjAxNTphODJjNGE0MTU1NTQ3MmQw,QS_ET,raw_snapshot,page_015.json,json,application/json,36450,a82c4a41555472d02bfda2854a327dfbf9ffd745b586ae674772f1f3af4160b6,2025,2026-07-09T11:57:08+00:00,False,metadata_only,https://www.topuniversities.com/rankings/endpoint?nid=4023705&items_per_page=30&tab=indicators&region=&countries=&cities=&search=&star=&sort_by=&order_by=&program_type=&scholarship=&fee=&english_score=&academic_score=&mix_student=&loggedincache=&study_level=&subjects=&page=15,QS_ET:2025:page:015:a82c4a41555472d0,
raw.UVNfRVQ6MjAyNTpwYWdlOjAxNjoyZGEyYjMyOTYzZTFhZTk2,QS_ET,raw_snapshot,page_016.json,json,application/json,36261,2da2b32963e1ae9627906d0067ab669d35ca3badb824b87888c838058c12cb16,2025,2026-07-09T11:57:08+00:00,False,metadata_only,https://www.topuniversities.com/rankings/endpoint?nid=4023705&items_per_page=30&tab=indicators&region=&countries=&cities=&search=&star=&sort_by=&order_by=&program_type=&scholarship=&fee=&english_score=&academic_score=&mix_student=&loggedincache=&study_level=&subjects=&page=16,QS_ET:2025:page:016:2da2b32963e1ae96,
raw.UVNfRVQ6MjAyNTpwYWdlOjAxNzoyNGE1MWRkZTk0ZmJiYzA5,QS_ET,raw_snapshot,page_017.json,json,application/json,36727,24a51dde94fbbc09c31ca91bd4a920acb817f21ebe7eefc0c813b452e92a1aa9,2025,2026-07-09T11:57:08+00:00,False,metadata_only,https://www.topuniversities.com/rankings/endpoint?nid=4023705&items_per_page=30&tab=indicators&region=&countries=&cities=&search=&star=&sort_by=&order_by=&program_type=&scholarship=&fee=&english_score=&academic_score=&mix_student=&loggedincache=&study_level=&subjects=&page=17,QS_ET:2025:page:017:24a51dde94fbbc09,
raw.UVNfRVQ6MjAyNTpwYWdlOjAxODphYjEwZjY5ZjFjMGYwZTQ0,QS_ET,raw_snapshot,page_018.json,json,application/json,13360,ab10f69f1c0f0e448cd8c8601ed98508a2fa7c9016d3320290d70c8ddbe6525e,2025,2026-07-09T11:57:08+00:00,False,metadata_only,https://www.topuniversities.com/rankings/endpoint?nid=4023705&items_per_page=30&tab=indicators&region=&countries=&cities=&search=&star=&sort_by=&order_by=&program_type=&scholarship=&fee=&english_score=&academic_score=&mix_student=&loggedincache=&study_level=&subjects=&page=18,QS_ET:2025:page:018:ab10f69f1c0f0e44,
raw.UVNfRVQ6MjAyNToyODgxNmI1OTc1MWY4ZTc5,QS_ET,raw_snapshot,qs_engineering_technology_2025.manifest.json,json,application/json,994,28816b59751f8e79681e0fc540ace023e804906bd51090a785056cf88f020ee9,2025,2026-07-09T11:57:08+00:00,False,metadata_only,https://www.topuniversities.com/university-subject-rankings/engineering-technology/2025,QS_ET:2025:28816b59751f8e79,
artifact.cmVjaXBlOlFTX0VUOjIwMjY6MTRmM2FiZjBhODNlZjk3Mw,QS_ET,download_recipe,QS_ET_2026_14f3abf0a83ef973.json,json,application/json,789,960eda50b878e4210d384d982f50ad4a6b2f9bc785ff20ca93855d55aeee8eb1,2026,2026-07-11T12:05:51+00:00,False,exclude_raw_keep_derived,https://www.topuniversities.com/university-subject-rankings/engineering-technology,QS_ET:2026:14f3abf0a83ef973,recipe:QS_ET:2026:14f3abf0a83ef973
artifact.ZGVyaXZlZDpRU19FVDoyMDI2OjE0ZjNhYmYwYTgzZWY5NzM,QS_ET,derived_export,QS_ET_2026_14f3abf0a83ef973.json.gz,gz,application/json,23538,b7fba2e6b2d066189e4690621d13b6e6f9c3bb25bc2e4ae04a709e024b119ccf,2026,2026-07-11T12:05:51+00:00,False,exclude_raw_keep_derived,https://www.topuniversities.com/university-subject-rankings/engineering-technology,QS_ET:2026:14f3abf0a83ef973,derived:QS_ET:2026:14f3abf0a83ef973
artifact.cmVjaXBlOlFTX0VUOjIwMjY6cGFnZTowMDA6ZTg1MTUzM2Y2NDViMWNlYQ,QS_ET,download_recipe,QS_ET_2026_page_000_e851533f645b1cea.json,json,application/json,962,83ad91b9be84523d24e63936af5518928cb0f8ed43fe886064dbf480e55e5c87,2026,2026-07-11T12:05:51+00:00,False,exclude_raw_keep_derived,https://www.topuniversities.com/rankings/endpoint?nid=4114613&items_per_page=30&tab=indicators&region=&countries=&cities=&search=&star=&sort_by=&order_by=&program_type=&scholarship=&fee=&english_score=&academic_score=&mix_student=&loggedincache=&study_level=&subjects=&page=0,QS_ET:2026:page:000:e851533f645b1cea,recipe:QS_ET:2026:page:000:e851533f645b1cea
artifact.ZGVyaXZlZDpRU19FVDoyMDI2OnBhZ2U6MDAwOmU4NTE1MzNmNjQ1YjFjZWE,QS_ET,derived_export,QS_ET_2026_page_000_e851533f645b1cea.json.gz,gz,application/json,2708,8cb46b146a61207be772c4d0a9116debd87633e301db261c5022a7bca78a974b,2026,2026-07-11T12:05:51+00:00,False,exclude_raw_keep_derived,https://www.topuniversities.com/rankings/endpoint?nid=4114613&items_per_page=30&tab=indicators&region=&countries=&cities=&search=&star=&sort_by=&order_by=&program_type=&scholarship=&fee=&english_score=&academic_score=&mix_student=&loggedincache=&study_level=&subjects=&page=0,QS_ET:2026:page:000:e851533f645b1cea,derived:QS_ET:2026:page:000:e851533f645b1cea
artifact.cmVjaXBlOlFTX0VUOjIwMjY6cGFnZTowMDE6N2FlZDFlNWEwNDhhMTg3OA,QS_ET,download_recipe,QS_ET_2026_page_001_7aed1e5a048a1878.json,json,application/json,962,ae8e1256b2e0ae938658dae4c1e1e198855d692a1e6421a4cc8f34c13b2516c4,2026,2026-07-11T12:05:51+00:00,False,exclude_raw_keep_derived,https://www.topuniversities.com/rankings/endpoint?nid=4114613&items_per_page=30&tab=indicators&region=&countries=&cities=&search=&star=&sort_by=&order_by=&program_type=&scholarship=&fee=&english_score=&academic_score=&mix_student=&loggedincache=&study_level=&subjects=&page=1,QS_ET:2026:page:001:7aed1e5a048a1878,recipe:QS_ET:2026:page:001:7aed1e5a048a1878
artifact.ZGVyaXZlZDpRU19FVDoyMDI2OnBhZ2U6MDAxOjdhZWQxZTVhMDQ4YTE4Nzg,QS_ET,derived_export,QS_ET_2026_page_001_7aed1e5a048a1878.json.gz,gz,application/json,2702,7fcde777791e93ec25b1ead30cf85e10f47665b981b8c20314b4a3581618cd78,2026,2026-07-11T12:05:51+00:00,False,exclude_raw_keep_derived,https://www.topuniversities.com/rankings/endpoint?nid=4114613&items_per_page=30&tab=indicators&region=&countries=&cities=&search=&star=&sort_by=&order_by=&program_type=&scholarship=&fee=&english_score=&academic_score=&mix_student=&loggedincache=&study_level=&subjects=&page=1,QS_ET:2026:page:001:7aed1e5a048a1878,derived:QS_ET:2026:page:001:7aed1e5a048a1878
artifact.cmVjaXBlOlFTX0VUOjIwMjY6cGFnZTowMDI6YjQ3YTAwMGU0NmZkZjJhMA,QS_ET,download_recipe,QS_ET_2026_page_002_b47a000e46fdf2a0.json,json,application/json,962,537765b873774b6b0031dab028ce10a0272a1ab2e68f3f362d0c251ae36cc190,2026,2026-07-11T12:05:51+00:00,False,exclude_raw_keep_derived,https://www.topuniversities.com/rankings/endpoint?nid=4114613&items_per_page=30&tab=indicators&region=&countries=&cities=&search=&star=&sort_by=&order_by=&program_type=&scholarship=&fee=&english_score=&academic_score=&mix_student=&loggedincache=&study_level=&subjects=&page=2,QS_ET:2026:page:002:b47a000e46fdf2a0,recipe:QS_ET:2026:page:002:b47a000e46fdf2a0
artifact.ZGVyaXZlZDpRU19FVDoyMDI2OnBhZ2U6MDAyOmI0N2EwMDBlNDZmZGYyYTA,QS_ET,derived_export,QS_ET_2026_page_002_b47a000e46fdf2a0.json.gz,gz,application/json,2759,679e28de948aa5d18e97680b755b33e1e261ab2a0feebc3aea078c49bdc5cbbb,2026,2026-07-11T12:05:51+00:00,False,exclude_raw_keep_derived,https://www.topuniversities.com/rankings/endpoint?nid=4114613&items_per_page=30&tab=indicators&region=&countries=&cities=&search=&star=&sort_by=&order_by=&program_type=&scholarship=&fee=&english_score=&academic_score=&mix_student=&loggedincache=&study_level=&subjects=&page=2,QS_ET:2026:page:002:b47a000e46fdf2a0,derived:QS_ET:2026:page:002:b47a000e46fdf2a0
artifact.cmVjaXBlOlFTX0VUOjIwMjY6cGFnZTowMDM6YTY0NTc4ZjdiNWNlOThhYw,QS_ET,download_recipe,QS_ET_2026_page_003_a64578f7b5ce98ac.json,json,application/json,962,0735e68911e587d67fb0494a02daec7dba939218fe533286d450d4eba63aae2d,2026,2026-07-11T12:05:51+00:00,False,exclude_raw_keep_derived,https://www.topuniversities.com/rankings/endpoint?nid=4114613&items_per_page=30&tab=indicators&region=&countries=&cities=&search=&star=&sort_by=&order_by=&program_type=&scholarship=&fee=&english_score=&academic_score=&mix_student=&loggedincache=&study_level=&subjects=&page=3,QS_ET:2026:page:003:a64578f7b5ce98ac,recipe:QS_ET:2026:page:003:a64578f7b5ce98ac
artifact.ZGVyaXZlZDpRU19FVDoyMDI2OnBhZ2U6MDAzOmE2NDU3OGY3YjVjZTk4YWM,QS_ET,derived_export,QS_ET_2026_page_003_a64578f7b5ce98ac.json.gz,gz,application/json,2819,e5d1206f4753074d509b57f29fb263cbcd33d5550879f7d6e6e64921a50ac724,2026,2026-07-11T12:05:51+00:00,False,exclude_raw_keep_derived,https://www.topuniversities.com/rankings/endpoint?nid=4114613&items_per_page=30&tab=indicators&region=&countries=&cities=&search=&star=&sort_by=&order_by=&program_type=&scholarship=&fee=&english_score=&academic_score=&mix_student=&loggedincache=&study_level=&subjects=&page=3,QS_ET:2026:page:003:a64578f7b5ce98ac,derived:QS_ET:2026:page:003:a64578f7b5ce98ac
artifact.cmVjaXBlOlFTX0VUOjIwMjY6cGFnZTowMDQ6YmJmNTEzYjJjN2QxMmZmNA,QS_ET,download_recipe,QS_ET_2026_page_004_bbf513b2c7d12ff4.json,json,application/json,962,6b7751ac71b2dbb95fb75d7392cbd8b4f247951dc7f392a423c6d38dc49a7d56,2026,2026-07-11T12:05:51+00:00,False,exclude_raw_keep_derived,https://www.topuniversities.com/rankings/endpoint?nid=4114613&items_per_page=30&tab=indicators&region=&countries=&cities=&search=&star=&sort_by=&order_by=&program_type=&scholarship=&fee=&english_score=&academic_score=&mix_student=&loggedincache=&study_level=&subjects=&page=4,QS_ET:2026:page:004:bbf513b2c7d12ff4,recipe:QS_ET:2026:page:004:bbf513b2c7d12ff4
artifact.ZGVyaXZlZDpRU19FVDoyMDI2OnBhZ2U6MDA0OmJiZjUxM2IyYzdkMTJmZjQ,QS_ET,derived_export,QS_ET_2026_page_004_bbf513b2c7d12ff4.json.gz,gz,application/json,2883,e9d8afa13ec2f9f33b22633f74215ad79684858259edc196a81239a91901c5bf,2026,2026-07-11T12:05:51+00:00,False,exclude_raw_keep_derived,https://www.topuniversities.com/rankings/endpoint?nid=4114613&items_per_page=30&tab=indicators&region=&countries=&cities=&search=&star=&sort_by=&order_by=&program_type=&scholarship=&fee=&english_score=&academic_score=&mix_student=&loggedincache=&study_level=&subjects=&page=4,QS_ET:2026:page:004:bbf513b2c7d12ff4,derived:QS_ET:2026:page:004:bbf513b2c7d12ff4
artifact.cmVjaXBlOlFTX0VUOjIwMjY6cGFnZTowMDU6ZTcyMzQ5MWRkZjI2MGEzMw,QS_ET,download_recipe,QS_ET_2026_page_005_e723491ddf260a33.json,json,application/json,962,5850d65f03792e46719b5eeff4c99bcf01be702cf1d68f874f1c6c3d12005ec8,2026,2026-07-11T12:05:51+00:00,False,exclude_raw_keep_derived,https://www.topuniversities.com/rankings/endpoint?nid=4114613&items_per_page=30&tab=indicators&region=&countries=&cities=&search=&star=&sort_by=&order_by=&program_type=&scholarship=&fee=&english_score=&academic_score=&mix_student=&loggedincache=&study_level=&subjects=&page=5,QS_ET:2026:page:005:e723491ddf260a33,recipe:QS_ET:2026:page:005:e723491ddf260a33
artifact.ZGVyaXZlZDpRU19FVDoyMDI2OnBhZ2U6MDA1OmU3MjM0OTFkZGYyNjBhMzM,QS_ET,derived_export,QS_ET_2026_page_005_e723491ddf260a33.json.gz,gz,application/json,2699,8be99a5ea14753bbf5761af187894463cab7573f45b5bfa743e802e472b46b6f,2026,2026-07-11T12:05:51+00:00,False,exclude_raw_keep_derived,https://www.topuniversities.com/rankings/endpoint?nid=4114613&items_per_page=30&tab=indicators&region=&countries=&cities=&search=&star=&sort_by=&order_by=&program_type=&scholarship=&fee=&english_score=&academic_score=&mix_student=&loggedincache=&study_level=&subjects=&page=5,QS_ET:2026:page:005:e723491ddf260a33,derived:QS_ET:2026:page:005:e723491ddf260a33
artifact.cmVjaXBlOlFTX0VUOjIwMjY6cGFnZTowMDY6MDFlMTAzN2I5MWJkMDFmNw,QS_ET,download_recipe,QS_ET_2026_page_006_01e1037b91bd01f7.json,json,application/json,962,9d3ae3ad6616a7cbe5ca4ae2f4ad545a40a3a043e624d5c1dc40ee229f3a7bdc,2026,2026-07-11T12:05:51+00:00,False,exclude_raw_keep_derived,https://www.topuniversities.com/rankings/endpoint?nid=4114613&items_per_page=30&tab=indicators&region=&countries=&cities=&search=&star=&sort_by=&order_by=&program_type=&scholarship=&fee=&english_score=&academic_score=&mix_student=&loggedincache=&study_level=&subjects=&page=6,QS_ET:2026:page:006:01e1037b91bd01f7,recipe:QS_ET:2026:page:006:01e1037b91bd01f7
artifact.ZGVyaXZlZDpRU19FVDoyMDI2OnBhZ2U6MDA2OjAxZTEwMzdiOTFiZDAxZjc,QS_ET,derived_export,QS_ET_2026_page_006_01e1037b91bd01f7.json.gz,gz,application/json,2770,e6d1e69a256fd5a757f045ec2a994d75f53c459e9308151be6fda15d94d9ca08,2026,2026-07-11T12:05:51+00:00,False,exclude_raw_keep_derived,https://www.topuniversities.com/rankings/endpoint?nid=4114613&items_per_page=30&tab=indicators&region=&countries=&cities=&search=&star=&sort_by=&order_by=&program_type=&scholarship=&fee=&english_score=&academic_score=&mix_student=&loggedincache=&study_level=&subjects=&page=6,QS_ET:2026:page:006:01e1037b91bd01f7,derived:QS_ET:2026:page:006:01e1037b91bd01f7
artifact.cmVjaXBlOlFTX0VUOjIwMjY6cGFnZTowMDc6OTY5NGZiOGU2NzI4MmY3NA,QS_ET,download_recipe,QS_ET_2026_page_007_9694fb8e67282f74.json,json,application/json,962,dc79acd0d9dbf4d9207481e482137a1bdc82eafc8a5cce226a7af16112b00f95,2026,2026-07-11T12:05:51+00:00,False,exclude_raw_keep_derived,https://www.topuniversities.com/rankings/endpoint?nid=4114613&items_per_page=30&tab=indicators&region=&countries=&cities=&search=&star=&sort_by=&order_by=&program_type=&scholarship=&fee=&english_score=&academic_score=&mix_student=&loggedincache=&study_level=&subjects=&page=7,QS_ET:2026:page:007:9694fb8e67282f74,recipe:QS_ET:2026:page:007:9694fb8e67282f74
artifact.ZGVyaXZlZDpRU19FVDoyMDI2OnBhZ2U6MDA3Ojk2OTRmYjhlNjcyODJmNzQ,QS_ET,derived_export,QS_ET_2026_page_007_9694fb8e67282f74.json.gz,gz,application/json,2885,13fa662348c72253c488a19c3c3a4c13525203aa288baf20e5f82d6471ed2c32,2026,2026-07-11T12:05:51+00:00,False,exclude_raw_keep_derived,https://www.topuniversities.com/rankings/endpoint?nid=4114613&items_per_page=30&tab=indicators&region=&countries=&cities=&search=&star=&sort_by=&order_by=&program_type=&scholarship=&fee=&english_score=&academic_score=&mix_student=&loggedincache=&study_level=&subjects=&page=7,QS_ET:2026:page:007:9694fb8e67282f74,derived:QS_ET:2026:page:007:9694fb8e67282f74
artifact.cmVjaXBlOlFTX0VUOjIwMjY6cGFnZTowMDg6NzdkYmZmYjFjYzA3ODIzOQ,QS_ET,download_recipe,QS_ET_2026_page_008_77dbffb1cc078239.json,json,application/json,962,7618b6fb7fa40f4b486ae4c803e1d8d3004a555d5ae3b466892365f36d867f56,2026,2026-07-11T12:05:51+00:00,False,exclude_raw_keep_derived,https://www.topuniversities.com/rankings/endpoint?nid=4114613&items_per_page=30&tab=indicators&region=&countries=&cities=&search=&star=&sort_by=&order_by=&program_type=&scholarship=&fee=&english_score=&academic_score=&mix_student=&loggedincache=&study_level=&subjects=&page=8,QS_ET:2026:page:008:77dbffb1cc078239,recipe:QS_ET:2026:page:008:77dbffb1cc078239
artifact.ZGVyaXZlZDpRU19FVDoyMDI2OnBhZ2U6MDA4Ojc3ZGJmZmIxY2MwNzgyMzk,QS_ET,derived_export,QS_ET_2026_page_008_77dbffb1cc078239.json.gz,gz,application/json,2813,df8fc1c5f4bbbf5bf446f9fc43a043085250157ab449024d4326a41d68c3451f,2026,2026-07-11T12:05:51+00:00,False,exclude_raw_keep_derived,https://www.topuniversities.com/rankings/endpoint?nid=4114613&items_per_page=30&tab=indicators&region=&countries=&cities=&search=&star=&sort_by=&order_by=&program_type=&scholarship=&fee=&english_score=&academic_score=&mix_student=&loggedincache=&study_level=&subjects=&page=8,QS_ET:2026:page:008:77dbffb1cc078239,derived:QS_ET:2026:page:008:77dbffb1cc078239
artifact.cmVjaXBlOlFTX0VUOjIwMjY6cGFnZTowMDk6ZjEzYjMyZmRiOGFjYjllNw,QS_ET,download_recipe,QS_ET_2026_page_009_f13b32fdb8acb9e7.json,json,application/json,962,888d094d7ce1d251d4e8bfd13ac67b73c52b07b448d30b1a56339aefcf348d9d,2026,2026-07-11T12:05:51+00:00,False,exclude_raw_keep_derived,https://www.topuniversities.com/rankings/endpoint?nid=4114613&items_per_page=30&tab=indicators&region=&countries=&cities=&search=&star=&sort_by=&order_by=&program_type=&scholarship=&fee=&english_score=&academic_score=&mix_student=&loggedincache=&study_level=&subjects=&page=9,QS_ET:2026:page:009:f13b32fdb8acb9e7,recipe:QS_ET:2026:page:009:f13b32fdb8acb9e7
artifact.ZGVyaXZlZDpRU19FVDoyMDI2OnBhZ2U6MDA5OmYxM2IzMmZkYjhhY2I5ZTc,QS_ET,derived_export,QS_ET_2026_page_009_f13b32fdb8acb9e7.json.gz,gz,application/json,2854,3d2fc420cadb2c5d57013a786b24a00bdfb3e37ecd4ae69e110e9477a3540d88,2026,2026-07-11T12:05:51+00:00,False,exclude_raw_keep_derived,https://www.topuniversities.com/rankings/endpoint?nid=4114613&items_per_page=30&tab=indicators&region=&countries=&cities=&search=&star=&sort_by=&order_by=&program_type=&scholarship=&fee=&english_score=&academic_score=&mix_student=&loggedincache=&study_level=&subjects=&page=9,QS_ET:2026:page:009:f13b32fdb8acb9e7,derived:QS_ET:2026:page:009:f13b32fdb8acb9e7
artifact.cmVjaXBlOlFTX0VUOjIwMjY6cGFnZTowMTA6M2MzNDEzZWE1NmM1NjdlZA,QS_ET,download_recipe,QS_ET_2026_page_010_3c3413ea56c567ed.json,json,application/json,963,e7873f2817d284061f25c3f1d26d841883e1e362a28cf975f047d5dbb219b92c,2026,2026-07-11T12:05:51+00:00,False,exclude_raw_keep_derived,https://www.topuniversities.com/rankings/endpoint?nid=4114613&items_per_page=30&tab=indicators&region=&countries=&cities=&search=&star=&sort_by=&order_by=&program_type=&scholarship=&fee=&english_score=&academic_score=&mix_student=&loggedincache=&study_level=&subjects=&page=10,QS_ET:2026:page:010:3c3413ea56c567ed,recipe:QS_ET:2026:page:010:3c3413ea56c567ed
artifact.ZGVyaXZlZDpRU19FVDoyMDI2OnBhZ2U6MDEwOjNjMzQxM2VhNTZjNTY3ZWQ,QS_ET,derived_export,QS_ET_2026_page_010_3c3413ea56c567ed.json.gz,gz,application/json,2766,642c3c2d0c79dfbc18528c331f05bd67ba110c3d09268653b78811290cffc263,2026,2026-07-11T12:05:51+00:00,False,exclude_raw_keep_derived,https://www.topuniversities.com/rankings/endpoint?nid=4114613&items_per_page=30&tab=indicators&region=&countries=&cities=&search=&star=&sort_by=&order_by=&program_type=&scholarship=&fee=&english_score=&academic_score=&mix_student=&loggedincache=&study_level=&subjects=&page=10,QS_ET:2026:page:010:3c3413ea56c567ed,derived:QS_ET:2026:page:010:3c3413ea56c567ed
artifact.cmVjaXBlOlFTX0VUOjIwMjY6cGFnZTowMTE6M2FlMWQxOWVlOTBjNmU3MQ,QS_ET,download_recipe,QS_ET_2026_page_011_3ae1d19ee90c6e71.json,json,application/json,963,c432de830f3295f9aa00cf3875cf2b290d81817d21ebfa331a664ef6c9b03db9,2026,2026-07-11T12:05:51+00:00,False,exclude_raw_keep_derived,https://www.topuniversities.com/rankings/endpoint?nid=4114613&items_per_page=30&tab=indicators&region=&countries=&cities=&search=&star=&sort_by=&order_by=&program_type=&scholarship=&fee=&english_score=&academic_score=&mix_student=&loggedincache=&study_level=&subjects=&page=11,QS_ET:2026:page:011:3ae1d19ee90c6e71,recipe:QS_ET:2026:page:011:3ae1d19ee90c6e71
artifact.ZGVyaXZlZDpRU19FVDoyMDI2OnBhZ2U6MDExOjNhZTFkMTllZTkwYzZlNzE,QS_ET,derived_export,QS_ET_2026_page_011_3ae1d19ee90c6e71.json.gz,gz,application/json,2844,308e5c553aa43171b2a640a3e5b2d2a731f4ffd5f8576601f3358d3ae5713f4d,2026,2026-07-11T12:05:51+00:00,False,exclude_raw_keep_derived,https://www.topuniversities.com/rankings/endpoint?nid=4114613&items_per_page=30&tab=indicators&region=&countries=&cities=&search=&star=&sort_by=&order_by=&program_type=&scholarship=&fee=&english_score=&academic_score=&mix_student=&loggedincache=&study_level=&subjects=&page=11,QS_ET:2026:page:011:3ae1d19ee90c6e71,derived:QS_ET:2026:page:011:3ae1d19ee90c6e71
artifact.cmVjaXBlOlFTX0VUOjIwMjY6cGFnZTowMTI6MjZlODY1OTZhY2NkZTFiZQ,QS_ET,download_recipe,QS_ET_2026_page_012_26e86596accde1be.json,json,application/json,963,69e95d208979fe1e65d67e6500970bfa39e6f70480a880ad621bbed24c30e6f6,2026,2026-07-11T12:05:51+00:00,False,exclude_raw_keep_derived,https://www.topuniversities.com/rankings/endpoint?nid=4114613&items_per_page=30&tab=indicators&region=&countries=&cities=&search=&star=&sort_by=&order_by=&program_type=&scholarship=&fee=&english_score=&academic_score=&mix_student=&loggedincache=&study_level=&subjects=&page=12,QS_ET:2026:page:012:26e86596accde1be,recipe:QS_ET:2026:page:012:26e86596accde1be
artifact.ZGVyaXZlZDpRU19FVDoyMDI2OnBhZ2U6MDEyOjI2ZTg2NTk2YWNjZGUxYmU,QS_ET,derived_export,QS_ET_2026_page_012_26e86596accde1be.json.gz,gz,application/json,2768,04f86a057288b193b36945098b594b2928e056bf8395116594b21ca3a149f4d4,2026,2026-07-11T12:05:51+00:00,False,exclude_raw_keep_derived,https://www.topuniversities.com/rankings/endpoint?nid=4114613&items_per_page=30&tab=indicators&region=&countries=&cities=&search=&star=&sort_by=&order_by=&program_type=&scholarship=&fee=&english_score=&academic_score=&mix_student=&loggedincache=&study_level=&subjects=&page=12,QS_ET:2026:page:012:26e86596accde1be,derived:QS_ET:2026:page:012:26e86596accde1be
artifact.cmVjaXBlOlFTX0VUOjIwMjY6cGFnZTowMTM6YzMxMjNjNDgxNzYyNzZmYw,QS_ET,download_recipe,QS_ET_2026_page_013_c3123c48176276fc.json,json,application/json,963,32592cf2d927db8b0ee0964c30c7d31866d9054853b69232def0398fbb50c87f,2026,2026-07-11T12:05:51+00:00,False,exclude_raw_keep_derived,https://www.topuniversities.com/rankings/endpoint?nid=4114613&items_per_page=30&tab=indicators&region=&countries=&cities=&search=&star=&sort_by=&order_by=&program_type=&scholarship=&fee=&english_score=&academic_score=&mix_student=&loggedincache=&study_level=&subjects=&page=13,QS_ET:2026:page:013:c3123c48176276fc,recipe:QS_ET:2026:page:013:c3123c48176276fc
artifact.ZGVyaXZlZDpRU19FVDoyMDI2OnBhZ2U6MDEzOmMzMTIzYzQ4MTc2Mjc2ZmM,QS_ET,derived_export,QS_ET_2026_page_013_c3123c48176276fc.json.gz,gz,application/json,2825,e1be83ddcc766ee16bf0638ee98aa23e01a8f8a57872bd0f8aef59d8b17a513e,2026,2026-07-11T12:05:51+00:00,False,exclude_raw_keep_derived,https://www.topuniversities.com/rankings/endpoint?nid=4114613&items_per_page=30&tab=indicators&region=&countries=&cities=&search=&star=&sort_by=&order_by=&program_type=&scholarship=&fee=&english_score=&academic_score=&mix_student=&loggedincache=&study_level=&subjects=&page=13,QS_ET:2026:page:013:c3123c48176276fc,derived:QS_ET:2026:page:013:c3123c48176276fc
artifact.cmVjaXBlOlFTX0VUOjIwMjY6cGFnZTowMTQ6NzUyODBlODRjMmM2NzJjNQ,QS_ET,download_recipe,QS_ET_2026_page_014_75280e84c2c672c5.json,json,application/json,963,77ab18db64de60cdb76a31fb8043efc3783d79d5b8f9681372bc789bbfe8324f,2026,2026-07-11T12:05:51+00:00,False,exclude_raw_keep_derived,https://www.topuniversities.com/rankings/endpoint?nid=4114613&items_per_page=30&tab=indicators&region=&countries=&cities=&search=&star=&sort_by=&order_by=&program_type=&scholarship=&fee=&english_score=&academic_score=&mix_student=&loggedincache=&study_level=&subjects=&page=14,QS_ET:2026:page:014:75280e84c2c672c5,recipe:QS_ET:2026:page:014:75280e84c2c672c5
artifact.ZGVyaXZlZDpRU19FVDoyMDI2OnBhZ2U6MDE0Ojc1MjgwZTg0YzJjNjcyYzU,QS_ET,derived_export,QS_ET_2026_page_014_75280e84c2c672c5.json.gz,gz,application/json,2735,dd343c41fd107ee519ec616afc6c076545a8c67c30e698118f9b6395c4ee1146,2026,2026-07-11T12:05:51+00:00,False,exclude_raw_keep_derived,https://www.topuniversities.com/rankings/endpoint?nid=4114613&items_per_page=30&tab=indicators&region=&countries=&cities=&search=&star=&sort_by=&order_by=&program_type=&scholarship=&fee=&english_score=&academic_score=&mix_student=&loggedincache=&study_level=&subjects=&page=14,QS_ET:2026:page:014:75280e84c2c672c5,derived:QS_ET:2026:page:014:75280e84c2c672c5
artifact.cmVjaXBlOlFTX0VUOjIwMjY6cGFnZTowMTU6NmMxMmQzYjg0MTExZmRlZQ,QS_ET,download_recipe,QS_ET_2026_page_015_6c12d3b84111fdee.json,json,application/json,963,68ee7d7cdfd2d15803e885f432315421880e48541187961485ab27182df64f43,2026,2026-07-11T12:05:51+00:00,False,exclude_raw_keep_derived,https://www.topuniversities.com/rankings/endpoint?nid=4114613&items_per_page=30&tab=indicators&region=&countries=&cities=&search=&star=&sort_by=&order_by=&program_type=&scholarship=&fee=&english_score=&academic_score=&mix_student=&loggedincache=&study_level=&subjects=&page=15,QS_ET:2026:page:015:6c12d3b84111fdee,recipe:QS_ET:2026:page:015:6c12d3b84111fdee
artifact.ZGVyaXZlZDpRU19FVDoyMDI2OnBhZ2U6MDE1OjZjMTJkM2I4NDExMWZkZWU,QS_ET,derived_export,QS_ET_2026_page_015_6c12d3b84111fdee.json.gz,gz,application/json,2597,bf081a0b4761490418885fa01064e16af44f547bbd290f935d7d201afacba875,2026,2026-07-11T12:05:51+00:00,False,exclude_raw_keep_derived,https://www.topuniversities.com/rankings/endpoint?nid=4114613&items_per_page=30&tab=indicators&region=&countries=&cities=&search=&star=&sort_by=&order_by=&program_type=&scholarship=&fee=&english_score=&academic_score=&mix_student=&loggedincache=&study_level=&subjects=&page=15,QS_ET:2026:page:015:6c12d3b84111fdee,derived:QS_ET:2026:page:015:6c12d3b84111fdee
artifact.cmVjaXBlOlFTX0VUOjIwMjY6cGFnZTowMTY6MWE3NGRjYTEzZjU2NzBkZg,QS_ET,download_recipe,QS_ET_2026_page_016_1a74dca13f5670df.json,json,application/json,963,44c68d4d9c270b91fb7ca7133270a347ffe42c9624545c3f0138962df517d608,2026,2026-07-11T12:05:51+00:00,False,exclude_raw_keep_derived,https://www.topuniversities.com/rankings/endpoint?nid=4114613&items_per_page=30&tab=indicators&region=&countries=&cities=&search=&star=&sort_by=&order_by=&program_type=&scholarship=&fee=&english_score=&academic_score=&mix_student=&loggedincache=&study_level=&subjects=&page=16,QS_ET:2026:page:016:1a74dca13f5670df,recipe:QS_ET:2026:page:016:1a74dca13f5670df
artifact.ZGVyaXZlZDpRU19FVDoyMDI2OnBhZ2U6MDE2OjFhNzRkY2ExM2Y1NjcwZGY,QS_ET,derived_export,QS_ET_2026_page_016_1a74dca13f5670df.json.gz,gz,application/json,2719,08fe7057cfbe7d2ff06c5901508282665b4bd5a2f3a5fdd23c86194ef18fb34f,2026,2026-07-11T12:05:51+00:00,False,exclude_raw_keep_derived,https://www.topuniversities.com/rankings/endpoint?nid=4114613&items_per_page=30&tab=indicators&region=&countries=&cities=&search=&star=&sort_by=&order_by=&program_type=&scholarship=&fee=&english_score=&academic_score=&mix_student=&loggedincache=&study_level=&subjects=&page=16,QS_ET:2026:page:016:1a74dca13f5670df,derived:QS_ET:2026:page:016:1a74dca13f5670df
artifact.cmVjaXBlOlFTX0VUOjIwMjY6cGFnZTowMTc6MzdhZjU0MzE5ODE4OWIxNw,QS_ET,download_recipe,QS_ET_2026_page_017_37af543198189b17.json,json,application/json,963,3a9b41625d55e9bbd6ccb660b6d87098438c212c1123e9e8726469e84bc7bea2,2026,2026-07-11T12:05:51+00:00,False,exclude_raw_keep_derived,https://www.topuniversities.com/rankings/endpoint?nid=4114613&items_per_page=30&tab=indicators&region=&countries=&cities=&search=&star=&sort_by=&order_by=&program_type=&scholarship=&fee=&english_score=&academic_score=&mix_student=&loggedincache=&study_level=&subjects=&page=17,QS_ET:2026:page:017:37af543198189b17,recipe:QS_ET:2026:page:017:37af543198189b17
artifact.ZGVyaXZlZDpRU19FVDoyMDI2OnBhZ2U6MDE3OjM3YWY1NDMxOTgxODliMTc,QS_ET,derived_export,QS_ET_2026_page_017_37af543198189b17.json.gz,gz,application/json,2936,a40d081499c426ae401c23553985efc900b90a3be32563ead2311b9ddb5261f0,2026,2026-07-11T12:05:51+00:00,False,exclude_raw_keep_derived,https://www.topuniversities.com/rankings/endpoint?nid=4114613&items_per_page=30&tab=indicators&region=&countries=&cities=&search=&star=&sort_by=&order_by=&program_type=&scholarship=&fee=&english_score=&academic_score=&mix_student=&loggedincache=&study_level=&subjects=&page=17,QS_ET:2026:page:017:37af543198189b17,derived:QS_ET:2026:page:017:37af543198189b17
artifact.cmVjaXBlOlFTX0VUOjIwMjY6cGFnZTowMTg6YjEyZjdlNTMwMTI5MWEwYg,QS_ET,download_recipe,QS_ET_2026_page_018_b12f7e5301291a0b.json,json,application/json,963,4276b3c562db5f535407d44eb9a3c2f5668d87c48c7f1bb55ed5494981b58a98,2026,2026-07-11T12:05:51+00:00,False,exclude_raw_keep_derived,https://www.topuniversities.com/rankings/endpoint?nid=4114613&items_per_page=30&tab=indicators&region=&countries=&cities=&search=&star=&sort_by=&order_by=&program_type=&scholarship=&fee=&english_score=&academic_score=&mix_student=&loggedincache=&study_level=&subjects=&page=18,QS_ET:2026:page:018:b12f7e5301291a0b,recipe:QS_ET:2026:page:018:b12f7e5301291a0b
artifact.ZGVyaXZlZDpRU19FVDoyMDI2OnBhZ2U6MDE4OmIxMmY3ZTUzMDEyOTFhMGI,QS_ET,derived_export,QS_ET_2026_page_018_b12f7e5301291a0b.json.gz,gz,application/json,1735,63439e87ac9f16f1ae64ae766a025dc629b8bd7c8e5f63a3daa59eab9fd86e9d,2026,2026-07-11T12:05:51+00:00,False,exclude_raw_keep_derived,https://www.topuniversities.com/rankings/endpoint?nid=4114613&items_per_page=30&tab=indicators&region=&countries=&cities=&search=&star=&sort_by=&order_by=&program_type=&scholarship=&fee=&english_score=&academic_score=&mix_student=&loggedincache=&study_level=&subjects=&page=18,QS_ET:2026:page:018:b12f7e5301291a0b,derived:QS_ET:2026:page:018:b12f7e5301291a0b
raw.UVNfRVQ6MjAyNjpwYWdlOjAwMDplODUxNTMzZjY0NWIxY2Vh,QS_ET,raw_snapshot,page_000.json,json,application/json,35957,e851533f645b1cea0f9ac9b3c8ea1f2f41a3a9c943fbb1f8c6100f600c1cd11e,2026,2026-07-09T11:57:08+00:00,False,metadata_only,https://www.topuniversities.com/rankings/endpoint?nid=4114613&items_per_page=30&tab=indicators&region=&countries=&cities=&search=&star=&sort_by=&order_by=&program_type=&scholarship=&fee=&english_score=&academic_score=&mix_student=&loggedincache=&study_level=&subjects=&page=0,QS_ET:2026:page:000:e851533f645b1cea,
raw.UVNfRVQ6MjAyNjpwYWdlOjAwMTo3YWVkMWU1YTA0OGExODc4,QS_ET,raw_snapshot,page_001.json,json,application/json,36038,7aed1e5a048a187815cd7c1ca86efc8a8fb48d29c5fbe2ac8eb65e05ec6c1e54,2026,2026-07-09T11:57:08+00:00,False,metadata_only,https://www.topuniversities.com/rankings/endpoint?nid=4114613&items_per_page=30&tab=indicators&region=&countries=&cities=&search=&star=&sort_by=&order_by=&program_type=&scholarship=&fee=&english_score=&academic_score=&mix_student=&loggedincache=&study_level=&subjects=&page=1,QS_ET:2026:page:001:7aed1e5a048a1878,
raw.UVNfRVQ6MjAyNjpwYWdlOjAwMjpiNDdhMDAwZTQ2ZmRmMmEw,QS_ET,raw_snapshot,page_002.json,json,application/json,36117,b47a000e46fdf2a067fbfd5bdcf23c9347b0e3661521934766fc980638e9b971,2026,2026-07-09T11:57:08+00:00,False,metadata_only,https://www.topuniversities.com/rankings/endpoint?nid=4114613&items_per_page=30&tab=indicators&region=&countries=&cities=&search=&star=&sort_by=&order_by=&program_type=&scholarship=&fee=&english_score=&academic_score=&mix_student=&loggedincache=&study_level=&subjects=&page=2,QS_ET:2026:page:002:b47a000e46fdf2a0,
raw.UVNfRVQ6MjAyNjpwYWdlOjAwMzphNjQ1NzhmN2I1Y2U5OGFj,QS_ET,raw_snapshot,page_003.json,json,application/json,36219,a64578f7b5ce98ac0e00c2864b41a0f0f81c2edbbef7150cc42fa84588c37d30,2026,2026-07-09T11:57:08+00:00,False,metadata_only,https://www.topuniversities.com/rankings/endpoint?nid=4114613&items_per_page=30&tab=indicators&region=&countries=&cities=&search=&star=&sort_by=&order_by=&program_type=&scholarship=&fee=&english_score=&academic_score=&mix_student=&loggedincache=&study_level=&subjects=&page=3,QS_ET:2026:page:003:a64578f7b5ce98ac,
raw.UVNfRVQ6MjAyNjpwYWdlOjAwNDpiYmY1MTNiMmM3ZDEyZmY0,QS_ET,raw_snapshot,page_004.json,json,application/json,36391,bbf513b2c7d12ff4c4570b7dc2d5e6cfcf2f19328f39adcf7eb12d71c37c8301,2026,2026-07-09T11:57:08+00:00,False,metadata_only,https://www.topuniversities.com/rankings/endpoint?nid=4114613&items_per_page=30&tab=indicators&region=&countries=&cities=&search=&star=&sort_by=&order_by=&program_type=&scholarship=&fee=&english_score=&academic_score=&mix_student=&loggedincache=&study_level=&subjects=&page=4,QS_ET:2026:page:004:bbf513b2c7d12ff4,
raw.UVNfRVQ6MjAyNjpwYWdlOjAwNTplNzIzNDkxZGRmMjYwYTMz,QS_ET,raw_snapshot,page_005.json,json,application/json,35982,e723491ddf260a33ac62be4d9f3925625b43a4f19a5cd369b81fe4527d2cf139,2026,2026-07-09T11:57:08+00:00,False,metadata_only,https://www.topuniversities.com/rankings/endpoint?nid=4114613&items_per_page=30&tab=indicators&region=&countries=&cities=&search=&star=&sort_by=&order_by=&program_type=&scholarship=&fee=&english_score=&academic_score=&mix_student=&loggedincache=&study_level=&subjects=&page=5,QS_ET:2026:page:005:e723491ddf260a33,
raw.UVNfRVQ6MjAyNjpwYWdlOjAwNjowMWUxMDM3YjkxYmQwMWY3,QS_ET,raw_snapshot,page_006.json,json,application/json,36342,01e1037b91bd01f7aff73241f832ddc38b24e5af3804fa6bb3523f1f39ca401a,2026,2026-07-09T11:57:08+00:00,False,metadata_only,https://www.topuniversities.com/rankings/endpoint?nid=4114613&items_per_page=30&tab=indicators&region=&countries=&cities=&search=&star=&sort_by=&order_by=&program_type=&scholarship=&fee=&english_score=&academic_score=&mix_student=&loggedincache=&study_level=&subjects=&page=6,QS_ET:2026:page:006:01e1037b91bd01f7,
raw.UVNfRVQ6MjAyNjpwYWdlOjAwNzo5Njk0ZmI4ZTY3MjgyZjc0,QS_ET,raw_snapshot,page_007.json,json,application/json,36429,9694fb8e67282f74084d5567494290a62d65d434766b8524a0c2790345f78bb6,2026,2026-07-09T11:57:08+00:00,False,metadata_only,https://www.topuniversities.com/rankings/endpoint?nid=4114613&items_per_page=30&tab=indicators&region=&countries=&cities=&search=&star=&sort_by=&order_by=&program_type=&scholarship=&fee=&english_score=&academic_score=&mix_student=&loggedincache=&study_level=&subjects=&page=7,QS_ET:2026:page:007:9694fb8e67282f74,
raw.UVNfRVQ6MjAyNjpwYWdlOjAwODo3N2RiZmZiMWNjMDc4MjM5,QS_ET,raw_snapshot,page_008.json,json,application/json,36294,77dbffb1cc0782393cc7d4a66821f2d74193b2ad0e20bb0c294cda1ecb63cec1,2026,2026-07-09T11:57:08+00:00,False,metadata_only,https://www.topuniversities.com/rankings/endpoint?nid=4114613&items_per_page=30&tab=indicators&region=&countries=&cities=&search=&star=&sort_by=&order_by=&program_type=&scholarship=&fee=&english_score=&academic_score=&mix_student=&loggedincache=&study_level=&subjects=&page=8,QS_ET:2026:page:008:77dbffb1cc078239,
raw.UVNfRVQ6MjAyNjpwYWdlOjAwOTpmMTNiMzJmZGI4YWNiOWU3,QS_ET,raw_snapshot,page_009.json,json,application/json,36160,f13b32fdb8acb9e701bffddc24e962ce264c3b3bb0e3efc8397fd245aca3a2d3,2026,2026-07-09T11:57:08+00:00,False,metadata_only,https://www.topuniversities.com/rankings/endpoint?nid=4114613&items_per_page=30&tab=indicators&region=&countries=&cities=&search=&star=&sort_by=&order_by=&program_type=&scholarship=&fee=&english_score=&academic_score=&mix_student=&loggedincache=&study_level=&subjects=&page=9,QS_ET:2026:page:009:f13b32fdb8acb9e7,
raw.UVNfRVQ6MjAyNjpwYWdlOjAxMDozYzM0MTNlYTU2YzU2N2Vk,QS_ET,raw_snapshot,page_010.json,json,application/json,36202,3c3413ea56c567edf53c4fc357acf65461b6df6539ecce0e9cf7a36a824d8843,2026,2026-07-09T11:57:08+00:00,False,metadata_only,https://www.topuniversities.com/rankings/endpoint?nid=4114613&items_per_page=30&tab=indicators&region=&countries=&cities=&search=&star=&sort_by=&order_by=&program_type=&scholarship=&fee=&english_score=&academic_score=&mix_student=&loggedincache=&study_level=&subjects=&page=10,QS_ET:2026:page:010:3c3413ea56c567ed,
raw.UVNfRVQ6MjAyNjpwYWdlOjAxMTozYWUxZDE5ZWU5MGM2ZTcx,QS_ET,raw_snapshot,page_011.json,json,application/json,36365,3ae1d19ee90c6e716a1f5268902d90a8c86c47621fb316ad3f4627d587adadd5,2026,2026-07-09T11:57:08+00:00,False,metadata_only,https://www.topuniversities.com/rankings/endpoint?nid=4114613&items_per_page=30&tab=indicators&region=&countries=&cities=&search=&star=&sort_by=&order_by=&program_type=&scholarship=&fee=&english_score=&academic_score=&mix_student=&loggedincache=&study_level=&subjects=&page=11,QS_ET:2026:page:011:3ae1d19ee90c6e71,
raw.UVNfRVQ6MjAyNjpwYWdlOjAxMjoyNmU4NjU5NmFjY2RlMWJl,QS_ET,raw_snapshot,page_012.json,json,application/json,36328,26e86596accde1be860fd8c3ba226b26646d52c714cb9c24f09477e078820a52,2026,2026-07-09T11:57:08+00:00,False,metadata_only,https://www.topuniversities.com/rankings/endpoint?nid=4114613&items_per_page=30&tab=indicators&region=&countries=&cities=&search=&star=&sort_by=&order_by=&program_type=&scholarship=&fee=&english_score=&academic_score=&mix_student=&loggedincache=&study_level=&subjects=&page=12,QS_ET:2026:page:012:26e86596accde1be,
raw.UVNfRVQ6MjAyNjpwYWdlOjAxMzpjMzEyM2M0ODE3NjI3NmZj,QS_ET,raw_snapshot,page_013.json,json,application/json,36619,c3123c48176276fc3a419091e5ecc9841d1d343435347ec6045635f7db22c955,2026,2026-07-09T11:57:08+00:00,False,metadata_only,https://www.topuniversities.com/rankings/endpoint?nid=4114613&items_per_page=30&tab=indicators&region=&countries=&cities=&search=&star=&sort_by=&order_by=&program_type=&scholarship=&fee=&english_score=&academic_score=&mix_student=&loggedincache=&study_level=&subjects=&page=13,QS_ET:2026:page:013:c3123c48176276fc,
raw.UVNfRVQ6MjAyNjpwYWdlOjAxNDo3NTI4MGU4NGMyYzY3MmM1,QS_ET,raw_snapshot,page_014.json,json,application/json,36363,75280e84c2c672c5ace7eae14a1cf35bacc72ad78eb308414f62e38341c83e4b,2026,2026-07-09T11:57:08+00:00,False,metadata_only,https://www.topuniversities.com/rankings/endpoint?nid=4114613&items_per_page=30&tab=indicators&region=&countries=&cities=&search=&star=&sort_by=&order_by=&program_type=&scholarship=&fee=&english_score=&academic_score=&mix_student=&loggedincache=&study_level=&subjects=&page=14,QS_ET:2026:page:014:75280e84c2c672c5,
raw.UVNfRVQ6MjAyNjpwYWdlOjAxNTo2YzEyZDNiODQxMTFmZGVl,QS_ET,raw_snapshot,page_015.json,json,application/json,36408,6c12d3b84111fdeefd65320b0926014105f51f4d0840efad249a9f25052315a8,2026,2026-07-09T11:57:08+00:00,False,metadata_only,https://www.topuniversities.com/rankings/endpoint?nid=4114613&items_per_page=30&tab=indicators&region=&countries=&cities=&search=&star=&sort_by=&order_by=&program_type=&scholarship=&fee=&english_score=&academic_score=&mix_student=&loggedincache=&study_level=&subjects=&page=15,QS_ET:2026:page:015:6c12d3b84111fdee,
raw.UVNfRVQ6MjAyNjpwYWdlOjAxNjoxYTc0ZGNhMTNmNTY3MGRm,QS_ET,raw_snapshot,page_016.json,json,application/json,36376,1a74dca13f5670dfb567f2ab14c8c58fcd539a6b5f2eac737f8dfbe3916a7957,2026,2026-07-09T11:57:08+00:00,False,metadata_only,https://www.topuniversities.com/rankings/endpoint?nid=4114613&items_per_page=30&tab=indicators&region=&countries=&cities=&search=&star=&sort_by=&order_by=&program_type=&scholarship=&fee=&english_score=&academic_score=&mix_student=&loggedincache=&study_level=&subjects=&page=16,QS_ET:2026:page:016:1a74dca13f5670df,
raw.UVNfRVQ6MjAyNjpwYWdlOjAxNzozN2FmNTQzMTk4MTg5YjE3,QS_ET,raw_snapshot,page_017.json,json,application/json,37142,37af543198189b17e54221f4a4de2841a1569137f87bc4ab11a0768dfa2d74b1,2026,2026-07-09T11:57:08+00:00,False,metadata_only,https://www.topuniversities.com/rankings/endpoint?nid=4114613&items_per_page=30&tab=indicators&region=&countries=&cities=&search=&star=&sort_by=&order_by=&program_type=&scholarship=&fee=&english_score=&academic_score=&mix_student=&loggedincache=&study_level=&subjects=&page=17,QS_ET:2026:page:017:37af543198189b17,
raw.UVNfRVQ6MjAyNjpwYWdlOjAxODpiMTJmN2U1MzAxMjkxYTBi,QS_ET,raw_snapshot,page_018.json,json,application/json,19201,b12f7e5301291a0b5cf6f83defafd2fa63b3301d4a0c79a5f7126e22fed23a2f,2026,2026-07-09T11:57:08+00:00,False,metadata_only,https://www.topuniversities.com/rankings/endpoint?nid=4114613&items_per_page=30&tab=indicators&region=&countries=&cities=&search=&star=&sort_by=&order_by=&program_type=&scholarship=&fee=&english_score=&academic_score=&mix_student=&loggedincache=&study_level=&subjects=&page=18,QS_ET:2026:page:018:b12f7e5301291a0b,
raw.UVNfRVQ6MjAyNjoxNGYzYWJmMGE4M2VmOTcz,QS_ET,raw_snapshot,qs_engineering_technology_2026.manifest.json,json,application/json,989,14f3abf0a83ef9737977aabd591785e34312744e6243a22bebaa84d2f762e2bd,2026,2026-07-09T11:57:08+00:00,False,metadata_only,https://www.topuniversities.com/university-subject-rankings/engineering-technology,QS_ET:2026:14f3abf0a83ef973,
raw.U0VDX0VER0FSX0NPUlBPUkFURV9OVU1FUklDOkFBUEw6MjAyNjA3MTFUMTE0ODE3KzAwMDA,SEC_EDGAR_CORPORATE_NUMERIC,raw_snapshot,20260711T114817+0000.json,json,application/json,3748682,31f9ab4398402faabc733178497af89dbf94dd5038c6e36d4c894317de8a4647,2026,2026-07-11T11:48:17+00:00,False,metadata_only,https://data.sec.gov/api/xbrl/companyfacts/CIK0000320193.json,SEC_EDGAR_CORPORATE_NUMERIC:AAPL:20260711T114817+0000,
raw.U0VDX0VER0FSX0NPUlBPUkFURV9OVU1FUklDOk1TRlQ6MjAyNjA3MTFUMTE0ODE3KzAwMDA,SEC_EDGAR_CORPORATE_NUMERIC,raw_snapshot,20260711T114817+0000.json,json,application/json,4788959,352bbb036cbf65b74e126bb7ac040d2a8f9538dc0a85a0363a9a28a22039c4c3,2026,2026-07-11T11:48:17+00:00,False,metadata_only,https://data.sec.gov/api/xbrl/companyfacts/CIK0000789019.json,SEC_EDGAR_CORPORATE_NUMERIC:MSFT:20260711T114817+0000,
raw.U0VDX0VER0FSX0NPUlBPUkFURV9OVU1FUklDOkdPT0dMOjIwMjYwNzExVDExNDgxNyswMDAw,SEC_EDGAR_CORPORATE_NUMERIC,raw_snapshot,20260711T114817+0000.json,json,application/json,3074340,62d42c65a87b9c92cdaf9e5f342dd3a8cdbba2d2e3e4c5c495f2b884dab991c8,2026,2026-07-11T11:48:17+00:00,False,metadata_only,https://data.sec.gov/api/xbrl/companyfacts/CIK0001652044.json,SEC_EDGAR_CORPORATE_NUMERIC:GOOGL:20260711T114817+0000,
raw.U0VDX0VER0FSX0NPUlBPUkFURV9OVU1FUklDOklCTToyMDI2MDcxMVQxMTQ4MTcrMDAwMA,SEC_EDGAR_CORPORATE_NUMERIC,raw_snapshot,20260711T114817+0000.json,json,application/json,5580547,2dbb752e20a0ffcd75cee16dff3aa98e755aefae06996b40e0c4f9ac0cc7093a,2026,2026-07-11T11:48:17+00:00,False,metadata_only,https://data.sec.gov/api/xbrl/companyfacts/CIK0000051143.json,SEC_EDGAR_CORPORATE_NUMERIC:IBM:20260711T114817+0000,
raw.U0VDX0VER0FSX0NPUlBPUkFURV9OVU1FUklDOlRTTToyMDI2MDcxMVQxMTQ4MTcrMDAwMA,SEC_EDGAR_CORPORATE_NUMERIC,raw_snapshot,20260711T114817+0000.json,json,application/json,911248,d3ebb91e3ad78c9482e238c4db36df60b295a3b49ca137774706f4f5e526044a,2026,2026-07-11T11:48:17+00:00,False,metadata_only,https://data.sec.gov/api/xbrl/companyfacts/CIK0001046179.json,SEC_EDGAR_CORPORATE_NUMERIC:TSM:20260711T114817+0000,
raw.U0VDX0VER0FSX0NPUlBPUkFURV9OVU1FUklDOkFTTUw6MjAyNjA3MTFUMTE0ODE3KzAwMDA,SEC_EDGAR_CORPORATE_NUMERIC,raw_snapshot,20260711T114817+0000.json,json,application/json,1837771,28be6fd0f5608350ec396ae5d5097e45da95f4f29ad3fbd19aac328a15cce3d4,2026,2026-07-11T11:48:17+00:00,False,metadata_only,https://data.sec.gov/api/xbrl/companyfacts/CIK0000937966.json,SEC_EDGAR_CORPORATE_NUMERIC:ASML:20260711T114817+0000,
raw.U0VDX0VER0FSX0NPUlBPUkFURV9OVU1FUklDOlNBUDoyMDI2MDcxMVQxMTQ4MTcrMDAwMA,SEC_EDGAR_CORPORATE_NUMERIC,raw_snapshot,20260711T114817+0000.json,json,application/json,877458,8ec0a0cc6aef2a465a980432b2ff6285a031fac12179a107f0d0464103b4782e,2026,2026-07-11T11:48:17+00:00,False,metadata_only,https://data.sec.gov/api/xbrl/companyfacts/CIK0001000184.json,SEC_EDGAR_CORPORATE_NUMERIC:SAP:20260711T114817+0000,
raw.U0VDX0VER0FSX0NPUlBPUkFURV9OVU1FUklDOkFSTToyMDI2MDcxMVQxMTQ4MTcrMDAwMA,SEC_EDGAR_CORPORATE_NUMERIC,raw_snapshot,20260711T114817+0000.json,json,application/json,682060,1f4d75b9e347acbc42034b252d0478e290a9657683c5739cfc2bb51dc2e6d44e,2026,2026-07-11T11:48:17+00:00,False,metadata_only,https://data.sec.gov/api/xbrl/companyfacts/CIK0001973239.json,SEC_EDGAR_CORPORATE_NUMERIC:ARM:20260711T114817+0000,
artifact.cmVjaXBlOlNFQ19FREdBUl9DT1JQT1JBVEVfTlVNRVJJQzpBQVBMOjIwMjYwNzExVDExNDgxNyswMDAw,SEC_EDGAR_CORPORATE_NUMERIC,download_recipe,SEC_EDGAR_CORPORATE_NUMERIC_AAPL_20260711T114817_0000.json,json,application/json,806,8c380613a216f58e8f4616769bb6d9986d55d2a2fb106383fa02f44fa8072816,2026,2026-07-11T12:05:51+00:00,False,exclude_raw_keep_derived,https://data.sec.gov/api/xbrl/companyfacts/CIK0000320193.json,SEC_EDGAR_CORPORATE_NUMERIC:AAPL:20260711T114817+0000,recipe:SEC_EDGAR_CORPORATE_NUMERIC:AAPL:20260711T114817+0000
artifact.ZGVyaXZlZDpTRUNfRURHQVJfQ09SUE9SQVRFX05VTUVSSUM6QUFQTDoyMDI2MDcxMVQxMTQ4MTcrMDAwMA,SEC_EDGAR_CORPORATE_NUMERIC,derived_export,SEC_EDGAR_CORPORATE_NUMERIC_AAPL_20260711T114817_0000.json.gz,gz,application/json,2010,9dfa0d9ab46832b58fa301402872f106a7f5e738f69b8855cfc98b1e2706c292,2026,2026-07-11T12:05:51+00:00,False,exclude_raw_keep_derived,https://data.sec.gov/api/xbrl/companyfacts/CIK0000320193.json,SEC_EDGAR_CORPORATE_NUMERIC:AAPL:20260711T114817+0000,derived:SEC_EDGAR_CORPORATE_NUMERIC:AAPL:20260711T114817+0000
artifact.cmVjaXBlOlNFQ19FREdBUl9DT1JQT1JBVEVfTlVNRVJJQzpBUk06MjAyNjA3MTFUMTE0ODE3KzAwMDA,SEC_EDGAR_CORPORATE_NUMERIC,download_recipe,SEC_EDGAR_CORPORATE_NUMERIC_ARM_20260711T114817_0000.json,json,application/json,803,ff516af9fa87404a1717d6ee30d3309e0638c92f0935f536d82aed0dbeca720c,2026,2026-07-11T12:05:51+00:00,False,exclude_raw_keep_derived,https://data.sec.gov/api/xbrl/companyfacts/CIK0001973239.json,SEC_EDGAR_CORPORATE_NUMERIC:ARM:20260711T114817+0000,recipe:SEC_EDGAR_CORPORATE_NUMERIC:ARM:20260711T114817+0000
artifact.ZGVyaXZlZDpTRUNfRURHQVJfQ09SUE9SQVRFX05VTUVSSUM6QVJNOjIwMjYwNzExVDExNDgxNyswMDAw,SEC_EDGAR_CORPORATE_NUMERIC,derived_export,SEC_EDGAR_CORPORATE_NUMERIC_ARM_20260711T114817_0000.json.gz,gz,application/json,2016,0aa6cddabffb502dafabfd6cb264a0d76180e70c4cd5253eeaec0584fb86c7fc,2026,2026-07-11T12:05:51+00:00,False,exclude_raw_keep_derived,https://data.sec.gov/api/xbrl/companyfacts/CIK0001973239.json,SEC_EDGAR_CORPORATE_NUMERIC:ARM:20260711T114817+0000,derived:SEC_EDGAR_CORPORATE_NUMERIC:ARM:20260711T114817+0000
artifact.cmVjaXBlOlNFQ19FREdBUl9DT1JQT1JBVEVfTlVNRVJJQzpBU01MOjIwMjYwNzExVDExNDgxNyswMDAw,SEC_EDGAR_CORPORATE_NUMERIC,download_recipe,SEC_EDGAR_CORPORATE_NUMERIC_ASML_20260711T114817_0000.json,json,application/json,806,b51f1308b6cd0bdb6d9d436e9a5b69e6d13e49577e9d8d57b17a75053c429e66,2026,2026-07-11T12:05:51+00:00,False,exclude_raw_keep_derived,https://data.sec.gov/api/xbrl/companyfacts/CIK0000937966.json,SEC_EDGAR_CORPORATE_NUMERIC:ASML:20260711T114817+0000,recipe:SEC_EDGAR_CORPORATE_NUMERIC:ASML:20260711T114817+0000
artifact.ZGVyaXZlZDpTRUNfRURHQVJfQ09SUE9SQVRFX05VTUVSSUM6QVNNTDoyMDI2MDcxMVQxMTQ4MTcrMDAwMA,SEC_EDGAR_CORPORATE_NUMERIC,derived_export,SEC_EDGAR_CORPORATE_NUMERIC_ASML_20260711T114817_0000.json.gz,gz,application/json,2174,34dda34fce26ecb5b08851c6e10e2496dc91d7662d5f41557dd1949f6236e5aa,2026,2026-07-11T12:05:51+00:00,False,exclude_raw_keep_derived,https://data.sec.gov/api/xbrl/companyfacts/CIK0000937966.json,SEC_EDGAR_CORPORATE_NUMERIC:ASML:20260711T114817+0000,derived:SEC_EDGAR_CORPORATE_NUMERIC:ASML:20260711T114817+0000
artifact.cmVjaXBlOlNFQ19FREdBUl9DT1JQT1JBVEVfTlVNRVJJQzpHT09HTDoyMDI2MDcxMVQxMTQ4MTcrMDAwMA,SEC_EDGAR_CORPORATE_NUMERIC,download_recipe,SEC_EDGAR_CORPORATE_NUMERIC_GOOGL_20260711T114817_0000.json,json,application/json,808,4c2477862a3202677e0efce7b44524a8335c403a1fa9a3297d6c74a3c8318469,2026,2026-07-11T12:05:51+00:00,False,exclude_raw_keep_derived,https://data.sec.gov/api/xbrl/companyfacts/CIK0001652044.json,SEC_EDGAR_CORPORATE_NUMERIC:GOOGL:20260711T114817+0000,recipe:SEC_EDGAR_CORPORATE_NUMERIC:GOOGL:20260711T114817+0000
artifact.ZGVyaXZlZDpTRUNfRURHQVJfQ09SUE9SQVRFX05VTUVSSUM6R09PR0w6MjAyNjA3MTFUMTE0ODE3KzAwMDA,SEC_EDGAR_CORPORATE_NUMERIC,derived_export,SEC_EDGAR_CORPORATE_NUMERIC_GOOGL_20260711T114817_0000.json.gz,gz,application/json,1975,d38ecc4abf853a7a4461ec5bf4bcd5880fb95efcd0e0a316941e198e91de8222,2026,2026-07-11T12:05:51+00:00,False,exclude_raw_keep_derived,https://data.sec.gov/api/xbrl/companyfacts/CIK0001652044.json,SEC_EDGAR_CORPORATE_NUMERIC:GOOGL:20260711T114817+0000,derived:SEC_EDGAR_CORPORATE_NUMERIC:GOOGL:20260711T114817+0000
artifact.cmVjaXBlOlNFQ19FREdBUl9DT1JQT1JBVEVfTlVNRVJJQzpJQk06MjAyNjA3MTFUMTE0ODE3KzAwMDA,SEC_EDGAR_CORPORATE_NUMERIC,download_recipe,SEC_EDGAR_CORPORATE_NUMERIC_IBM_20260711T114817_0000.json,json,application/json,804,42106c071a4b44b848438fc03ce416f0bf2fbbb62855831f1a487f076451bd11,2026,2026-07-11T12:05:51+00:00,False,exclude_raw_keep_derived,https://data.sec.gov/api/xbrl/companyfacts/CIK0000051143.json,SEC_EDGAR_CORPORATE_NUMERIC:IBM:20260711T114817+0000,recipe:SEC_EDGAR_CORPORATE_NUMERIC:IBM:20260711T114817+0000
artifact.ZGVyaXZlZDpTRUNfRURHQVJfQ09SUE9SQVRFX05VTUVSSUM6SUJNOjIwMjYwNzExVDExNDgxNyswMDAw,SEC_EDGAR_CORPORATE_NUMERIC,derived_export,SEC_EDGAR_CORPORATE_NUMERIC_IBM_20260711T114817_0000.json.gz,gz,application/json,1982,9d192ab62635c31017112d36f54a74b15243c07c6d57d725e2b8fe7bdfc53e04,2026,2026-07-11T12:05:51+00:00,False,exclude_raw_keep_derived,https://data.sec.gov/api/xbrl/companyfacts/CIK0000051143.json,SEC_EDGAR_CORPORATE_NUMERIC:IBM:20260711T114817+0000,derived:SEC_EDGAR_CORPORATE_NUMERIC:IBM:20260711T114817+0000
artifact.cmVjaXBlOlNFQ19FREdBUl9DT1JQT1JBVEVfTlVNRVJJQzpNU0ZUOjIwMjYwNzExVDExNDgxNyswMDAw,SEC_EDGAR_CORPORATE_NUMERIC,download_recipe,SEC_EDGAR_CORPORATE_NUMERIC_MSFT_20260711T114817_0000.json,json,application/json,806,b518383239c7f0dc05471552871c9d7e062c89419e40826b837fc6d605664a31,2026,2026-07-11T12:05:51+00:00,False,exclude_raw_keep_derived,https://data.sec.gov/api/xbrl/companyfacts/CIK0000789019.json,SEC_EDGAR_CORPORATE_NUMERIC:MSFT:20260711T114817+0000,recipe:SEC_EDGAR_CORPORATE_NUMERIC:MSFT:20260711T114817+0000
artifact.ZGVyaXZlZDpTRUNfRURHQVJfQ09SUE9SQVRFX05VTUVSSUM6TVNGVDoyMDI2MDcxMVQxMTQ4MTcrMDAwMA,SEC_EDGAR_CORPORATE_NUMERIC,derived_export,SEC_EDGAR_CORPORATE_NUMERIC_MSFT_20260711T114817_0000.json.gz,gz,application/json,2027,bac3faee569aff10c6d3a95c3a905699abc433c41261c345caac5abd15bba9e9,2026,2026-07-11T12:05:51+00:00,False,exclude_raw_keep_derived,https://data.sec.gov/api/xbrl/companyfacts/CIK0000789019.json,SEC_EDGAR_CORPORATE_NUMERIC:MSFT:20260711T114817+0000,derived:SEC_EDGAR_CORPORATE_NUMERIC:MSFT:20260711T114817+0000
artifact.cmVjaXBlOlNFQ19FREdBUl9DT1JQT1JBVEVfTlVNRVJJQzpTQVA6MjAyNjA3MTFUMTE0ODE3KzAwMDA,SEC_EDGAR_CORPORATE_NUMERIC,download_recipe,SEC_EDGAR_CORPORATE_NUMERIC_SAP_20260711T114817_0000.json,json,application/json,803,dcaa40a17f9b373b11eb28b3268cb3b28f8ffae0c16b88e5ef7a81a9ded68487,2026,2026-07-11T12:05:51+00:00,False,exclude_raw_keep_derived,https://data.sec.gov/api/xbrl/companyfacts/CIK0001000184.json,SEC_EDGAR_CORPORATE_NUMERIC:SAP:20260711T114817+0000,recipe:SEC_EDGAR_CORPORATE_NUMERIC:SAP:20260711T114817+0000
artifact.ZGVyaXZlZDpTRUNfRURHQVJfQ09SUE9SQVRFX05VTUVSSUM6U0FQOjIwMjYwNzExVDExNDgxNyswMDAw,SEC_EDGAR_CORPORATE_NUMERIC,derived_export,SEC_EDGAR_CORPORATE_NUMERIC_SAP_20260711T114817_0000.json.gz,gz,application/json,1418,72f1f145e6d3cb021adffdba5eb9a39d2262c106832aa1b8f48ea3bba75d70e8,2026,2026-07-11T12:05:51+00:00,False,exclude_raw_keep_derived,https://data.sec.gov/api/xbrl/companyfacts/CIK0001000184.json,SEC_EDGAR_CORPORATE_NUMERIC:SAP:20260711T114817+0000,derived:SEC_EDGAR_CORPORATE_NUMERIC:SAP:20260711T114817+0000
artifact.cmVjaXBlOlNFQ19FREdBUl9DT1JQT1JBVEVfTlVNRVJJQzpUU006MjAyNjA3MTFUMTE0ODE3KzAwMDA,SEC_EDGAR_CORPORATE_NUMERIC,download_recipe,SEC_EDGAR_CORPORATE_NUMERIC_TSM_20260711T114817_0000.json,json,application/json,803,1e1cf3a826c814dd6e411844f2bda8c4d58ef9a1eda709253665fc6aac56341b,2026,2026-07-11T12:05:51+00:00,False,exclude_raw_keep_derived,https://data.sec.gov/api/xbrl/companyfacts/CIK0001046179.json,SEC_EDGAR_CORPORATE_NUMERIC:TSM:20260711T114817+0000,recipe:SEC_EDGAR_CORPORATE_NUMERIC:TSM:20260711T114817+0000
artifact.ZGVyaXZlZDpTRUNfRURHQVJfQ09SUE9SQVRFX05VTUVSSUM6VFNNOjIwMjYwNzExVDExNDgxNyswMDAw,SEC_EDGAR_CORPORATE_NUMERIC,derived_export,SEC_EDGAR_CORPORATE_NUMERIC_TSM_20260711T114817_0000.json.gz,gz,application/json,1344,4ee98680c39c7f21aae4459ac6e47f581a9c569a8e19c306c721db52573ce000,2026,2026-07-11T12:05:51+00:00,False,exclude_raw_keep_derived,https://data.sec.gov/api/xbrl/companyfacts/CIK0001046179.json,SEC_EDGAR_CORPORATE_NUMERIC:TSM:20260711T114817+0000,derived:SEC_EDGAR_CORPORATE_NUMERIC:TSM:20260711T114817+0000
artifact.cmVjaXBlOlNQRUNJQUxJWkVEX1JBVElOR1NfSFRFSToyMDI2OmIwYTY4NDhhNGE4ZTVhYjM,SPECIALIZED_RATINGS_HTEI,download_recipe,SPECIALIZED_RATINGS_HTEI_2026_b0a6848a4a8e5ab3.json,json,application/json,810,c7d1672c71c06cff872eda013d7654f488e2853969267004a53e663ef1433388,2026,2026-07-11T12:05:52+00:00,False,exclude_raw_keep_derived,local:methodology/specialized-ratings-register,SPECIALIZED_RATINGS_HTEI:2026:b0a6848a4a8e5ab3,recipe:SPECIALIZED_RATINGS_HTEI:2026:b0a6848a4a8e5ab3
artifact.ZGVyaXZlZDpTUEVDSUFMSVpFRF9SQVRJTkdTX0hURUk6MjAyNjpiMGE2ODQ4YTRhOGU1YWIz,SPECIALIZED_RATINGS_HTEI,derived_export,SPECIALIZED_RATINGS_HTEI_2026_b0a6848a4a8e5ab3.json.gz,gz,application/json,432,afbf08395ac3d598452bd8853ddd0b6438f99145d3e3d459dbc64071d23ffd61,2026,2026-07-11T12:05:52+00:00,False,exclude_raw_keep_derived,local:methodology/specialized-ratings-register,SPECIALIZED_RATINGS_HTEI:2026:b0a6848a4a8e5ab3,derived:SPECIALIZED_RATINGS_HTEI:2026:b0a6848a4a8e5ab3
raw.U1BFQ0lBTElaRURfUkFUSU5HU19IVEVJOjIwMjY6YjBhNjg0OGE0YThlNWFiMw,SPECIALIZED_RATINGS_HTEI,raw_snapshot,specialized_ratings_htei_register.json,json,application/json,290,b0a6848a4a8e5ab3bcdcaeefb696ab6ce90717fabc3828ede62a7316f5bef341,2026,2026-07-09T17:25:48+00:00,False,metadata_only,local:methodology/specialized-ratings-register,SPECIALIZED_RATINGS_HTEI:2026:b0a6848a4a8e5ab3,
artifact.cmF3OlVJU19IVEVJOjIwMjU6ZDNmYzUyYWY5ZDg1N2U1Yg,UIS_HTEI,raw_included,uis_htei_indicators.json,json,application/json,13167972,d3fc52af9d857e5bf5ff2cb560aa5648e76123d9a2d4d536d1f94df4546d958a,2025,2026-07-11T12:05:52+00:00,True,include,https://api.worldbank.org/v2/indicator/UIS.FOSGP.5T8.F500600700,UIS_HTEI:2025:d3fc52af9d857e5b,raw:UIS_HTEI:2025:d3fc52af9d857e5b
artifact.cmF3OlVJU19IVEVJOjIwMjY6ODY2MzE4YzJiNTc2NWNhOQ,UIS_HTEI,raw_included,uis_stem_pipeline_api.json,json,application/json,372896,866318c2b5765ca9e8d12f8f8e82101126b61842ff4fab747d4b9223a4a7853f,2026,2026-07-11T12:05:52+00:00,True,include,https://api.uis.unesco.org/api/public/data/indicators?indicator=FOSGP.5T8.F500600700&geoUnitType=NATIONAL&start=1997&end=2026&indicatorMetadata=true&version=20260507-91260335,UIS_HTEI:2026:866318c2b5765ca9,raw:UIS_HTEI:2026:866318c2b5765ca9
artifact.cmF3OlVORFBfSERSOjIwMjU6NjFlZDgyZTViNjZjODhkZg,UNDP_HDR,raw_included,HDR25_Composite_indices_complete_time_series.csv,csv,application/vnd.ms-excel,2001263,61ed82e5b66c88dfca8ff9fac775c63981ecab6a254862af97acacc41c143117,2025,2026-07-11T12:05:52+00:00,True,include,https://hdr.undp.org/sites/default/files/2025_HDR/HDR25_Composite_indices_complete_time_series.csv,UNDP_HDR:2025:61ed82e5b66c88df,raw:UNDP_HDR:2025:61ed82e5b66c88df
artifact.cmVjaXBlOldJUE9fR0lJOjIwMjI6NDg2NWY3NjMzOGFmZDAxZQ,WIPO_GII,download_recipe,WIPO_GII_2022_4865f76338afd01e.json,json,application/json,831,c462af639bedfbc32fa8c40fecb01f478bf57bd2a5f0a5bd59314285f7fa8134,2022,2026-07-11T12:05:52+00:00,False,exclude_raw_keep_derived,https://www.wipo.int/edocs/pubdocs/en/wipo-pub-2000-2022-tech1.xlsx,WIPO_GII:2022:4865f76338afd01e,recipe:WIPO_GII:2022:4865f76338afd01e
artifact.ZGVyaXZlZDpXSVBPX0dJSToyMDIyOjQ4NjVmNzYzMzhhZmQwMWU,WIPO_GII,derived_export,WIPO_GII_2022_4865f76338afd01e.json.gz,gz,application/json,100774,efa8b867523928466a38ebc85b148fde41133376bcd085deec4952900a60146e,2022,2026-07-11T12:05:52+00:00,False,exclude_raw_keep_derived,https://www.wipo.int/edocs/pubdocs/en/wipo-pub-2000-2022-tech1.xlsx,WIPO_GII:2022:4865f76338afd01e,derived:WIPO_GII:2022:4865f76338afd01e
raw.V0lQT19HSUk6MjAyMjo0ODY1Zjc2MzM4YWZkMDFl,WIPO_GII,raw_snapshot,wipo-pub-2000-2022-gii-tech1.xlsx,xlsx,application/vnd.openxmlformats-officedocument.spreadsheetml.sheet,1016263,4865f76338afd01e3e6e69c6c1f6af81cc365162d7447dba36783617c729a85a,2022,2026-07-09T11:57:04+00:00,False,metadata_only,https://www.wipo.int/edocs/pubdocs/en/wipo-pub-2000-2022-tech1.xlsx,WIPO_GII:2022:4865f76338afd01e,
artifact.cmVjaXBlOldJUE9fR0lJOjIwMjM6MDg4YzUyYWY0ZmY5ZTMzNg,WIPO_GII,download_recipe,WIPO_GII_2023_088c52af4ff9e336.json,json,application/json,830,3c732ad10851a3bf9525f94111c248514f07742939d2479c7418d5912ffc4da0,2023,2026-07-11T12:05:52+00:00,False,exclude_raw_keep_derived,https://www.wipo.int/edocs/pubdocs/en/wipo-pub-2000-2023-tech1.xlsx,WIPO_GII:2023:088c52af4ff9e336,recipe:WIPO_GII:2023:088c52af4ff9e336
artifact.ZGVyaXZlZDpXSVBPX0dJSToyMDIzOjA4OGM1MmFmNGZmOWUzMzY,WIPO_GII,derived_export,WIPO_GII_2023_088c52af4ff9e336.json.gz,gz,application/json,100110,739947e94fa54fb1064d9d145263b102ce2d5ed77d39f69e4c635aba6d249f72,2023,2026-07-11T12:05:52+00:00,False,exclude_raw_keep_derived,https://www.wipo.int/edocs/pubdocs/en/wipo-pub-2000-2023-tech1.xlsx,WIPO_GII:2023:088c52af4ff9e336,derived:WIPO_GII:2023:088c52af4ff9e336
raw.V0lQT19HSUk6MjAyMzowODhjNTJhZjRmZjllMzM2,WIPO_GII,raw_snapshot,wipo-pub-2000-2023-gii-tech1.xlsx,xlsx,application/vnd.openxmlformats-officedocument.spreadsheetml.sheet,925753,088c52af4ff9e336a079508f1219828be7a96514989cedf7bc869c2531ab1e65,2023,2026-07-09T11:57:05+00:00,False,metadata_only,https://www.wipo.int/edocs/pubdocs/en/wipo-pub-2000-2023-tech1.xlsx,WIPO_GII:2023:088c52af4ff9e336,
artifact.cmVjaXBlOldJUE9fR0lJOjIwMjQ6ZjdhYjUyMjIxYjgyZDE1Ng,WIPO_GII,download_recipe,WIPO_GII_2024_f7ab52221b82d156.json,json,application/json,830,ee9668a72da2f453d4d54770ca94c368c88750df6618ffc75529410fe4a5f0c4,2024,2026-07-11T12:05:52+00:00,False,exclude_raw_keep_derived,https://www.wipo.int/edocs/pubdocs/en/wipo-pub-2000-2024-tech1.xlsx,WIPO_GII:2024:f7ab52221b82d156,recipe:WIPO_GII:2024:f7ab52221b82d156
artifact.ZGVyaXZlZDpXSVBPX0dJSToyMDI0OmY3YWI1MjIyMWI4MmQxNTY,WIPO_GII,derived_export,WIPO_GII_2024_f7ab52221b82d156.json.gz,gz,application/json,100972,d6c43081060e57995b15508cc8435249290a1e7f3526e3356b7ecb2c79ce6a17,2024,2026-07-11T12:05:52+00:00,False,exclude_raw_keep_derived,https://www.wipo.int/edocs/pubdocs/en/wipo-pub-2000-2024-tech1.xlsx,WIPO_GII:2024:f7ab52221b82d156,derived:WIPO_GII:2024:f7ab52221b82d156
raw.V0lQT19HSUk6MjAyNDpmN2FiNTIyMjFiODJkMTU2,WIPO_GII,raw_snapshot,wipo-pub-2000-2024-gii-tech1.xlsx,xlsx,application/vnd.openxmlformats-officedocument.spreadsheetml.sheet,938609,f7ab52221b82d15645eacdaf6f0ca0c1ce7b3686f814eb15f9bed8c7d9d88126,2024,2026-07-09T11:57:06+00:00,False,metadata_only,https://www.wipo.int/edocs/pubdocs/en/wipo-pub-2000-2024-tech1.xlsx,WIPO_GII:2024:f7ab52221b82d156,
artifact.cmVjaXBlOldJUE9fR0lJOjIwMjU6MjlkYWM1ZmFkYjdjMWVmMw,WIPO_GII,download_recipe,WIPO_GII_2025_29dac5fadb7c1ef3.json,json,application/json,837,58207ed57147b60efa51b713ad6eb66a29f0cd1e28e270763b7b40756c7c4fc1,2025,2026-07-11T12:05:52+00:00,False,exclude_raw_keep_derived,https://tind.wipo.int/record/58882/files/wipo-pub-2000-2025-gii-tech1.xlsx,WIPO_GII:2025:29dac5fadb7c1ef3,recipe:WIPO_GII:2025:29dac5fadb7c1ef3
artifact.ZGVyaXZlZDpXSVBPX0dJSToyMDI1OjI5ZGFjNWZhZGI3YzFlZjM,WIPO_GII,derived_export,WIPO_GII_2025_29dac5fadb7c1ef3.json.gz,gz,application/json,105088,ecb7f30555cb25b40989381de0042307297d25842bee11afc6e33c3c78df77a2,2025,2026-07-11T12:05:52+00:00,False,exclude_raw_keep_derived,https://tind.wipo.int/record/58882/files/wipo-pub-2000-2025-gii-tech1.xlsx,WIPO_GII:2025:29dac5fadb7c1ef3,derived:WIPO_GII:2025:29dac5fadb7c1ef3
raw.V0lQT19HSUk6MjAyNToyOWRhYzVmYWRiN2MxZWYz,WIPO_GII,raw_snapshot,wipo-pub-2000-2025-gii-tech1.xlsx,xlsx,application/vnd.openxmlformats-officedocument.spreadsheetml.sheet,935909,29dac5fadb7c1ef3ae54044887db8eedd232a08f7cae930cf886e131afd55b81,2025,2026-07-09T05:00:11+00:00,False,metadata_only,https://tind.wipo.int/record/58882/files/wipo-pub-2000-2025-gii-tech1.xlsx,WIPO_GII:2025:29dac5fadb7c1ef3,
artifact.cmF3OldPUkxEX0JBTktfQ09VTlRSSUVTOjIwMjY6NzUyMzE1ZWU4M2E0Y2ViNA,WORLD_BANK_COUNTRIES,raw_included,world_bank_countries.json,json,application/json,113589,752315ee83a4ceb441b874215418af5f589d32d82b3229bfd32abcba6955053d,2026,2026-07-11T12:05:52+00:00,True,include,https://api.worldbank.org/v2/country?format=json&per_page=400,WORLD_BANK_COUNTRIES:2026:752315ee83a4ceb4,raw:WORLD_BANK_COUNTRIES:2026:752315ee83a4ceb4
artifact.cmF3OldPUkxEX0JBTktfSENJOjIwMjA6OTM2YWRhMjcyMTMwNmM1Nw,WORLD_BANK_HCI,raw_included,world_bank_hci_indicators.json,json,application/json,5306758,936ada2721306c57764dfdf84e3fc5d57202851b6734017105d33820609ae3c7,2020,2026-07-11T12:05:52+00:00,True,include,https://api.worldbank.org/v2/source/63,WORLD_BANK_HCI:2020:936ada2721306c57,raw:WORLD_BANK_HCI:2020:936ada2721306c57
artifact.cmF3OldPUkxEX0JBTktfSENJUExVUzpBRkc6MjAyNg,WORLD_BANK_HCIPLUS,raw_included,afghanistan.pdf,pdf,application/pdf,2540575,2220eb15303f1ed95d79cbb65fed47f23ba65e5fd8e801080fc5333b6f4d5b3d,2026,2026-07-11T12:05:52+00:00,True,include,https://humancapital.worldbank.org/content/dam/sites/data/humancapital/pdf/Afghanistan.pdf,WORLD_BANK_HCIPLUS:AFG:2026,raw:WORLD_BANK_HCIPLUS:AFG:2026
raw.V09STERfQkFOS19IQ0lQTFVTOkFGRzoyMDI2,WORLD_BANK_HCIPLUS,raw_snapshot,afghanistan.pdf,pdf,application/pdf,2540575,2220eb15303f1ed95d79cbb65fed47f23ba65e5fd8e801080fc5333b6f4d5b3d,2026,2026-07-11T11:45:45+00:00,False,include,https://humancapital.worldbank.org/content/dam/sites/data/humancapital/pdf/Afghanistan.pdf,WORLD_BANK_HCIPLUS:AFG:2026,
artifact.cmF3OldPUkxEX0JBTktfSENJUExVUzpBTEI6MjAyNg,WORLD_BANK_HCIPLUS,raw_included,albania.pdf,pdf,application/pdf,2464776,ba201365069d7c305c3316f1dda9b8f68d6ee1108e07b3d515523bc1b3ace2e7,2026,2026-07-11T12:05:52+00:00,True,include,https://humancapital.worldbank.org/content/dam/sites/data/humancapital/pdf/Albania.pdf,WORLD_BANK_HCIPLUS:ALB:2026,raw:WORLD_BANK_HCIPLUS:ALB:2026
raw.V09STERfQkFOS19IQ0lQTFVTOkFMQjoyMDI2,WORLD_BANK_HCIPLUS,raw_snapshot,albania.pdf,pdf,application/pdf,2464776,ba201365069d7c305c3316f1dda9b8f68d6ee1108e07b3d515523bc1b3ace2e7,2026,2026-07-11T11:45:45+00:00,False,include,https://humancapital.worldbank.org/content/dam/sites/data/humancapital/pdf/Albania.pdf,WORLD_BANK_HCIPLUS:ALB:2026,
artifact.cmF3OldPUkxEX0JBTktfSENJUExVUzpEWkE6MjAyNg,WORLD_BANK_HCIPLUS,raw_included,algeria.pdf,pdf,application/pdf,2473705,dedb2f8be3fd82093b0a98b96311ad11c0cdda5521c63873aa8cfb5929a1cc93,2026,2026-07-11T12:05:53+00:00,True,include,https://humancapital.worldbank.org/content/dam/sites/data/humancapital/pdf/Algeria.pdf,WORLD_BANK_HCIPLUS:DZA:2026,raw:WORLD_BANK_HCIPLUS:DZA:2026
raw.V09STERfQkFOS19IQ0lQTFVTOkRaQToyMDI2,WORLD_BANK_HCIPLUS,raw_snapshot,algeria.pdf,pdf,application/pdf,2473705,dedb2f8be3fd82093b0a98b96311ad11c0cdda5521c63873aa8cfb5929a1cc93,2026,2026-07-11T11:45:45+00:00,False,include,https://humancapital.worldbank.org/content/dam/sites/data/humancapital/pdf/Algeria.pdf,WORLD_BANK_HCIPLUS:DZA:2026,
artifact.cmF3OldPUkxEX0JBTktfSENJUExVUzpBUkc6MjAyNg,WORLD_BANK_HCIPLUS,raw_included,argentina.pdf,pdf,application/pdf,2463207,50cfd9a4a51c6a2a82165bba3ca275fa53279e0faff2fabf8492f0c66fe1faa1,2026,2026-07-11T12:05:52+00:00,True,include,https://humancapital.worldbank.org/content/dam/sites/data/humancapital/pdf/Argentina.pdf,WORLD_BANK_HCIPLUS:ARG:2026,raw:WORLD_BANK_HCIPLUS:ARG:2026
raw.V09STERfQkFOS19IQ0lQTFVTOkFSRzoyMDI2,WORLD_BANK_HCIPLUS,raw_snapshot,argentina.pdf,pdf,application/pdf,2463207,50cfd9a4a51c6a2a82165bba3ca275fa53279e0faff2fabf8492f0c66fe1faa1,2026,2026-07-11T11:45:45+00:00,False,include,https://humancapital.worldbank.org/content/dam/sites/data/humancapital/pdf/Argentina.pdf,WORLD_BANK_HCIPLUS:ARG:2026,
artifact.cmF3OldPUkxEX0JBTktfSENJUExVUzpBUk06MjAyNg,WORLD_BANK_HCIPLUS,raw_included,armenia.pdf,pdf,application/pdf,2470849,dd2ac1dd433cd580c80f57a8612e1d997cb7c4d5bb8e5657a185ea917ba41f2d,2026,2026-07-11T12:05:52+00:00,True,include,https://humancapital.worldbank.org/content/dam/sites/data/humancapital/pdf/Armenia.pdf,WORLD_BANK_HCIPLUS:ARM:2026,raw:WORLD_BANK_HCIPLUS:ARM:2026
raw.V09STERfQkFOS19IQ0lQTFVTOkFSTToyMDI2,WORLD_BANK_HCIPLUS,raw_snapshot,armenia.pdf,pdf,application/pdf,2470849,dd2ac1dd433cd580c80f57a8612e1d997cb7c4d5bb8e5657a185ea917ba41f2d,2026,2026-07-11T11:45:45+00:00,False,include,https://humancapital.worldbank.org/content/dam/sites/data/humancapital/pdf/Armenia.pdf,WORLD_BANK_HCIPLUS:ARM:2026,
artifact.cmF3OldPUkxEX0JBTktfSENJUExVUzpBVVM6MjAyNg,WORLD_BANK_HCIPLUS,raw_included,australia.pdf,pdf,application/pdf,2469668,df9b78317aea4e29c9cae2f9990be94e28f483a62fac8676304708c809f099d3,2026,2026-07-11T12:05:52+00:00,True,include,https://humancapital.worldbank.org/content/dam/sites/data/humancapital/pdf/Australia.pdf,WORLD_BANK_HCIPLUS:AUS:2026,raw:WORLD_BANK_HCIPLUS:AUS:2026
raw.V09STERfQkFOS19IQ0lQTFVTOkFVUzoyMDI2,WORLD_BANK_HCIPLUS,raw_snapshot,australia.pdf,pdf,application/pdf,2469668,df9b78317aea4e29c9cae2f9990be94e28f483a62fac8676304708c809f099d3,2026,2026-07-11T11:45:45+00:00,False,include,https://humancapital.worldbank.org/content/dam/sites/data/humancapital/pdf/Australia.pdf,WORLD_BANK_HCIPLUS:AUS:2026,
artifact.cmF3OldPUkxEX0JBTktfSENJUExVUzpBVVQ6MjAyNg,WORLD_BANK_HCIPLUS,raw_included,austria.pdf,pdf,application/pdf,2471048,949ff4503e54162f4e98cd3926c2e56c9059a93261a21ae7f5ee065195242ed6,2026,2026-07-11T12:05:52+00:00,True,include,https://humancapital.worldbank.org/content/dam/sites/data/humancapital/pdf/Austria.pdf,WORLD_BANK_HCIPLUS:AUT:2026,raw:WORLD_BANK_HCIPLUS:AUT:2026
raw.V09STERfQkFOS19IQ0lQTFVTOkFVVDoyMDI2,WORLD_BANK_HCIPLUS,raw_snapshot,austria.pdf,pdf,application/pdf,2471048,949ff4503e54162f4e98cd3926c2e56c9059a93261a21ae7f5ee065195242ed6,2026,2026-07-11T11:45:45+00:00,False,include,https://humancapital.worldbank.org/content/dam/sites/data/humancapital/pdf/Austria.pdf,WORLD_BANK_HCIPLUS:AUT:2026,
artifact.cmF3OldPUkxEX0JBTktfSENJUExVUzpBWkU6MjAyNg,WORLD_BANK_HCIPLUS,raw_included,azerbaijan.pdf,pdf,application/pdf,2493466,5632cbee89188bdeee039c2d4381e3a30369e22af43bd387002dbbf99abe8573,2026,2026-07-11T12:05:52+00:00,True,include,https://humancapital.worldbank.org/content/dam/sites/data/humancapital/pdf/Azerbaijan.pdf,WORLD_BANK_HCIPLUS:AZE:2026,raw:WORLD_BANK_HCIPLUS:AZE:2026
raw.V09STERfQkFOS19IQ0lQTFVTOkFaRToyMDI2,WORLD_BANK_HCIPLUS,raw_snapshot,azerbaijan.pdf,pdf,application/pdf,2493466,5632cbee89188bdeee039c2d4381e3a30369e22af43bd387002dbbf99abe8573,2026,2026-07-11T11:45:45+00:00,False,include,https://humancapital.worldbank.org/content/dam/sites/data/humancapital/pdf/Azerbaijan.pdf,WORLD_BANK_HCIPLUS:AZE:2026,
artifact.cmF3OldPUkxEX0JBTktfSENJUExVUzpCSFI6MjAyNg,WORLD_BANK_HCIPLUS,raw_included,bahrain.pdf,pdf,application/pdf,2488680,bd3659f4b8d528968748e588e0884437288fd3c8325e72627926002261395daf,2026,2026-07-11T12:05:52+00:00,True,include,https://humancapital.worldbank.org/content/dam/sites/data/humancapital/pdf/Bahrain.pdf,WORLD_BANK_HCIPLUS:BHR:2026,raw:WORLD_BANK_HCIPLUS:BHR:2026
raw.V09STERfQkFOS19IQ0lQTFVTOkJIUjoyMDI2,WORLD_BANK_HCIPLUS,raw_snapshot,bahrain.pdf,pdf,application/pdf,2488680,bd3659f4b8d528968748e588e0884437288fd3c8325e72627926002261395daf,2026,2026-07-11T11:45:45+00:00,False,include,https://humancapital.worldbank.org/content/dam/sites/data/humancapital/pdf/Bahrain.pdf,WORLD_BANK_HCIPLUS:BHR:2026,
artifact.cmF3OldPUkxEX0JBTktfSENJUExVUzpCR0Q6MjAyNg,WORLD_BANK_HCIPLUS,raw_included,bangladesh.pdf,pdf,application/pdf,2493146,f001b76d7931ac7bd7347e6c4d77e6fddee98a04d656159094764102d904a0e7,2026,2026-07-11T12:05:52+00:00,True,include,https://humancapital.worldbank.org/content/dam/sites/data/humancapital/pdf/Bangladesh.pdf,WORLD_BANK_HCIPLUS:BGD:2026,raw:WORLD_BANK_HCIPLUS:BGD:2026
raw.V09STERfQkFOS19IQ0lQTFVTOkJHRDoyMDI2,WORLD_BANK_HCIPLUS,raw_snapshot,bangladesh.pdf,pdf,application/pdf,2493146,f001b76d7931ac7bd7347e6c4d77e6fddee98a04d656159094764102d904a0e7,2026,2026-07-11T11:45:45+00:00,False,include,https://humancapital.worldbank.org/content/dam/sites/data/humancapital/pdf/Bangladesh.pdf,WORLD_BANK_HCIPLUS:BGD:2026,
artifact.cmF3OldPUkxEX0JBTktfSENJUExVUzpCTFI6MjAyNg,WORLD_BANK_HCIPLUS,raw_included,belarus.pdf,pdf,application/pdf,2486839,4a9135718c01fa859aaf22dfc3ffc41e5dba555c4c76d630c938fc4ca6d227ff,2026,2026-07-11T12:05:52+00:00,True,include,https://humancapital.worldbank.org/content/dam/sites/data/humancapital/pdf/Belarus.pdf,WORLD_BANK_HCIPLUS:BLR:2026,raw:WORLD_BANK_HCIPLUS:BLR:2026
raw.V09STERfQkFOS19IQ0lQTFVTOkJMUjoyMDI2,WORLD_BANK_HCIPLUS,raw_snapshot,belarus.pdf,pdf,application/pdf,2486839,4a9135718c01fa859aaf22dfc3ffc41e5dba555c4c76d630c938fc4ca6d227ff,2026,2026-07-11T11:45:45+00:00,False,include,https://humancapital.worldbank.org/content/dam/sites/data/humancapital/pdf/Belarus.pdf,WORLD_BANK_HCIPLUS:BLR:2026,
artifact.cmF3OldPUkxEX0JBTktfSENJUExVUzpCRUw6MjAyNg,WORLD_BANK_HCIPLUS,raw_included,belgium.pdf,pdf,application/pdf,2455554,41e7d4eb76c206fbaa67ad6f29dd0d6a5f68880f636fa94e6f09fddfe5452691,2026,2026-07-11T12:05:52+00:00,True,include,https://humancapital.worldbank.org/content/dam/sites/data/humancapital/pdf/Belgium.pdf,WORLD_BANK_HCIPLUS:BEL:2026,raw:WORLD_BANK_HCIPLUS:BEL:2026
raw.V09STERfQkFOS19IQ0lQTFVTOkJFTDoyMDI2,WORLD_BANK_HCIPLUS,raw_snapshot,belgium.pdf,pdf,application/pdf,2455554,41e7d4eb76c206fbaa67ad6f29dd0d6a5f68880f636fa94e6f09fddfe5452691,2026,2026-07-11T11:45:45+00:00,False,include,https://humancapital.worldbank.org/content/dam/sites/data/humancapital/pdf/Belgium.pdf,WORLD_BANK_HCIPLUS:BEL:2026,
artifact.cmF3OldPUkxEX0JBTktfSENJUExVUzpCRU46MjAyNg,WORLD_BANK_HCIPLUS,raw_included,benin.pdf,pdf,application/pdf,2433988,d05520b51343f23d2b3738a3ff848b7398bdd6cbbdb04786c95eb91a79df43a1,2026,2026-07-11T12:05:52+00:00,True,include,https://humancapital.worldbank.org/content/dam/sites/data/humancapital/pdf/Benin.pdf,WORLD_BANK_HCIPLUS:BEN:2026,raw:WORLD_BANK_HCIPLUS:BEN:2026
raw.V09STERfQkFOS19IQ0lQTFVTOkJFTjoyMDI2,WORLD_BANK_HCIPLUS,raw_snapshot,benin.pdf,pdf,application/pdf,2433988,d05520b51343f23d2b3738a3ff848b7398bdd6cbbdb04786c95eb91a79df43a1,2026,2026-07-11T11:45:45+00:00,False,include,https://humancapital.worldbank.org/content/dam/sites/data/humancapital/pdf/Benin.pdf,WORLD_BANK_HCIPLUS:BEN:2026,
artifact.cmF3OldPUkxEX0JBTktfSENJUExVUzpCVE46MjAyNg,WORLD_BANK_HCIPLUS,raw_included,bhutan.pdf,pdf,application/pdf,2443976,0feee76acbee09aa11f970701579ca3e0c62330e6889f8eef47c61f628fd4ef2,2026,2026-07-11T12:05:53+00:00,True,include,https://humancapital.worldbank.org/content/dam/sites/data/humancapital/pdf/Bhutan.pdf,WORLD_BANK_HCIPLUS:BTN:2026,raw:WORLD_BANK_HCIPLUS:BTN:2026
raw.V09STERfQkFOS19IQ0lQTFVTOkJUTjoyMDI2,WORLD_BANK_HCIPLUS,raw_snapshot,bhutan.pdf,pdf,application/pdf,2443976,0feee76acbee09aa11f970701579ca3e0c62330e6889f8eef47c61f628fd4ef2,2026,2026-07-11T11:45:45+00:00,False,include,https://humancapital.worldbank.org/content/dam/sites/data/humancapital/pdf/Bhutan.pdf,WORLD_BANK_HCIPLUS:BTN:2026,
artifact.cmF3OldPUkxEX0JBTktfSENJUExVUzpCSUg6MjAyNg,WORLD_BANK_HCIPLUS,raw_included,bosnia-and-herzegovina.pdf,pdf,application/pdf,2571009,569061a8b3f058ff5234f8df5359e2f2e888bbdecb7cb4f84f51fbb29f3fb14a,2026,2026-07-11T12:05:52+00:00,True,include,https://humancapital.worldbank.org/content/dam/sites/data/humancapital/pdf/Bosnia-and-Herzegovina.pdf,WORLD_BANK_HCIPLUS:BIH:2026,raw:WORLD_BANK_HCIPLUS:BIH:2026
raw.V09STERfQkFOS19IQ0lQTFVTOkJJSDoyMDI2,WORLD_BANK_HCIPLUS,raw_snapshot,bosnia-and-herzegovina.pdf,pdf,application/pdf,2571009,569061a8b3f058ff5234f8df5359e2f2e888bbdecb7cb4f84f51fbb29f3fb14a,2026,2026-07-11T11:45:45+00:00,False,include,https://humancapital.worldbank.org/content/dam/sites/data/humancapital/pdf/Bosnia-and-Herzegovina.pdf,WORLD_BANK_HCIPLUS:BIH:2026,
artifact.cmF3OldPUkxEX0JBTktfSENJUExVUzpCV0E6MjAyNg,WORLD_BANK_HCIPLUS,raw_included,botswana.pdf,pdf,application/pdf,2508612,946e23d46892a55187f0c6b4e461a61dbdecb51754ab8e43b8f3b690d12b7bea,2026,2026-07-11T12:05:53+00:00,True,include,https://humancapital.worldbank.org/content/dam/sites/data/humancapital/pdf/Botswana.pdf,WORLD_BANK_HCIPLUS:BWA:2026,raw:WORLD_BANK_HCIPLUS:BWA:2026
raw.V09STERfQkFOS19IQ0lQTFVTOkJXQToyMDI2,WORLD_BANK_HCIPLUS,raw_snapshot,botswana.pdf,pdf,application/pdf,2508612,946e23d46892a55187f0c6b4e461a61dbdecb51754ab8e43b8f3b690d12b7bea,2026,2026-07-11T11:45:45+00:00,False,include,https://humancapital.worldbank.org/content/dam/sites/data/humancapital/pdf/Botswana.pdf,WORLD_BANK_HCIPLUS:BWA:2026,
artifact.cmF3OldPUkxEX0JBTktfSENJUExVUzpCUkE6MjAyNg,WORLD_BANK_HCIPLUS,raw_included,brazil.pdf,pdf,application/pdf,2435721,a126a8d78397dd85aaff2f1a8f12f39d7964f54d89461513b7f219cf59712c97,2026,2026-07-11T12:05:52+00:00,True,include,https://humancapital.worldbank.org/content/dam/sites/data/humancapital/pdf/Brazil.pdf,WORLD_BANK_HCIPLUS:BRA:2026,raw:WORLD_BANK_HCIPLUS:BRA:2026
raw.V09STERfQkFOS19IQ0lQTFVTOkJSQToyMDI2,WORLD_BANK_HCIPLUS,raw_snapshot,brazil.pdf,pdf,application/pdf,2435721,a126a8d78397dd85aaff2f1a8f12f39d7964f54d89461513b7f219cf59712c97,2026,2026-07-11T11:45:45+00:00,False,include,https://humancapital.worldbank.org/content/dam/sites/data/humancapital/pdf/Brazil.pdf,WORLD_BANK_HCIPLUS:BRA:2026,
artifact.cmF3OldPUkxEX0JBTktfSENJUExVUzpCUk46MjAyNg,WORLD_BANK_HCIPLUS,raw_included,brunei-darussalam.pdf,pdf,application/pdf,2539009,9b075d965f08678adbd8badb346f34e6de9003cb956749a60dafac5cd6e84816,2026,2026-07-11T12:05:53+00:00,True,include,https://humancapital.worldbank.org/content/dam/sites/data/humancapital/pdf/Brunei-Darussalam.pdf,WORLD_BANK_HCIPLUS:BRN:2026,raw:WORLD_BANK_HCIPLUS:BRN:2026
raw.V09STERfQkFOS19IQ0lQTFVTOkJSTjoyMDI2,WORLD_BANK_HCIPLUS,raw_snapshot,brunei-darussalam.pdf,pdf,application/pdf,2539009,9b075d965f08678adbd8badb346f34e6de9003cb956749a60dafac5cd6e84816,2026,2026-07-11T11:45:45+00:00,False,include,https://humancapital.worldbank.org/content/dam/sites/data/humancapital/pdf/Brunei-Darussalam.pdf,WORLD_BANK_HCIPLUS:BRN:2026,
artifact.cmF3OldPUkxEX0JBTktfSENJUExVUzpCR1I6MjAyNg,WORLD_BANK_HCIPLUS,raw_included,bulgaria.pdf,pdf,application/pdf,2485583,3d46cafc58d1846571e978192f9b2a3b3b0c3ddee7f19f18a06f45af4786acb3,2026,2026-07-11T12:05:52+00:00,True,include,https://humancapital.worldbank.org/content/dam/sites/data/humancapital/pdf/Bulgaria.pdf,WORLD_BANK_HCIPLUS:BGR:2026,raw:WORLD_BANK_HCIPLUS:BGR:2026
raw.V09STERfQkFOS19IQ0lQTFVTOkJHUjoyMDI2,WORLD_BANK_HCIPLUS,raw_snapshot,bulgaria.pdf,pdf,application/pdf,2485583,3d46cafc58d1846571e978192f9b2a3b3b0c3ddee7f19f18a06f45af4786acb3,2026,2026-07-11T11:45:45+00:00,False,include,https://humancapital.worldbank.org/content/dam/sites/data/humancapital/pdf/Bulgaria.pdf,WORLD_BANK_HCIPLUS:BGR:2026,
artifact.cmF3OldPUkxEX0JBTktfSENJUExVUzpCRkE6MjAyNg,WORLD_BANK_HCIPLUS,raw_included,burkina-faso.pdf,pdf,application/pdf,2501080,deed54886ee6467120b789e97ee7b241796e2dfb2843997846dbd35f29951f16,2026,2026-07-11T12:05:52+00:00,True,include,https://humancapital.worldbank.org/content/dam/sites/data/humancapital/pdf/Burkina-Faso.pdf,WORLD_BANK_HCIPLUS:BFA:2026,raw:WORLD_BANK_HCIPLUS:BFA:2026
raw.V09STERfQkFOS19IQ0lQTFVTOkJGQToyMDI2,WORLD_BANK_HCIPLUS,raw_snapshot,burkina-faso.pdf,pdf,application/pdf,2501080,deed54886ee6467120b789e97ee7b241796e2dfb2843997846dbd35f29951f16,2026,2026-07-11T11:45:45+00:00,False,include,https://humancapital.worldbank.org/content/dam/sites/data/humancapital/pdf/Burkina-Faso.pdf,WORLD_BANK_HCIPLUS:BFA:2026,
artifact.cmF3OldPUkxEX0JBTktfSENJUExVUzpCREk6MjAyNg,WORLD_BANK_HCIPLUS,raw_included,burundi.pdf,pdf,application/pdf,2433896,e2668e5b376d94493bdbcab4da9aae65e9152ae654027e2a15f2eccaff1eb9d9,2026,2026-07-11T12:05:52+00:00,True,include,https://humancapital.worldbank.org/content/dam/sites/data/humancapital/pdf/Burundi.pdf,WORLD_BANK_HCIPLUS:BDI:2026,raw:WORLD_BANK_HCIPLUS:BDI:2026
raw.V09STERfQkFOS19IQ0lQTFVTOkJESToyMDI2,WORLD_BANK_HCIPLUS,raw_snapshot,burundi.pdf,pdf,application/pdf,2433896,e2668e5b376d94493bdbcab4da9aae65e9152ae654027e2a15f2eccaff1eb9d9,2026,2026-07-11T11:45:45+00:00,False,include,https://humancapital.worldbank.org/content/dam/sites/data/humancapital/pdf/Burundi.pdf,WORLD_BANK_HCIPLUS:BDI:2026,
artifact.cmF3OldPUkxEX0JBTktfSENJUExVUzpLSE06MjAyNg,WORLD_BANK_HCIPLUS,raw_included,cambodia.pdf,pdf,application/pdf,2507523,9d75e74565d972146a58b29749c1bdd6ad6b42a43edd1ba036682ed0bf5c7469,2026,2026-07-11T12:05:53+00:00,True,include,https://humancapital.worldbank.org/content/dam/sites/data/humancapital/pdf/Cambodia.pdf,WORLD_BANK_HCIPLUS:KHM:2026,raw:WORLD_BANK_HCIPLUS:KHM:2026
raw.V09STERfQkFOS19IQ0lQTFVTOktITToyMDI2,WORLD_BANK_HCIPLUS,raw_snapshot,cambodia.pdf,pdf,application/pdf,2507523,9d75e74565d972146a58b29749c1bdd6ad6b42a43edd1ba036682ed0bf5c7469,2026,2026-07-11T11:45:45+00:00,False,include,https://humancapital.worldbank.org/content/dam/sites/data/humancapital/pdf/Cambodia.pdf,WORLD_BANK_HCIPLUS:KHM:2026,
artifact.cmF3OldPUkxEX0JBTktfSENJUExVUzpDTVI6MjAyNg,WORLD_BANK_HCIPLUS,raw_included,cameroon.pdf,pdf,application/pdf,2496610,085d883ea16a436cfba958a9f21f4363d8ac0f4916eea9dfd086185dbaaeeb2a,2026,2026-07-11T12:05:53+00:00,True,include,https://humancapital.worldbank.org/content/dam/sites/data/humancapital/pdf/Cameroon.pdf,WORLD_BANK_HCIPLUS:CMR:2026,raw:WORLD_BANK_HCIPLUS:CMR:2026
raw.V09STERfQkFOS19IQ0lQTFVTOkNNUjoyMDI2,WORLD_BANK_HCIPLUS,raw_snapshot,cameroon.pdf,pdf,application/pdf,2496610,085d883ea16a436cfba958a9f21f4363d8ac0f4916eea9dfd086185dbaaeeb2a,2026,2026-07-11T11:45:45+00:00,False,include,https://humancapital.worldbank.org/content/dam/sites/data/humancapital/pdf/Cameroon.pdf,WORLD_BANK_HCIPLUS:CMR:2026,
artifact.cmF3OldPUkxEX0JBTktfSENJUExVUzpDQU46MjAyNg,WORLD_BANK_HCIPLUS,raw_included,canada.pdf,pdf,application/pdf,2471981,2075d9ecaa1d76ee4438435fe33c20cc7f50ae2acfa7c2226ae7c572efb1f869,2026,2026-07-11T12:05:53+00:00,True,include,https://humancapital.worldbank.org/content/dam/sites/data/humancapital/pdf/Canada.pdf,WORLD_BANK_HCIPLUS:CAN:2026,raw:WORLD_BANK_HCIPLUS:CAN:2026
raw.V09STERfQkFOS19IQ0lQTFVTOkNBTjoyMDI2,WORLD_BANK_HCIPLUS,raw_snapshot,canada.pdf,pdf,application/pdf,2471981,2075d9ecaa1d76ee4438435fe33c20cc7f50ae2acfa7c2226ae7c572efb1f869,2026,2026-07-11T11:45:45+00:00,False,include,https://humancapital.worldbank.org/content/dam/sites/data/humancapital/pdf/Canada.pdf,WORLD_BANK_HCIPLUS:CAN:2026,
artifact.cmF3OldPUkxEX0JBTktfSENJUExVUzpDQUY6MjAyNg,WORLD_BANK_HCIPLUS,raw_included,central-african-republic.pdf,pdf,application/pdf,2547191,03847a432d0d0e3e8764d94d992531cf2bf71010115a862b196f37f864462c70,2026,2026-07-11T12:05:53+00:00,True,include,https://humancapital.worldbank.org/content/dam/sites/data/humancapital/pdf/Central-African-Republic.pdf,WORLD_BANK_HCIPLUS:CAF:2026,raw:WORLD_BANK_HCIPLUS:CAF:2026
raw.V09STERfQkFOS19IQ0lQTFVTOkNBRjoyMDI2,WORLD_BANK_HCIPLUS,raw_snapshot,central-african-republic.pdf,pdf,application/pdf,2547191,03847a432d0d0e3e8764d94d992531cf2bf71010115a862b196f37f864462c70,2026,2026-07-11T11:45:45+00:00,False,include,https://humancapital.worldbank.org/content/dam/sites/data/humancapital/pdf/Central-African-Republic.pdf,WORLD_BANK_HCIPLUS:CAF:2026,
artifact.cmF3OldPUkxEX0JBTktfSENJUExVUzpUQ0Q6MjAyNg,WORLD_BANK_HCIPLUS,raw_included,chad.pdf,pdf,application/pdf,2452610,7fa22a3754ed81184d34d002ffe598dbf59e995dac0c0006dafe309e341fe30a,2026,2026-07-11T12:05:54+00:00,True,include,https://humancapital.worldbank.org/content/dam/sites/data/humancapital/pdf/Chad.pdf,WORLD_BANK_HCIPLUS:TCD:2026,raw:WORLD_BANK_HCIPLUS:TCD:2026
raw.V09STERfQkFOS19IQ0lQTFVTOlRDRDoyMDI2,WORLD_BANK_HCIPLUS,raw_snapshot,chad.pdf,pdf,application/pdf,2452610,7fa22a3754ed81184d34d002ffe598dbf59e995dac0c0006dafe309e341fe30a,2026,2026-07-11T11:45:45+00:00,False,include,https://humancapital.worldbank.org/content/dam/sites/data/humancapital/pdf/Chad.pdf,WORLD_BANK_HCIPLUS:TCD:2026,
artifact.cmF3OldPUkxEX0JBTktfSENJUExVUzpDSEw6MjAyNg,WORLD_BANK_HCIPLUS,raw_included,chile.pdf,pdf,application/pdf,2420347,543a005b3c0cfa3804da0525289fc359584ed86e852f9c73ebcbad000a3cefac,2026,2026-07-11T12:05:53+00:00,True,include,https://humancapital.worldbank.org/content/dam/sites/data/humancapital/pdf/Chile.pdf,WORLD_BANK_HCIPLUS:CHL:2026,raw:WORLD_BANK_HCIPLUS:CHL:2026
raw.V09STERfQkFOS19IQ0lQTFVTOkNITDoyMDI2,WORLD_BANK_HCIPLUS,raw_snapshot,chile.pdf,pdf,application/pdf,2420347,543a005b3c0cfa3804da0525289fc359584ed86e852f9c73ebcbad000a3cefac,2026,2026-07-11T11:45:45+00:00,False,include,https://humancapital.worldbank.org/content/dam/sites/data/humancapital/pdf/Chile.pdf,WORLD_BANK_HCIPLUS:CHL:2026,
artifact.cmF3OldPUkxEX0JBTktfSENJUExVUzpDSE46MjAyNg,WORLD_BANK_HCIPLUS,raw_included,china.pdf,pdf,application/pdf,2462874,637b32b1b9971d9fd68223d05c825d6fd4b64ddf19b261ef53d2cb9af2cc1e43,2026,2026-07-11T12:05:53+00:00,True,include,https://humancapital.worldbank.org/content/dam/sites/data/humancapital/pdf/China.pdf,WORLD_BANK_HCIPLUS:CHN:2026,raw:WORLD_BANK_HCIPLUS:CHN:2026
raw.V09STERfQkFOS19IQ0lQTFVTOkNITjoyMDI2,WORLD_BANK_HCIPLUS,raw_snapshot,china.pdf,pdf,application/pdf,2462874,637b32b1b9971d9fd68223d05c825d6fd4b64ddf19b261ef53d2cb9af2cc1e43,2026,2026-07-11T11:45:45+00:00,False,include,https://humancapital.worldbank.org/content/dam/sites/data/humancapital/pdf/China.pdf,WORLD_BANK_HCIPLUS:CHN:2026,
artifact.cmF3OldPUkxEX0JBTktfSENJUExVUzpDT0w6MjAyNg,WORLD_BANK_HCIPLUS,raw_included,colombia.pdf,pdf,application/pdf,2490374,ccc79533f9dce53017ecd1617a6641212dd3ab4e2250a058302ecdb7566bd680,2026,2026-07-11T12:05:53+00:00,True,include,https://humancapital.worldbank.org/content/dam/sites/data/humancapital/pdf/Colombia.pdf,WORLD_BANK_HCIPLUS:COL:2026,raw:WORLD_BANK_HCIPLUS:COL:2026
raw.V09STERfQkFOS19IQ0lQTFVTOkNPTDoyMDI2,WORLD_BANK_HCIPLUS,raw_snapshot,colombia.pdf,pdf,application/pdf,2490374,ccc79533f9dce53017ecd1617a6641212dd3ab4e2250a058302ecdb7566bd680,2026,2026-07-11T11:45:45+00:00,False,include,https://humancapital.worldbank.org/content/dam/sites/data/humancapital/pdf/Colombia.pdf,WORLD_BANK_HCIPLUS:COL:2026,
artifact.cmF3OldPUkxEX0JBTktfSENJUExVUzpDT006MjAyNg,WORLD_BANK_HCIPLUS,raw_included,comoros.pdf,pdf,application/pdf,2511837,0c2e7c6819e9a6a12a14a7079fce0a039d93386ad19f51782c8cb33c2c0421ab,2026,2026-07-11T12:05:53+00:00,True,include,https://humancapital.worldbank.org/content/dam/sites/data/humancapital/pdf/Comoros.pdf,WORLD_BANK_HCIPLUS:COM:2026,raw:WORLD_BANK_HCIPLUS:COM:2026
raw.V09STERfQkFOS19IQ0lQTFVTOkNPTToyMDI2,WORLD_BANK_HCIPLUS,raw_snapshot,comoros.pdf,pdf,application/pdf,2511837,0c2e7c6819e9a6a12a14a7079fce0a039d93386ad19f51782c8cb33c2c0421ab,2026,2026-07-11T11:45:45+00:00,False,include,https://humancapital.worldbank.org/content/dam/sites/data/humancapital/pdf/Comoros.pdf,WORLD_BANK_HCIPLUS:COM:2026,
artifact.cmF3OldPUkxEX0JBTktfSENJUExVUzpDUkk6MjAyNg,WORLD_BANK_HCIPLUS,raw_included,costa-rica.pdf,pdf,application/pdf,2504945,e960700aec4d5bc5d8905188c3453472021504250ee5c71ca98f36becb1d42d3,2026,2026-07-11T12:05:53+00:00,True,include,https://humancapital.worldbank.org/content/dam/sites/data/humancapital/pdf/Costa-Rica.pdf,WORLD_BANK_HCIPLUS:CRI:2026,raw:WORLD_BANK_HCIPLUS:CRI:2026
raw.V09STERfQkFOS19IQ0lQTFVTOkNSSToyMDI2,WORLD_BANK_HCIPLUS,raw_snapshot,costa-rica.pdf,pdf,application/pdf,2504945,e960700aec4d5bc5d8905188c3453472021504250ee5c71ca98f36becb1d42d3,2026,2026-07-11T11:45:45+00:00,False,include,https://humancapital.worldbank.org/content/dam/sites/data/humancapital/pdf/Costa-Rica.pdf,WORLD_BANK_HCIPLUS:CRI:2026,
artifact.cmF3OldPUkxEX0JBTktfSENJUExVUzpDSVY6MjAyNg,WORLD_BANK_HCIPLUS,raw_included,cote-divoire.pdf,pdf,application/pdf,2502747,2dbc4521ca69ebc685138639eda86e2aebbb2af8f8231803e48919b9d6624b9e,2026,2026-07-11T12:05:53+00:00,True,include,https://humancapital.worldbank.org/content/dam/sites/data/humancapital/pdf/Cote-dIvoire.pdf,WORLD_BANK_HCIPLUS:CIV:2026,raw:WORLD_BANK_HCIPLUS:CIV:2026
raw.V09STERfQkFOS19IQ0lQTFVTOkNJVjoyMDI2,WORLD_BANK_HCIPLUS,raw_snapshot,cote-divoire.pdf,pdf,application/pdf,2502747,2dbc4521ca69ebc685138639eda86e2aebbb2af8f8231803e48919b9d6624b9e,2026,2026-07-11T11:45:45+00:00,False,include,https://humancapital.worldbank.org/content/dam/sites/data/humancapital/pdf/Cote-dIvoire.pdf,WORLD_BANK_HCIPLUS:CIV:2026,
artifact.cmF3OldPUkxEX0JBTktfSENJUExVUzpJTkRFWDoyMDI2MDcxMVQxMTQwMzkrMDAwMA,WORLD_BANK_HCIPLUS,raw_included,country-briefs-20260711T114039+0000.html,html,text/html,127516,64962f0444aec5bc4ceb9d6eee4703db2d4ba5d447e978f3c4591e59412e8fed,2026,2026-07-11T12:05:53+00:00,True,include,https://humancapital.worldbank.org/en/country-briefs,WORLD_BANK_HCIPLUS:INDEX:20260711T114039+0000,raw:WORLD_BANK_HCIPLUS:INDEX:20260711T114039+0000
raw.V09STERfQkFOS19IQ0lQTFVTOklOREVYOjIwMjYwNzExVDExNDAzOSswMDAw,WORLD_BANK_HCIPLUS,raw_snapshot,country-briefs-20260711T114039+0000.html,html,text/html,127516,64962f0444aec5bc4ceb9d6eee4703db2d4ba5d447e978f3c4591e59412e8fed,2026,2026-07-11T11:40:39+00:00,False,include,https://humancapital.worldbank.org/en/country-briefs,WORLD_BANK_HCIPLUS:INDEX:20260711T114039+0000,
artifact.cmF3OldPUkxEX0JBTktfSENJUExVUzpJTkRFWDoyMDI2MDcxMVQxMTQ1NDUrMDAwMA,WORLD_BANK_HCIPLUS,raw_included,country-briefs-20260711T114545+0000.html,html,text/html,127516,64962f0444aec5bc4ceb9d6eee4703db2d4ba5d447e978f3c4591e59412e8fed,2026,2026-07-11T12:05:53+00:00,True,include,https://humancapital.worldbank.org/en/country-briefs,WORLD_BANK_HCIPLUS:INDEX:20260711T114545+0000,raw:WORLD_BANK_HCIPLUS:INDEX:20260711T114545+0000
raw.V09STERfQkFOS19IQ0lQTFVTOklOREVYOjIwMjYwNzExVDExNDU0NSswMDAw,WORLD_BANK_HCIPLUS,raw_snapshot,country-briefs-20260711T114545+0000.html,html,text/html,127516,64962f0444aec5bc4ceb9d6eee4703db2d4ba5d447e978f3c4591e59412e8fed,2026,2026-07-11T11:45:45+00:00,False,include,https://humancapital.worldbank.org/en/country-briefs,WORLD_BANK_HCIPLUS:INDEX:20260711T114545+0000,
artifact.cmF3OldPUkxEX0JBTktfSENJUExVUzpIUlY6MjAyNg,WORLD_BANK_HCIPLUS,raw_included,croatia.pdf,pdf,application/pdf,2480161,62d75af8a5523de1ecc1a55fee5807e9a1b6c668b4470b051908ef208b7cb10d,2026,2026-07-11T12:05:53+00:00,True,include,https://humancapital.worldbank.org/content/dam/sites/data/humancapital/pdf/Croatia.pdf,WORLD_BANK_HCIPLUS:HRV:2026,raw:WORLD_BANK_HCIPLUS:HRV:2026
raw.V09STERfQkFOS19IQ0lQTFVTOkhSVjoyMDI2,WORLD_BANK_HCIPLUS,raw_snapshot,croatia.pdf,pdf,application/pdf,2480161,62d75af8a5523de1ecc1a55fee5807e9a1b6c668b4470b051908ef208b7cb10d,2026,2026-07-11T11:45:45+00:00,False,include,https://humancapital.worldbank.org/content/dam/sites/data/humancapital/pdf/Croatia.pdf,WORLD_BANK_HCIPLUS:HRV:2026,
artifact.cmF3OldPUkxEX0JBTktfSENJUExVUzpDWVA6MjAyNg,WORLD_BANK_HCIPLUS,raw_included,cyprus.pdf,pdf,application/pdf,2485330,2429d8fa0d805a4a8544adee4db33c0e3be80b1e152c3e8967b15859ac16aff6,2026,2026-07-11T12:05:53+00:00,True,include,https://humancapital.worldbank.org/content/dam/sites/data/humancapital/pdf/Cyprus.pdf,WORLD_BANK_HCIPLUS:CYP:2026,raw:WORLD_BANK_HCIPLUS:CYP:2026
raw.V09STERfQkFOS19IQ0lQTFVTOkNZUDoyMDI2,WORLD_BANK_HCIPLUS,raw_snapshot,cyprus.pdf,pdf,application/pdf,2485330,2429d8fa0d805a4a8544adee4db33c0e3be80b1e152c3e8967b15859ac16aff6,2026,2026-07-11T11:45:45+00:00,False,include,https://humancapital.worldbank.org/content/dam/sites/data/humancapital/pdf/Cyprus.pdf,WORLD_BANK_HCIPLUS:CYP:2026,
artifact.cmF3OldPUkxEX0JBTktfSENJUExVUzpDWkU6MjAyNg,WORLD_BANK_HCIPLUS,raw_included,czechia.pdf,pdf,application/pdf,2465625,4ac846208e11064b16e2fd1222026085f43e92d10c8c237223134e944f7b6cf5,2026,2026-07-11T12:05:53+00:00,True,include,https://humancapital.worldbank.org/content/dam/sites/data/humancapital/pdf/Czechia.pdf,WORLD_BANK_HCIPLUS:CZE:2026,raw:WORLD_BANK_HCIPLUS:CZE:2026
raw.V09STERfQkFOS19IQ0lQTFVTOkNaRToyMDI2,WORLD_BANK_HCIPLUS,raw_snapshot,czechia.pdf,pdf,application/pdf,2465625,4ac846208e11064b16e2fd1222026085f43e92d10c8c237223134e944f7b6cf5,2026,2026-07-11T11:45:45+00:00,False,include,https://humancapital.worldbank.org/content/dam/sites/data/humancapital/pdf/Czechia.pdf,WORLD_BANK_HCIPLUS:CZE:2026,
artifact.cmF3OldPUkxEX0JBTktfSENJUExVUzpETks6MjAyNg,WORLD_BANK_HCIPLUS,raw_included,denmark.pdf,pdf,application/pdf,2476665,a466da64fa9eda81237a2508b102db24449c377ec7f2cedaaed27516995cd1ac,2026,2026-07-11T12:05:53+00:00,True,include,https://humancapital.worldbank.org/content/dam/sites/data/humancapital/pdf/Denmark.pdf,WORLD_BANK_HCIPLUS:DNK:2026,raw:WORLD_BANK_HCIPLUS:DNK:2026
raw.V09STERfQkFOS19IQ0lQTFVTOkROSzoyMDI2,WORLD_BANK_HCIPLUS,raw_snapshot,denmark.pdf,pdf,application/pdf,2476665,a466da64fa9eda81237a2508b102db24449c377ec7f2cedaaed27516995cd1ac,2026,2026-07-11T11:45:45+00:00,False,include,https://humancapital.worldbank.org/content/dam/sites/data/humancapital/pdf/Denmark.pdf,WORLD_BANK_HCIPLUS:DNK:2026,
artifact.cmF3OldPUkxEX0JBTktfSENJUExVUzpET006MjAyNg,WORLD_BANK_HCIPLUS,raw_included,dominican-republic.pdf,pdf,application/pdf,2517216,30a83a30be4fcbed764e088c8e3c3c0ff81fe76aa1ae4242c0f16861e96d0ba6,2026,2026-07-11T12:05:53+00:00,True,include,https://humancapital.worldbank.org/content/dam/sites/data/humancapital/pdf/Dominican-Republic.pdf,WORLD_BANK_HCIPLUS:DOM:2026,raw:WORLD_BANK_HCIPLUS:DOM:2026
raw.V09STERfQkFOS19IQ0lQTFVTOkRPTToyMDI2,WORLD_BANK_HCIPLUS,raw_snapshot,dominican-republic.pdf,pdf,application/pdf,2517216,30a83a30be4fcbed764e088c8e3c3c0ff81fe76aa1ae4242c0f16861e96d0ba6,2026,2026-07-11T11:45:45+00:00,False,include,https://humancapital.worldbank.org/content/dam/sites/data/humancapital/pdf/Dominican-Republic.pdf,WORLD_BANK_HCIPLUS:DOM:2026,
artifact.cmF3OldPUkxEX0JBTktfSENJUExVUzpDT0Q6MjAyNg,WORLD_BANK_HCIPLUS,raw_included,drc.pdf,pdf,application/pdf,2473624,c31dbdf99b7548fa3992be7fd263823aa5e4bb7cce12925a5f12edfde3c77a08,2026,2026-07-11T12:05:53+00:00,True,include,https://humancapital.worldbank.org/content/dam/sites/data/humancapital/pdf/DRC.pdf,WORLD_BANK_HCIPLUS:COD:2026,raw:WORLD_BANK_HCIPLUS:COD:2026
raw.V09STERfQkFOS19IQ0lQTFVTOkNPRDoyMDI2,WORLD_BANK_HCIPLUS,raw_snapshot,drc.pdf,pdf,application/pdf,2473624,c31dbdf99b7548fa3992be7fd263823aa5e4bb7cce12925a5f12edfde3c77a08,2026,2026-07-11T11:45:45+00:00,False,include,https://humancapital.worldbank.org/content/dam/sites/data/humancapital/pdf/DRC.pdf,WORLD_BANK_HCIPLUS:COD:2026,
artifact.cmF3OldPUkxEX0JBTktfSENJUExVUzpFQ1U6MjAyNg,WORLD_BANK_HCIPLUS,raw_included,ecuador.pdf,pdf,application/pdf,2479521,18f01aa9d96ad74f671bd83396e5103f9bba2778abe8df0ae668d29bb0958878,2026,2026-07-11T12:05:53+00:00,True,include,https://humancapital.worldbank.org/content/dam/sites/data/humancapital/pdf/Ecuador.pdf,WORLD_BANK_HCIPLUS:ECU:2026,raw:WORLD_BANK_HCIPLUS:ECU:2026
raw.V09STERfQkFOS19IQ0lQTFVTOkVDVToyMDI2,WORLD_BANK_HCIPLUS,raw_snapshot,ecuador.pdf,pdf,application/pdf,2479521,18f01aa9d96ad74f671bd83396e5103f9bba2778abe8df0ae668d29bb0958878,2026,2026-07-11T11:45:45+00:00,False,include,https://humancapital.worldbank.org/content/dam/sites/data/humancapital/pdf/Ecuador.pdf,WORLD_BANK_HCIPLUS:ECU:2026,
artifact.cmF3OldPUkxEX0JBTktfSENJUExVUzpFR1k6MjAyNg,WORLD_BANK_HCIPLUS,raw_included,egypt.pdf,pdf,application/pdf,2501774,a400318607b0ac1085dcd90f31daab2c6c29213ded593d3ec9f87aefb26b86d2,2026,2026-07-11T12:05:53+00:00,True,include,https://humancapital.worldbank.org/content/dam/sites/data/humancapital/pdf/Egypt.pdf,WORLD_BANK_HCIPLUS:EGY:2026,raw:WORLD_BANK_HCIPLUS:EGY:2026
raw.V09STERfQkFOS19IQ0lQTFVTOkVHWToyMDI2,WORLD_BANK_HCIPLUS,raw_snapshot,egypt.pdf,pdf,application/pdf,2501774,a400318607b0ac1085dcd90f31daab2c6c29213ded593d3ec9f87aefb26b86d2,2026,2026-07-11T11:45:45+00:00,False,include,https://humancapital.worldbank.org/content/dam/sites/data/humancapital/pdf/Egypt.pdf,WORLD_BANK_HCIPLUS:EGY:2026,
artifact.cmF3OldPUkxEX0JBTktfSENJUExVUzpTTFY6MjAyNg,WORLD_BANK_HCIPLUS,raw_included,el-salvador.pdf,pdf,application/pdf,2500030,396194e2e09fc095e29ef219323a16477adb56a3324faf6810cf6586fd0d7902,2026,2026-07-11T12:05:54+00:00,True,include,https://humancapital.worldbank.org/content/dam/sites/data/humancapital/pdf/El-Salvador.pdf,WORLD_BANK_HCIPLUS:SLV:2026,raw:WORLD_BANK_HCIPLUS:SLV:2026
raw.V09STERfQkFOS19IQ0lQTFVTOlNMVjoyMDI2,WORLD_BANK_HCIPLUS,raw_snapshot,el-salvador.pdf,pdf,application/pdf,2500030,396194e2e09fc095e29ef219323a16477adb56a3324faf6810cf6586fd0d7902,2026,2026-07-11T11:45:45+00:00,False,include,https://humancapital.worldbank.org/content/dam/sites/data/humancapital/pdf/El-Salvador.pdf,WORLD_BANK_HCIPLUS:SLV:2026,
artifact.cmF3OldPUkxEX0JBTktfSENJUExVUzpFU1Q6MjAyNg,WORLD_BANK_HCIPLUS,raw_included,estonia.pdf,pdf,application/pdf,2474097,c3edfae92d7d750e14fd5be0d5d593c0f06c71f4ef3a1823d3413107e47613d5,2026,2026-07-11T12:05:53+00:00,True,include,https://humancapital.worldbank.org/content/dam/sites/data/humancapital/pdf/Estonia.pdf,WORLD_BANK_HCIPLUS:EST:2026,raw:WORLD_BANK_HCIPLUS:EST:2026
raw.V09STERfQkFOS19IQ0lQTFVTOkVTVDoyMDI2,WORLD_BANK_HCIPLUS,raw_snapshot,estonia.pdf,pdf,application/pdf,2474097,c3edfae92d7d750e14fd5be0d5d593c0f06c71f4ef3a1823d3413107e47613d5,2026,2026-07-11T11:45:45+00:00,False,include,https://humancapital.worldbank.org/content/dam/sites/data/humancapital/pdf/Estonia.pdf,WORLD_BANK_HCIPLUS:EST:2026,
artifact.cmF3OldPUkxEX0JBTktfSENJUExVUzpTV1o6MjAyNg,WORLD_BANK_HCIPLUS,raw_included,eswatini.pdf,pdf,application/pdf,2481972,1047c7dfdf4b3aa35f2dbda7329455503c05a6b4b3d749c145813ed3fd66186b,2026,2026-07-11T12:05:54+00:00,True,include,https://humancapital.worldbank.org/content/dam/sites/data/humancapital/pdf/Eswatini.pdf,WORLD_BANK_HCIPLUS:SWZ:2026,raw:WORLD_BANK_HCIPLUS:SWZ:2026
raw.V09STERfQkFOS19IQ0lQTFVTOlNXWjoyMDI2,WORLD_BANK_HCIPLUS,raw_snapshot,eswatini.pdf,pdf,application/pdf,2481972,1047c7dfdf4b3aa35f2dbda7329455503c05a6b4b3d749c145813ed3fd66186b,2026,2026-07-11T11:45:45+00:00,False,include,https://humancapital.worldbank.org/content/dam/sites/data/humancapital/pdf/Eswatini.pdf,WORLD_BANK_HCIPLUS:SWZ:2026,
artifact.cmF3OldPUkxEX0JBTktfSENJUExVUzpFVEg6MjAyNg,WORLD_BANK_HCIPLUS,raw_included,ethiopia.pdf,pdf,application/pdf,2437162,041a1411a1711f5e6f6499e9fb31020add5764e64fc895950056ca884a3d0076,2026,2026-07-11T12:05:53+00:00,True,include,https://humancapital.worldbank.org/content/dam/sites/data/humancapital/pdf/Ethiopia.pdf,WORLD_BANK_HCIPLUS:ETH:2026,raw:WORLD_BANK_HCIPLUS:ETH:2026
raw.V09STERfQkFOS19IQ0lQTFVTOkVUSDoyMDI2,WORLD_BANK_HCIPLUS,raw_snapshot,ethiopia.pdf,pdf,application/pdf,2437162,041a1411a1711f5e6f6499e9fb31020add5764e64fc895950056ca884a3d0076,2026,2026-07-11T11:45:45+00:00,False,include,https://humancapital.worldbank.org/content/dam/sites/data/humancapital/pdf/Ethiopia.pdf,WORLD_BANK_HCIPLUS:ETH:2026,
artifact.cmF3OldPUkxEX0JBTktfSENJUExVUzpGSkk6MjAyNg,WORLD_BANK_HCIPLUS,raw_included,fiji.pdf,pdf,application/pdf,2404764,f6b4fe03c805a345e4d93b6679b2569ae54fac42bed678abc8610fdbf34ceed3,2026,2026-07-11T12:05:53+00:00,True,include,https://humancapital.worldbank.org/content/dam/sites/data/humancapital/pdf/Fiji.pdf,WORLD_BANK_HCIPLUS:FJI:2026,raw:WORLD_BANK_HCIPLUS:FJI:2026
raw.V09STERfQkFOS19IQ0lQTFVTOkZKSToyMDI2,WORLD_BANK_HCIPLUS,raw_snapshot,fiji.pdf,pdf,application/pdf,2404764,f6b4fe03c805a345e4d93b6679b2569ae54fac42bed678abc8610fdbf34ceed3,2026,2026-07-11T11:45:45+00:00,False,include,https://humancapital.worldbank.org/content/dam/sites/data/humancapital/pdf/Fiji.pdf,WORLD_BANK_HCIPLUS:FJI:2026,
artifact.cmF3OldPUkxEX0JBTktfSENJUExVUzpGSU46MjAyNg,WORLD_BANK_HCIPLUS,raw_included,finland.pdf,pdf,application/pdf,2456411,ca6cd7e96dbd261f569d49deb992821c001da129d75d04dd773f1502279a5134,2026,2026-07-11T12:05:53+00:00,True,include,https://humancapital.worldbank.org/content/dam/sites/data/humancapital/pdf/Finland.pdf,WORLD_BANK_HCIPLUS:FIN:2026,raw:WORLD_BANK_HCIPLUS:FIN:2026
raw.V09STERfQkFOS19IQ0lQTFVTOkZJTjoyMDI2,WORLD_BANK_HCIPLUS,raw_snapshot,finland.pdf,pdf,application/pdf,2456411,ca6cd7e96dbd261f569d49deb992821c001da129d75d04dd773f1502279a5134,2026,2026-07-11T11:45:45+00:00,False,include,https://humancapital.worldbank.org/content/dam/sites/data/humancapital/pdf/Finland.pdf,WORLD_BANK_HCIPLUS:FIN:2026,
artifact.cmF3OldPUkxEX0JBTktfSENJUExVUzpGUkE6MjAyNg,WORLD_BANK_HCIPLUS,raw_included,france.pdf,pdf,application/pdf,2462907,69dc544a64e23b16e8ce520dd01a78a7b12ef02446e84a9dcd9ecb2e040beff7,2026,2026-07-11T12:05:53+00:00,True,include,https://humancapital.worldbank.org/content/dam/sites/data/humancapital/pdf/France.pdf,WORLD_BANK_HCIPLUS:FRA:2026,raw:WORLD_BANK_HCIPLUS:FRA:2026
raw.V09STERfQkFOS19IQ0lQTFVTOkZSQToyMDI2,WORLD_BANK_HCIPLUS,raw_snapshot,france.pdf,pdf,application/pdf,2462907,69dc544a64e23b16e8ce520dd01a78a7b12ef02446e84a9dcd9ecb2e040beff7,2026,2026-07-11T11:45:45+00:00,False,include,https://humancapital.worldbank.org/content/dam/sites/data/humancapital/pdf/France.pdf,WORLD_BANK_HCIPLUS:FRA:2026,
artifact.cmF3OldPUkxEX0JBTktfSENJUExVUzpHQUI6MjAyNg,WORLD_BANK_HCIPLUS,raw_included,gabon.pdf,pdf,application/pdf,2474281,12536e47466eb294a6d4d1d3a00f6fe84ffdb00a2e1174b73c6f5a64651e88fd,2026,2026-07-11T12:05:53+00:00,True,include,https://humancapital.worldbank.org/content/dam/sites/data/humancapital/pdf/Gabon.pdf,WORLD_BANK_HCIPLUS:GAB:2026,raw:WORLD_BANK_HCIPLUS:GAB:2026
raw.V09STERfQkFOS19IQ0lQTFVTOkdBQjoyMDI2,WORLD_BANK_HCIPLUS,raw_snapshot,gabon.pdf,pdf,application/pdf,2474281,12536e47466eb294a6d4d1d3a00f6fe84ffdb00a2e1174b73c6f5a64651e88fd,2026,2026-07-11T11:45:45+00:00,False,include,https://humancapital.worldbank.org/content/dam/sites/data/humancapital/pdf/Gabon.pdf,WORLD_BANK_HCIPLUS:GAB:2026,
artifact.cmF3OldPUkxEX0JBTktfSENJUExVUzpHTUI6MjAyNg,WORLD_BANK_HCIPLUS,raw_included,gambia.pdf,pdf,application/pdf,2455243,16a437936d4cded5346cb0591e0f6787951087448644b92d19ce55752a0c685a,2026,2026-07-11T12:05:53+00:00,True,include,https://humancapital.worldbank.org/content/dam/sites/data/humancapital/pdf/Gambia.pdf,WORLD_BANK_HCIPLUS:GMB:2026,raw:WORLD_BANK_HCIPLUS:GMB:2026
raw.V09STERfQkFOS19IQ0lQTFVTOkdNQjoyMDI2,WORLD_BANK_HCIPLUS,raw_snapshot,gambia.pdf,pdf,application/pdf,2455243,16a437936d4cded5346cb0591e0f6787951087448644b92d19ce55752a0c685a,2026,2026-07-11T11:45:45+00:00,False,include,https://humancapital.worldbank.org/content/dam/sites/data/humancapital/pdf/Gambia.pdf,WORLD_BANK_HCIPLUS:GMB:2026,
artifact.cmF3OldPUkxEX0JBTktfSENJUExVUzpHRU86MjAyNg,WORLD_BANK_HCIPLUS,raw_included,georgia.pdf,pdf,application/pdf,2486995,0b5d7ce74bdd320cc7003695907bc5d7130d5cb0d5d8462fc0b449141014612c,2026,2026-07-11T12:05:53+00:00,True,include,https://humancapital.worldbank.org/content/dam/sites/data/humancapital/pdf/Georgia.pdf,WORLD_BANK_HCIPLUS:GEO:2026,raw:WORLD_BANK_HCIPLUS:GEO:2026
raw.V09STERfQkFOS19IQ0lQTFVTOkdFTzoyMDI2,WORLD_BANK_HCIPLUS,raw_snapshot,georgia.pdf,pdf,application/pdf,2486995,0b5d7ce74bdd320cc7003695907bc5d7130d5cb0d5d8462fc0b449141014612c,2026,2026-07-11T11:45:45+00:00,False,include,https://humancapital.worldbank.org/content/dam/sites/data/humancapital/pdf/Georgia.pdf,WORLD_BANK_HCIPLUS:GEO:2026,
artifact.cmF3OldPUkxEX0JBTktfSENJUExVUzpERVU6MjAyNg,WORLD_BANK_HCIPLUS,raw_included,germany.pdf,pdf,application/pdf,2489280,75e59410e9f2bc5caa4a7ee87787e5cca40e45bf1847ce6cdd33f8cac6bc3584,2026,2026-07-11T12:05:53+00:00,True,include,https://humancapital.worldbank.org/content/dam/sites/data/humancapital/pdf/Germany.pdf,WORLD_BANK_HCIPLUS:DEU:2026,raw:WORLD_BANK_HCIPLUS:DEU:2026
raw.V09STERfQkFOS19IQ0lQTFVTOkRFVToyMDI2,WORLD_BANK_HCIPLUS,raw_snapshot,germany.pdf,pdf,application/pdf,2489280,75e59410e9f2bc5caa4a7ee87787e5cca40e45bf1847ce6cdd33f8cac6bc3584,2026,2026-07-11T11:45:45+00:00,False,include,https://humancapital.worldbank.org/content/dam/sites/data/humancapital/pdf/Germany.pdf,WORLD_BANK_HCIPLUS:DEU:2026,
artifact.cmF3OldPUkxEX0JBTktfSENJUExVUzpHSEE6MjAyNg,WORLD_BANK_HCIPLUS,raw_included,ghana.pdf,pdf,application/pdf,2483226,16b9220776ed701011a7a6586e2249c8ad0652e53fbd9f396e84b6ef343e4183,2026,2026-07-11T12:05:53+00:00,True,include,https://humancapital.worldbank.org/content/dam/sites/data/humancapital/pdf/Ghana.pdf,WORLD_BANK_HCIPLUS:GHA:2026,raw:WORLD_BANK_HCIPLUS:GHA:2026
raw.V09STERfQkFOS19IQ0lQTFVTOkdIQToyMDI2,WORLD_BANK_HCIPLUS,raw_snapshot,ghana.pdf,pdf,application/pdf,2483226,16b9220776ed701011a7a6586e2249c8ad0652e53fbd9f396e84b6ef343e4183,2026,2026-07-11T11:45:45+00:00,False,include,https://humancapital.worldbank.org/content/dam/sites/data/humancapital/pdf/Ghana.pdf,WORLD_BANK_HCIPLUS:GHA:2026,
artifact.cmF3OldPUkxEX0JBTktfSENJUExVUzpHUkM6MjAyNg,WORLD_BANK_HCIPLUS,raw_included,greece.pdf,pdf,application/pdf,2460446,bfecfc20912cdb30c0176e908601dea3935baa31644446923ffd8b3a391b8300,2026,2026-07-11T12:05:53+00:00,True,include,https://humancapital.worldbank.org/content/dam/sites/data/humancapital/pdf/Greece.pdf,WORLD_BANK_HCIPLUS:GRC:2026,raw:WORLD_BANK_HCIPLUS:GRC:2026
raw.V09STERfQkFOS19IQ0lQTFVTOkdSQzoyMDI2,WORLD_BANK_HCIPLUS,raw_snapshot,greece.pdf,pdf,application/pdf,2460446,bfecfc20912cdb30c0176e908601dea3935baa31644446923ffd8b3a391b8300,2026,2026-07-11T11:45:45+00:00,False,include,https://humancapital.worldbank.org/content/dam/sites/data/humancapital/pdf/Greece.pdf,WORLD_BANK_HCIPLUS:GRC:2026,
artifact.cmF3OldPUkxEX0JBTktfSENJUExVUzpHUkQ6MjAyNg,WORLD_BANK_HCIPLUS,raw_included,grenada.pdf,pdf,application/pdf,2492891,088747d50bbe0f18efb99ea25180f4321128135bc0324680693c56d17ce4091c,2026,2026-07-11T12:05:53+00:00,True,include,https://humancapital.worldbank.org/content/dam/sites/data/humancapital/pdf/Grenada.pdf,WORLD_BANK_HCIPLUS:GRD:2026,raw:WORLD_BANK_HCIPLUS:GRD:2026
raw.V09STERfQkFOS19IQ0lQTFVTOkdSRDoyMDI2,WORLD_BANK_HCIPLUS,raw_snapshot,grenada.pdf,pdf,application/pdf,2492891,088747d50bbe0f18efb99ea25180f4321128135bc0324680693c56d17ce4091c,2026,2026-07-11T11:45:45+00:00,False,include,https://humancapital.worldbank.org/content/dam/sites/data/humancapital/pdf/Grenada.pdf,WORLD_BANK_HCIPLUS:GRD:2026,
artifact.cmF3OldPUkxEX0JBTktfSENJUExVUzpHVE06MjAyNg,WORLD_BANK_HCIPLUS,raw_included,guatemala.pdf,pdf,application/pdf,2486145,b80e18a32afef3746419128e468f3e2abe76939e436c0fc05a2ecc04f2c8d4c2,2026,2026-07-11T12:05:53+00:00,True,include,https://humancapital.worldbank.org/content/dam/sites/data/humancapital/pdf/Guatemala.pdf,WORLD_BANK_HCIPLUS:GTM:2026,raw:WORLD_BANK_HCIPLUS:GTM:2026
raw.V09STERfQkFOS19IQ0lQTFVTOkdUTToyMDI2,WORLD_BANK_HCIPLUS,raw_snapshot,guatemala.pdf,pdf,application/pdf,2486145,b80e18a32afef3746419128e468f3e2abe76939e436c0fc05a2ecc04f2c8d4c2,2026,2026-07-11T11:45:45+00:00,False,include,https://humancapital.worldbank.org/content/dam/sites/data/humancapital/pdf/Guatemala.pdf,WORLD_BANK_HCIPLUS:GTM:2026,
artifact.cmF3OldPUkxEX0JBTktfSENJUExVUzpHTkI6MjAyNg,WORLD_BANK_HCIPLUS,raw_included,guinea-bissau.pdf,pdf,application/pdf,2508876,8b2d6168f2c694af7492baefe4935b8867d663d32c0e22ac38717ab68c4cb692,2026,2026-07-11T12:05:53+00:00,True,include,https://humancapital.worldbank.org/content/dam/sites/data/humancapital/pdf/Guinea-Bissau.pdf,WORLD_BANK_HCIPLUS:GNB:2026,raw:WORLD_BANK_HCIPLUS:GNB:2026
raw.V09STERfQkFOS19IQ0lQTFVTOkdOQjoyMDI2,WORLD_BANK_HCIPLUS,raw_snapshot,guinea-bissau.pdf,pdf,application/pdf,2508876,8b2d6168f2c694af7492baefe4935b8867d663d32c0e22ac38717ab68c4cb692,2026,2026-07-11T11:45:45+00:00,False,include,https://humancapital.worldbank.org/content/dam/sites/data/humancapital/pdf/Guinea-Bissau.pdf,WORLD_BANK_HCIPLUS:GNB:2026,
artifact.cmF3OldPUkxEX0JBTktfSENJUExVUzpHSU46MjAyNg,WORLD_BANK_HCIPLUS,raw_included,guinea.pdf,pdf,application/pdf,2453211,85dc50549aa8b5f043031bb0fc52e19eb71c256ca2d1be864759903c464f85f6,2026,2026-07-11T12:05:53+00:00,True,include,https://humancapital.worldbank.org/content/dam/sites/data/humancapital/pdf/Guinea.pdf,WORLD_BANK_HCIPLUS:GIN:2026,raw:WORLD_BANK_HCIPLUS:GIN:2026
raw.V09STERfQkFOS19IQ0lQTFVTOkdJTjoyMDI2,WORLD_BANK_HCIPLUS,raw_snapshot,guinea.pdf,pdf,application/pdf,2453211,85dc50549aa8b5f043031bb0fc52e19eb71c256ca2d1be864759903c464f85f6,2026,2026-07-11T11:45:45+00:00,False,include,https://humancapital.worldbank.org/content/dam/sites/data/humancapital/pdf/Guinea.pdf,WORLD_BANK_HCIPLUS:GIN:2026,
artifact.cmF3OldPUkxEX0JBTktfSENJUExVUzpIVEk6MjAyNg,WORLD_BANK_HCIPLUS,raw_included,haiti.pdf,pdf,application/pdf,2407315,4ed64247839fe193f1f6f485d9058044599a6010d849e88c5a887b924d918fdc,2026,2026-07-11T12:05:53+00:00,True,include,https://humancapital.worldbank.org/content/dam/sites/data/humancapital/pdf/Haiti.pdf,WORLD_BANK_HCIPLUS:HTI:2026,raw:WORLD_BANK_HCIPLUS:HTI:2026
raw.V09STERfQkFOS19IQ0lQTFVTOkhUSToyMDI2,WORLD_BANK_HCIPLUS,raw_snapshot,haiti.pdf,pdf,application/pdf,2407315,4ed64247839fe193f1f6f485d9058044599a6010d849e88c5a887b924d918fdc,2026,2026-07-11T11:45:45+00:00,False,include,https://humancapital.worldbank.org/content/dam/sites/data/humancapital/pdf/Haiti.pdf,WORLD_BANK_HCIPLUS:HTI:2026,
artifact.cmF3OldPUkxEX0JBTktfSENJUExVUzpITkQ6MjAyNg,WORLD_BANK_HCIPLUS,raw_included,honduras.pdf,pdf,application/pdf,2489002,888def8b76ecc200610d6dd5ea34e5886fb212d367174afbe5c04e91827db806,2026,2026-07-11T12:05:53+00:00,True,include,https://humancapital.worldbank.org/content/dam/sites/data/humancapital/pdf/Honduras.pdf,WORLD_BANK_HCIPLUS:HND:2026,raw:WORLD_BANK_HCIPLUS:HND:2026
raw.V09STERfQkFOS19IQ0lQTFVTOkhORDoyMDI2,WORLD_BANK_HCIPLUS,raw_snapshot,honduras.pdf,pdf,application/pdf,2489002,888def8b76ecc200610d6dd5ea34e5886fb212d367174afbe5c04e91827db806,2026,2026-07-11T11:45:45+00:00,False,include,https://humancapital.worldbank.org/content/dam/sites/data/humancapital/pdf/Honduras.pdf,WORLD_BANK_HCIPLUS:HND:2026,
artifact.cmF3OldPUkxEX0JBTktfSENJUExVUzpIVU46MjAyNg,WORLD_BANK_HCIPLUS,raw_included,hungary.pdf,pdf,application/pdf,2486315,411053a7306e199f4b23002f8e900629d3b86f81758e795d76572ec4a0684844,2026,2026-07-11T12:05:53+00:00,True,include,https://humancapital.worldbank.org/content/dam/sites/data/humancapital/pdf/Hungary.pdf,WORLD_BANK_HCIPLUS:HUN:2026,raw:WORLD_BANK_HCIPLUS:HUN:2026
raw.V09STERfQkFOS19IQ0lQTFVTOkhVTjoyMDI2,WORLD_BANK_HCIPLUS,raw_snapshot,hungary.pdf,pdf,application/pdf,2486315,411053a7306e199f4b23002f8e900629d3b86f81758e795d76572ec4a0684844,2026,2026-07-11T11:45:45+00:00,False,include,https://humancapital.worldbank.org/content/dam/sites/data/humancapital/pdf/Hungary.pdf,WORLD_BANK_HCIPLUS:HUN:2026,
artifact.cmF3OldPUkxEX0JBTktfSENJUExVUzpJU0w6MjAyNg,WORLD_BANK_HCIPLUS,raw_included,iceland.pdf,pdf,application/pdf,2472666,6d761fe7db4c005d9e0d001ebe4733a05ad6c70485a604dedca0a48cf0b2c915,2026,2026-07-11T12:05:53+00:00,True,include,https://humancapital.worldbank.org/content/dam/sites/data/humancapital/pdf/Iceland.pdf,WORLD_BANK_HCIPLUS:ISL:2026,raw:WORLD_BANK_HCIPLUS:ISL:2026
raw.V09STERfQkFOS19IQ0lQTFVTOklTTDoyMDI2,WORLD_BANK_HCIPLUS,raw_snapshot,iceland.pdf,pdf,application/pdf,2472666,6d761fe7db4c005d9e0d001ebe4733a05ad6c70485a604dedca0a48cf0b2c915,2026,2026-07-11T11:45:45+00:00,False,include,https://humancapital.worldbank.org/content/dam/sites/data/humancapital/pdf/Iceland.pdf,WORLD_BANK_HCIPLUS:ISL:2026,
artifact.cmF3OldPUkxEX0JBTktfSENJUExVUzpJTkQ6MjAyNg,WORLD_BANK_HCIPLUS,raw_included,india.pdf,pdf,application/pdf,2429532,546806a1333087161d97d018d2ecd3ec542a76d42ab0d40a1211bdc7e7711312,2026,2026-07-11T12:05:53+00:00,True,include,https://humancapital.worldbank.org/content/dam/sites/data/humancapital/pdf/India.pdf,WORLD_BANK_HCIPLUS:IND:2026,raw:WORLD_BANK_HCIPLUS:IND:2026
raw.V09STERfQkFOS19IQ0lQTFVTOklORDoyMDI2,WORLD_BANK_HCIPLUS,raw_snapshot,india.pdf,pdf,application/pdf,2429532,546806a1333087161d97d018d2ecd3ec542a76d42ab0d40a1211bdc7e7711312,2026,2026-07-11T11:45:45+00:00,False,include,https://humancapital.worldbank.org/content/dam/sites/data/humancapital/pdf/India.pdf,WORLD_BANK_HCIPLUS:IND:2026,
artifact.cmF3OldPUkxEX0JBTktfSENJUExVUzpJRE46MjAyNg,WORLD_BANK_HCIPLUS,raw_included,indonesia.pdf,pdf,application/pdf,2479229,d73512c143de09aaf64620fb7f94db77900af1a0c6fe36812599207bfc5387bb,2026,2026-07-11T12:05:53+00:00,True,include,https://humancapital.worldbank.org/content/dam/sites/data/humancapital/pdf/Indonesia.pdf,WORLD_BANK_HCIPLUS:IDN:2026,raw:WORLD_BANK_HCIPLUS:IDN:2026
raw.V09STERfQkFOS19IQ0lQTFVTOklETjoyMDI2,WORLD_BANK_HCIPLUS,raw_snapshot,indonesia.pdf,pdf,application/pdf,2479229,d73512c143de09aaf64620fb7f94db77900af1a0c6fe36812599207bfc5387bb,2026,2026-07-11T11:45:45+00:00,False,include,https://humancapital.worldbank.org/content/dam/sites/data/humancapital/pdf/Indonesia.pdf,WORLD_BANK_HCIPLUS:IDN:2026,
artifact.cmF3OldPUkxEX0JBTktfSENJUExVUzpJUk46MjAyNg,WORLD_BANK_HCIPLUS,raw_included,iran.pdf,pdf,application/pdf,2499346,b2a4903af4bebf85b4ac4fcd7b497ba70519c6bfbfdc33daf52857356498ce61,2026,2026-07-11T12:05:53+00:00,True,include,https://humancapital.worldbank.org/content/dam/sites/data/humancapital/pdf/Iran.pdf,WORLD_BANK_HCIPLUS:IRN:2026,raw:WORLD_BANK_HCIPLUS:IRN:2026
raw.V09STERfQkFOS19IQ0lQTFVTOklSTjoyMDI2,WORLD_BANK_HCIPLUS,raw_snapshot,iran.pdf,pdf,application/pdf,2499346,b2a4903af4bebf85b4ac4fcd7b497ba70519c6bfbfdc33daf52857356498ce61,2026,2026-07-11T11:45:45+00:00,False,include,https://humancapital.worldbank.org/content/dam/sites/data/humancapital/pdf/Iran.pdf,WORLD_BANK_HCIPLUS:IRN:2026,
artifact.cmF3OldPUkxEX0JBTktfSENJUExVUzpJUkw6MjAyNg,WORLD_BANK_HCIPLUS,raw_included,ireland.pdf,pdf,application/pdf,2465028,f524afa3d88612855e9dfca5b445e243d6856789c79748a464c4d21ca18bdf9d,2026,2026-07-11T12:05:53+00:00,True,include,https://humancapital.worldbank.org/content/dam/sites/data/humancapital/pdf/Ireland.pdf,WORLD_BANK_HCIPLUS:IRL:2026,raw:WORLD_BANK_HCIPLUS:IRL:2026
raw.V09STERfQkFOS19IQ0lQTFVTOklSTDoyMDI2,WORLD_BANK_HCIPLUS,raw_snapshot,ireland.pdf,pdf,application/pdf,2465028,f524afa3d88612855e9dfca5b445e243d6856789c79748a464c4d21ca18bdf9d,2026,2026-07-11T11:45:45+00:00,False,include,https://humancapital.worldbank.org/content/dam/sites/data/humancapital/pdf/Ireland.pdf,WORLD_BANK_HCIPLUS:IRL:2026,
artifact.cmF3OldPUkxEX0JBTktfSENJUExVUzpJU1I6MjAyNg,WORLD_BANK_HCIPLUS,raw_included,israel.pdf,pdf,application/pdf,2474884,53a416ea64ee0f149df7aacca07b114e48f64ce78a7003ca84584b6c377fc7af,2026,2026-07-11T12:05:53+00:00,True,include,https://humancapital.worldbank.org/content/dam/sites/data/humancapital/pdf/Israel.pdf,WORLD_BANK_HCIPLUS:ISR:2026,raw:WORLD_BANK_HCIPLUS:ISR:2026
raw.V09STERfQkFOS19IQ0lQTFVTOklTUjoyMDI2,WORLD_BANK_HCIPLUS,raw_snapshot,israel.pdf,pdf,application/pdf,2474884,53a416ea64ee0f149df7aacca07b114e48f64ce78a7003ca84584b6c377fc7af,2026,2026-07-11T11:45:45+00:00,False,include,https://humancapital.worldbank.org/content/dam/sites/data/humancapital/pdf/Israel.pdf,WORLD_BANK_HCIPLUS:ISR:2026,
artifact.cmF3OldPUkxEX0JBTktfSENJUExVUzpJVEE6MjAyNg,WORLD_BANK_HCIPLUS,raw_included,italy.pdf,pdf,application/pdf,2437260,a512379a7c40b22bab1213d3b7d0feff9667ffba1e5e0cd63f21bb9b5d909adf,2026,2026-07-11T12:05:53+00:00,True,include,https://humancapital.worldbank.org/content/dam/sites/data/humancapital/pdf/Italy.pdf,WORLD_BANK_HCIPLUS:ITA:2026,raw:WORLD_BANK_HCIPLUS:ITA:2026
raw.V09STERfQkFOS19IQ0lQTFVTOklUQToyMDI2,WORLD_BANK_HCIPLUS,raw_snapshot,italy.pdf,pdf,application/pdf,2437260,a512379a7c40b22bab1213d3b7d0feff9667ffba1e5e0cd63f21bb9b5d909adf,2026,2026-07-11T11:45:45+00:00,False,include,https://humancapital.worldbank.org/content/dam/sites/data/humancapital/pdf/Italy.pdf,WORLD_BANK_HCIPLUS:ITA:2026,
artifact.cmF3OldPUkxEX0JBTktfSENJUExVUzpKQU06MjAyNg,WORLD_BANK_HCIPLUS,raw_included,jamaica.pdf,pdf,application/pdf,2490123,c1b631c6a2c2fb7d16c131d8f50ea31d37444afca93066ff8ef68e8b164c0b40,2026,2026-07-11T12:05:53+00:00,True,include,https://humancapital.worldbank.org/content/dam/sites/data/humancapital/pdf/Jamaica.pdf,WORLD_BANK_HCIPLUS:JAM:2026,raw:WORLD_BANK_HCIPLUS:JAM:2026
raw.V09STERfQkFOS19IQ0lQTFVTOkpBTToyMDI2,WORLD_BANK_HCIPLUS,raw_snapshot,jamaica.pdf,pdf,application/pdf,2490123,c1b631c6a2c2fb7d16c131d8f50ea31d37444afca93066ff8ef68e8b164c0b40,2026,2026-07-11T11:45:45+00:00,False,include,https://humancapital.worldbank.org/content/dam/sites/data/humancapital/pdf/Jamaica.pdf,WORLD_BANK_HCIPLUS:JAM:2026,
artifact.cmF3OldPUkxEX0JBTktfSENJUExVUzpKUE46MjAyNg,WORLD_BANK_HCIPLUS,raw_included,japan.pdf,pdf,application/pdf,2420386,9875b402cb47881ed3b2f0fa14fe732bc9b578c1b72e79a4150ba2a3f0027f34,2026,2026-07-11T12:05:53+00:00,True,include,https://humancapital.worldbank.org/content/dam/sites/data/humancapital/pdf/Japan.pdf,WORLD_BANK_HCIPLUS:JPN:2026,raw:WORLD_BANK_HCIPLUS:JPN:2026
raw.V09STERfQkFOS19IQ0lQTFVTOkpQTjoyMDI2,WORLD_BANK_HCIPLUS,raw_snapshot,japan.pdf,pdf,application/pdf,2420386,9875b402cb47881ed3b2f0fa14fe732bc9b578c1b72e79a4150ba2a3f0027f34,2026,2026-07-11T11:45:45+00:00,False,include,https://humancapital.worldbank.org/content/dam/sites/data/humancapital/pdf/Japan.pdf,WORLD_BANK_HCIPLUS:JPN:2026,
artifact.cmF3OldPUkxEX0JBTktfSENJUExVUzpKT1I6MjAyNg,WORLD_BANK_HCIPLUS,raw_included,jordan.pdf,pdf,application/pdf,2509567,709743ba82371f48d725ed48db0f2b4d343d7fc1eed58e8e6cf36f01747ad834,2026,2026-07-11T12:05:53+00:00,True,include,https://humancapital.worldbank.org/content/dam/sites/data/humancapital/pdf/Jordan.pdf,WORLD_BANK_HCIPLUS:JOR:2026,raw:WORLD_BANK_HCIPLUS:JOR:2026
raw.V09STERfQkFOS19IQ0lQTFVTOkpPUjoyMDI2,WORLD_BANK_HCIPLUS,raw_snapshot,jordan.pdf,pdf,application/pdf,2509567,709743ba82371f48d725ed48db0f2b4d343d7fc1eed58e8e6cf36f01747ad834,2026,2026-07-11T11:45:45+00:00,False,include,https://humancapital.worldbank.org/content/dam/sites/data/humancapital/pdf/Jordan.pdf,WORLD_BANK_HCIPLUS:JOR:2026,
artifact.cmF3OldPUkxEX0JBTktfSENJUExVUzpLQVo6MjAyNg,WORLD_BANK_HCIPLUS,raw_included,kazakhstan.pdf,pdf,application/pdf,2506390,39382195e1877c2d7c2bb425ee7eb300f113b66d7f6108a32cfb94ab675afe69,2026,2026-07-11T12:05:53+00:00,True,include,https://humancapital.worldbank.org/content/dam/sites/data/humancapital/pdf/Kazakhstan.pdf,WORLD_BANK_HCIPLUS:KAZ:2026,raw:WORLD_BANK_HCIPLUS:KAZ:2026
raw.V09STERfQkFOS19IQ0lQTFVTOktBWjoyMDI2,WORLD_BANK_HCIPLUS,raw_snapshot,kazakhstan.pdf,pdf,application/pdf,2506390,39382195e1877c2d7c2bb425ee7eb300f113b66d7f6108a32cfb94ab675afe69,2026,2026-07-11T11:45:45+00:00,False,include,https://humancapital.worldbank.org/content/dam/sites/data/humancapital/pdf/Kazakhstan.pdf,WORLD_BANK_HCIPLUS:KAZ:2026,
artifact.cmF3OldPUkxEX0JBTktfSENJUExVUzpLRU46MjAyNg,WORLD_BANK_HCIPLUS,raw_included,kenya.pdf,pdf,application/pdf,2454357,e1a9486b4102c8a4d90ba7ec6fbbf221259d868ce58c7794eae3a9bdb6f51627,2026,2026-07-11T12:05:53+00:00,True,include,https://humancapital.worldbank.org/content/dam/sites/data/humancapital/pdf/Kenya.pdf,WORLD_BANK_HCIPLUS:KEN:2026,raw:WORLD_BANK_HCIPLUS:KEN:2026
raw.V09STERfQkFOS19IQ0lQTFVTOktFTjoyMDI2,WORLD_BANK_HCIPLUS,raw_snapshot,kenya.pdf,pdf,application/pdf,2454357,e1a9486b4102c8a4d90ba7ec6fbbf221259d868ce58c7794eae3a9bdb6f51627,2026,2026-07-11T11:45:45+00:00,False,include,https://humancapital.worldbank.org/content/dam/sites/data/humancapital/pdf/Kenya.pdf,WORLD_BANK_HCIPLUS:KEN:2026,
artifact.cmF3OldPUkxEX0JBTktfSENJUExVUzpLSVI6MjAyNg,WORLD_BANK_HCIPLUS,raw_included,kiribati.pdf,pdf,application/pdf,2430041,0ff56977f79d52cd6848dd9dae4b8bdb6739d682e0be0d905282780484cd3ec7,2026,2026-07-11T12:05:53+00:00,True,include,https://humancapital.worldbank.org/content/dam/sites/data/humancapital/pdf/Kiribati.pdf,WORLD_BANK_HCIPLUS:KIR:2026,raw:WORLD_BANK_HCIPLUS:KIR:2026
raw.V09STERfQkFOS19IQ0lQTFVTOktJUjoyMDI2,WORLD_BANK_HCIPLUS,raw_snapshot,kiribati.pdf,pdf,application/pdf,2430041,0ff56977f79d52cd6848dd9dae4b8bdb6739d682e0be0d905282780484cd3ec7,2026,2026-07-11T11:45:45+00:00,False,include,https://humancapital.worldbank.org/content/dam/sites/data/humancapital/pdf/Kiribati.pdf,WORLD_BANK_HCIPLUS:KIR:2026,
artifact.cmF3OldPUkxEX0JBTktfSENJUExVUzpLV1Q6MjAyNg,WORLD_BANK_HCIPLUS,raw_included,kuwait.pdf,pdf,application/pdf,2486336,3c54d8a3b3a3be4a9e8cb4b7da65898ea7dd83643298cc02f5e5673d452771ee,2026,2026-07-11T12:05:53+00:00,True,include,https://humancapital.worldbank.org/content/dam/sites/data/humancapital/pdf/Kuwait.pdf,WORLD_BANK_HCIPLUS:KWT:2026,raw:WORLD_BANK_HCIPLUS:KWT:2026
raw.V09STERfQkFOS19IQ0lQTFVTOktXVDoyMDI2,WORLD_BANK_HCIPLUS,raw_snapshot,kuwait.pdf,pdf,application/pdf,2486336,3c54d8a3b3a3be4a9e8cb4b7da65898ea7dd83643298cc02f5e5673d452771ee,2026,2026-07-11T11:45:45+00:00,False,include,https://humancapital.worldbank.org/content/dam/sites/data/humancapital/pdf/Kuwait.pdf,WORLD_BANK_HCIPLUS:KWT:2026,
artifact.cmF3OldPUkxEX0JBTktfSENJUExVUzpLR1o6MjAyNg,WORLD_BANK_HCIPLUS,raw_included,kyrgyz-republic.pdf,pdf,application/pdf,2535717,da95b833bc9ba02724e12ba6a25d4bf2002341660fcb937de4536e74de16c4b4,2026,2026-07-11T12:05:53+00:00,True,include,https://humancapital.worldbank.org/content/dam/sites/data/humancapital/pdf/Kyrgyz-Republic.pdf,WORLD_BANK_HCIPLUS:KGZ:2026,raw:WORLD_BANK_HCIPLUS:KGZ:2026
raw.V09STERfQkFOS19IQ0lQTFVTOktHWjoyMDI2,WORLD_BANK_HCIPLUS,raw_snapshot,kyrgyz-republic.pdf,pdf,application/pdf,2535717,da95b833bc9ba02724e12ba6a25d4bf2002341660fcb937de4536e74de16c4b4,2026,2026-07-11T11:45:45+00:00,False,include,https://humancapital.worldbank.org/content/dam/sites/data/humancapital/pdf/Kyrgyz-Republic.pdf,WORLD_BANK_HCIPLUS:KGZ:2026,
artifact.cmF3OldPUkxEX0JBTktfSENJUExVUzpMQU86MjAyNg,WORLD_BANK_HCIPLUS,raw_included,lao-pdr.pdf,pdf,application/pdf,2480560,be30fdfaf80e24cc7c277f9a20aff9b81a6a5ab17f82f92fe936dc2b076d914f,2026,2026-07-11T12:05:53+00:00,True,include,https://humancapital.worldbank.org/content/dam/sites/data/humancapital/pdf/Lao-PDR.pdf,WORLD_BANK_HCIPLUS:LAO:2026,raw:WORLD_BANK_HCIPLUS:LAO:2026
raw.V09STERfQkFOS19IQ0lQTFVTOkxBTzoyMDI2,WORLD_BANK_HCIPLUS,raw_snapshot,lao-pdr.pdf,pdf,application/pdf,2480560,be30fdfaf80e24cc7c277f9a20aff9b81a6a5ab17f82f92fe936dc2b076d914f,2026,2026-07-11T11:45:45+00:00,False,include,https://humancapital.worldbank.org/content/dam/sites/data/humancapital/pdf/Lao-PDR.pdf,WORLD_BANK_HCIPLUS:LAO:2026,
artifact.cmF3OldPUkxEX0JBTktfSENJUExVUzpMVkE6MjAyNg,WORLD_BANK_HCIPLUS,raw_included,latvia.pdf,pdf,application/pdf,2448940,2517fc16c44edb2212408ac0e0e37fa00ea98f02a14c74a979dcf7cdd8b5c1b5,2026,2026-07-11T12:05:54+00:00,True,include,https://humancapital.worldbank.org/content/dam/sites/data/humancapital/pdf/Latvia.pdf,WORLD_BANK_HCIPLUS:LVA:2026,raw:WORLD_BANK_HCIPLUS:LVA:2026
raw.V09STERfQkFOS19IQ0lQTFVTOkxWQToyMDI2,WORLD_BANK_HCIPLUS,raw_snapshot,latvia.pdf,pdf,application/pdf,2448940,2517fc16c44edb2212408ac0e0e37fa00ea98f02a14c74a979dcf7cdd8b5c1b5,2026,2026-07-11T11:45:45+00:00,False,include,https://humancapital.worldbank.org/content/dam/sites/data/humancapital/pdf/Latvia.pdf,WORLD_BANK_HCIPLUS:LVA:2026,
artifact.cmF3OldPUkxEX0JBTktfSENJUExVUzpMQk46MjAyNg,WORLD_BANK_HCIPLUS,raw_included,lebanon.pdf,pdf,application/pdf,2502975,0fabd5e431ba0a55e3423880e333fbdc860e872f76ee82f3b784190643a3e0e2,2026,2026-07-11T12:05:53+00:00,True,include,https://humancapital.worldbank.org/content/dam/sites/data/humancapital/pdf/Lebanon.pdf,WORLD_BANK_HCIPLUS:LBN:2026,raw:WORLD_BANK_HCIPLUS:LBN:2026
raw.V09STERfQkFOS19IQ0lQTFVTOkxCTjoyMDI2,WORLD_BANK_HCIPLUS,raw_snapshot,lebanon.pdf,pdf,application/pdf,2502975,0fabd5e431ba0a55e3423880e333fbdc860e872f76ee82f3b784190643a3e0e2,2026,2026-07-11T11:45:45+00:00,False,include,https://humancapital.worldbank.org/content/dam/sites/data/humancapital/pdf/Lebanon.pdf,WORLD_BANK_HCIPLUS:LBN:2026,
artifact.cmF3OldPUkxEX0JBTktfSENJUExVUzpMU086MjAyNg,WORLD_BANK_HCIPLUS,raw_included,lesotho.pdf,pdf,application/pdf,2472710,e708b70c6cdb25cb163421e60342622aacf6c277a01c47940f594ae53012e013,2026,2026-07-11T12:05:54+00:00,True,include,https://humancapital.worldbank.org/content/dam/sites/data/humancapital/pdf/Lesotho.pdf,WORLD_BANK_HCIPLUS:LSO:2026,raw:WORLD_BANK_HCIPLUS:LSO:2026
raw.V09STERfQkFOS19IQ0lQTFVTOkxTTzoyMDI2,WORLD_BANK_HCIPLUS,raw_snapshot,lesotho.pdf,pdf,application/pdf,2472710,e708b70c6cdb25cb163421e60342622aacf6c277a01c47940f594ae53012e013,2026,2026-07-11T11:45:45+00:00,False,include,https://humancapital.worldbank.org/content/dam/sites/data/humancapital/pdf/Lesotho.pdf,WORLD_BANK_HCIPLUS:LSO:2026,
artifact.cmF3OldPUkxEX0JBTktfSENJUExVUzpMVFU6MjAyNg,WORLD_BANK_HCIPLUS,raw_included,lithuania.pdf,pdf,application/pdf,2464888,27f5d50b2ca9daa337856ed026f21c1d4aa5b5086f836b79c1a49847410eabbb,2026,2026-07-11T12:05:54+00:00,True,include,https://humancapital.worldbank.org/content/dam/sites/data/humancapital/pdf/Lithuania.pdf,WORLD_BANK_HCIPLUS:LTU:2026,raw:WORLD_BANK_HCIPLUS:LTU:2026
raw.V09STERfQkFOS19IQ0lQTFVTOkxUVToyMDI2,WORLD_BANK_HCIPLUS,raw_snapshot,lithuania.pdf,pdf,application/pdf,2464888,27f5d50b2ca9daa337856ed026f21c1d4aa5b5086f836b79c1a49847410eabbb,2026,2026-07-11T11:45:45+00:00,False,include,https://humancapital.worldbank.org/content/dam/sites/data/humancapital/pdf/Lithuania.pdf,WORLD_BANK_HCIPLUS:LTU:2026,
artifact.cmF3OldPUkxEX0JBTktfSENJUExVUzpMVVg6MjAyNg,WORLD_BANK_HCIPLUS,raw_included,luxembourg.pdf,pdf,application/pdf,2510654,1e17a5cb72461149fdf31d1a020e51d6d909ba34c5652e735ac6594b1c7e2545,2026,2026-07-11T12:05:54+00:00,True,include,https://humancapital.worldbank.org/content/dam/sites/data/humancapital/pdf/Luxembourg.pdf,WORLD_BANK_HCIPLUS:LUX:2026,raw:WORLD_BANK_HCIPLUS:LUX:2026
raw.V09STERfQkFOS19IQ0lQTFVTOkxVWDoyMDI2,WORLD_BANK_HCIPLUS,raw_snapshot,luxembourg.pdf,pdf,application/pdf,2510654,1e17a5cb72461149fdf31d1a020e51d6d909ba34c5652e735ac6594b1c7e2545,2026,2026-07-11T11:45:45+00:00,False,include,https://humancapital.worldbank.org/content/dam/sites/data/humancapital/pdf/Luxembourg.pdf,WORLD_BANK_HCIPLUS:LUX:2026,
artifact.cmF3OldPUkxEX0JBTktfSENJUExVUzpNREc6MjAyNg,WORLD_BANK_HCIPLUS,raw_included,madagascar.pdf,pdf,application/pdf,2528566,02cd718eeccc96960c283e148517d0c02c131752e875ff70b08d7b57c1f18e33,2026,2026-07-11T12:05:54+00:00,True,include,https://humancapital.worldbank.org/content/dam/sites/data/humancapital/pdf/Madagascar.pdf,WORLD_BANK_HCIPLUS:MDG:2026,raw:WORLD_BANK_HCIPLUS:MDG:2026
raw.V09STERfQkFOS19IQ0lQTFVTOk1ERzoyMDI2,WORLD_BANK_HCIPLUS,raw_snapshot,madagascar.pdf,pdf,application/pdf,2528566,02cd718eeccc96960c283e148517d0c02c131752e875ff70b08d7b57c1f18e33,2026,2026-07-11T11:45:45+00:00,False,include,https://humancapital.worldbank.org/content/dam/sites/data/humancapital/pdf/Madagascar.pdf,WORLD_BANK_HCIPLUS:MDG:2026,
artifact.cmF3OldPUkxEX0JBTktfSENJUExVUzpNV0k6MjAyNg,WORLD_BANK_HCIPLUS,raw_included,malawi.pdf,pdf,application/pdf,2451089,df21c9553152993bd80725557767f6919c250053ce19d602e7de4287f35dcd54,2026,2026-07-11T12:05:54+00:00,True,include,https://humancapital.worldbank.org/content/dam/sites/data/humancapital/pdf/Malawi.pdf,WORLD_BANK_HCIPLUS:MWI:2026,raw:WORLD_BANK_HCIPLUS:MWI:2026
raw.V09STERfQkFOS19IQ0lQTFVTOk1XSToyMDI2,WORLD_BANK_HCIPLUS,raw_snapshot,malawi.pdf,pdf,application/pdf,2451089,df21c9553152993bd80725557767f6919c250053ce19d602e7de4287f35dcd54,2026,2026-07-11T11:45:45+00:00,False,include,https://humancapital.worldbank.org/content/dam/sites/data/humancapital/pdf/Malawi.pdf,WORLD_BANK_HCIPLUS:MWI:2026,
artifact.cmF3OldPUkxEX0JBTktfSENJUExVUzpNWVM6MjAyNg,WORLD_BANK_HCIPLUS,raw_included,malaysia.pdf,pdf,application/pdf,2480377,eb877cacf93818e4a14c1ac78587769188da681df169d5df1d7455175e06740c,2026,2026-07-11T12:05:54+00:00,True,include,https://humancapital.worldbank.org/content/dam/sites/data/humancapital/pdf/Malaysia.pdf,WORLD_BANK_HCIPLUS:MYS:2026,raw:WORLD_BANK_HCIPLUS:MYS:2026
raw.V09STERfQkFOS19IQ0lQTFVTOk1ZUzoyMDI2,WORLD_BANK_HCIPLUS,raw_snapshot,malaysia.pdf,pdf,application/pdf,2480377,eb877cacf93818e4a14c1ac78587769188da681df169d5df1d7455175e06740c,2026,2026-07-11T11:45:45+00:00,False,include,https://humancapital.worldbank.org/content/dam/sites/data/humancapital/pdf/Malaysia.pdf,WORLD_BANK_HCIPLUS:MYS:2026,
artifact.cmF3OldPUkxEX0JBTktfSENJUExVUzpNTEk6MjAyNg,WORLD_BANK_HCIPLUS,raw_included,mali.pdf,pdf,application/pdf,2415424,fb2223726d044a6ff36c163391fb44d2a53843a9d7fb4fec05b5721877a4d7b3,2026,2026-07-11T12:05:54+00:00,True,include,https://humancapital.worldbank.org/content/dam/sites/data/humancapital/pdf/Mali.pdf,WORLD_BANK_HCIPLUS:MLI:2026,raw:WORLD_BANK_HCIPLUS:MLI:2026
raw.V09STERfQkFOS19IQ0lQTFVTOk1MSToyMDI2,WORLD_BANK_HCIPLUS,raw_snapshot,mali.pdf,pdf,application/pdf,2415424,fb2223726d044a6ff36c163391fb44d2a53843a9d7fb4fec05b5721877a4d7b3,2026,2026-07-11T11:45:45+00:00,False,include,https://humancapital.worldbank.org/content/dam/sites/data/humancapital/pdf/Mali.pdf,WORLD_BANK_HCIPLUS:MLI:2026,
artifact.cmF3OldPUkxEX0JBTktfSENJUExVUzpNTFQ6MjAyNg,WORLD_BANK_HCIPLUS,raw_included,malta.pdf,pdf,application/pdf,2468529,6c30edec9c15cedf1e5a9a04159655540841ea989856c74e04e9c5bc621b965d,2026,2026-07-11T12:05:54+00:00,True,include,https://humancapital.worldbank.org/content/dam/sites/data/humancapital/pdf/Malta.pdf,WORLD_BANK_HCIPLUS:MLT:2026,raw:WORLD_BANK_HCIPLUS:MLT:2026
raw.V09STERfQkFOS19IQ0lQTFVTOk1MVDoyMDI2,WORLD_BANK_HCIPLUS,raw_snapshot,malta.pdf,pdf,application/pdf,2468529,6c30edec9c15cedf1e5a9a04159655540841ea989856c74e04e9c5bc621b965d,2026,2026-07-11T11:45:45+00:00,False,include,https://humancapital.worldbank.org/content/dam/sites/data/humancapital/pdf/Malta.pdf,WORLD_BANK_HCIPLUS:MLT:2026,
artifact.cmF3OldPUkxEX0JBTktfSENJUExVUzpNSEw6MjAyNg,WORLD_BANK_HCIPLUS,raw_included,marshall-islands.pdf,pdf,application/pdf,2531141,038534974e475d7fba87da60de8680d01091c921104197a768869d49466c1fe0,2026,2026-07-11T12:05:54+00:00,True,include,https://humancapital.worldbank.org/content/dam/sites/data/humancapital/pdf/Marshall-Islands.pdf,WORLD_BANK_HCIPLUS:MHL:2026,raw:WORLD_BANK_HCIPLUS:MHL:2026
raw.V09STERfQkFOS19IQ0lQTFVTOk1ITDoyMDI2,WORLD_BANK_HCIPLUS,raw_snapshot,marshall-islands.pdf,pdf,application/pdf,2531141,038534974e475d7fba87da60de8680d01091c921104197a768869d49466c1fe0,2026,2026-07-11T11:45:45+00:00,False,include,https://humancapital.worldbank.org/content/dam/sites/data/humancapital/pdf/Marshall-Islands.pdf,WORLD_BANK_HCIPLUS:MHL:2026,
artifact.cmF3OldPUkxEX0JBTktfSENJUExVUzpNVVM6MjAyNg,WORLD_BANK_HCIPLUS,raw_included,mauritius.pdf,pdf,application/pdf,2474293,b725125d49211435ea8331bbcc65766af5a057090501f2b63043db4f22c05440,2026,2026-07-11T12:05:54+00:00,True,include,https://humancapital.worldbank.org/content/dam/sites/data/humancapital/pdf/Mauritius.pdf,WORLD_BANK_HCIPLUS:MUS:2026,raw:WORLD_BANK_HCIPLUS:MUS:2026
raw.V09STERfQkFOS19IQ0lQTFVTOk1VUzoyMDI2,WORLD_BANK_HCIPLUS,raw_snapshot,mauritius.pdf,pdf,application/pdf,2474293,b725125d49211435ea8331bbcc65766af5a057090501f2b63043db4f22c05440,2026,2026-07-11T11:45:45+00:00,False,include,https://humancapital.worldbank.org/content/dam/sites/data/humancapital/pdf/Mauritius.pdf,WORLD_BANK_HCIPLUS:MUS:2026,
artifact.cmF3OldPUkxEX0JBTktfSENJUExVUzpNRVg6MjAyNg,WORLD_BANK_HCIPLUS,raw_included,mexico.pdf,pdf,application/pdf,2474314,dc33972730cc78bc315430541bee06c43792a0b0f805a36916103ca96daa1c9b,2026,2026-07-11T12:05:54+00:00,True,include,https://humancapital.worldbank.org/content/dam/sites/data/humancapital/pdf/Mexico.pdf,WORLD_BANK_HCIPLUS:MEX:2026,raw:WORLD_BANK_HCIPLUS:MEX:2026
raw.V09STERfQkFOS19IQ0lQTFVTOk1FWDoyMDI2,WORLD_BANK_HCIPLUS,raw_snapshot,mexico.pdf,pdf,application/pdf,2474314,dc33972730cc78bc315430541bee06c43792a0b0f805a36916103ca96daa1c9b,2026,2026-07-11T11:45:45+00:00,False,include,https://humancapital.worldbank.org/content/dam/sites/data/humancapital/pdf/Mexico.pdf,WORLD_BANK_HCIPLUS:MEX:2026,
artifact.cmF3OldPUkxEX0JBTktfSENJUExVUzpNREE6MjAyNg,WORLD_BANK_HCIPLUS,raw_included,moldova.pdf,pdf,application/pdf,2496847,a6a65550a844bcdf57e04645d1292b9be956d0c983bd470f7eb322e62efc8ec0,2026,2026-07-11T12:05:54+00:00,True,include,https://humancapital.worldbank.org/content/dam/sites/data/humancapital/pdf/Moldova.pdf,WORLD_BANK_HCIPLUS:MDA:2026,raw:WORLD_BANK_HCIPLUS:MDA:2026
raw.V09STERfQkFOS19IQ0lQTFVTOk1EQToyMDI2,WORLD_BANK_HCIPLUS,raw_snapshot,moldova.pdf,pdf,application/pdf,2496847,a6a65550a844bcdf57e04645d1292b9be956d0c983bd470f7eb322e62efc8ec0,2026,2026-07-11T11:45:45+00:00,False,include,https://humancapital.worldbank.org/content/dam/sites/data/humancapital/pdf/Moldova.pdf,WORLD_BANK_HCIPLUS:MDA:2026,
artifact.cmF3OldPUkxEX0JBTktfSENJUExVUzpNTkc6MjAyNg,WORLD_BANK_HCIPLUS,raw_included,mongolia.pdf,pdf,application/pdf,2520130,eaa8bdf51e3bd93e22db62e75b173347b4fb37f37a5506006f7ad7ba33e2fb97,2026,2026-07-11T12:05:54+00:00,True,include,https://humancapital.worldbank.org/content/dam/sites/data/humancapital/pdf/Mongolia.pdf,WORLD_BANK_HCIPLUS:MNG:2026,raw:WORLD_BANK_HCIPLUS:MNG:2026
raw.V09STERfQkFOS19IQ0lQTFVTOk1ORzoyMDI2,WORLD_BANK_HCIPLUS,raw_snapshot,mongolia.pdf,pdf,application/pdf,2520130,eaa8bdf51e3bd93e22db62e75b173347b4fb37f37a5506006f7ad7ba33e2fb97,2026,2026-07-11T11:45:45+00:00,False,include,https://humancapital.worldbank.org/content/dam/sites/data/humancapital/pdf/Mongolia.pdf,WORLD_BANK_HCIPLUS:MNG:2026,
artifact.cmF3OldPUkxEX0JBTktfSENJUExVUzpNTkU6MjAyNg,WORLD_BANK_HCIPLUS,raw_included,montenegro.pdf,pdf,application/pdf,2513301,09a94f343e000aeb0bb0453faec4ad3932c4eddba80ccf55dc2591cffafd05bd,2026,2026-07-11T12:05:54+00:00,True,include,https://humancapital.worldbank.org/content/dam/sites/data/humancapital/pdf/Montenegro.pdf,WORLD_BANK_HCIPLUS:MNE:2026,raw:WORLD_BANK_HCIPLUS:MNE:2026
raw.V09STERfQkFOS19IQ0lQTFVTOk1ORToyMDI2,WORLD_BANK_HCIPLUS,raw_snapshot,montenegro.pdf,pdf,application/pdf,2513301,09a94f343e000aeb0bb0453faec4ad3932c4eddba80ccf55dc2591cffafd05bd,2026,2026-07-11T11:45:45+00:00,False,include,https://humancapital.worldbank.org/content/dam/sites/data/humancapital/pdf/Montenegro.pdf,WORLD_BANK_HCIPLUS:MNE:2026,
artifact.cmF3OldPUkxEX0JBTktfSENJUExVUzpNQVI6MjAyNg,WORLD_BANK_HCIPLUS,raw_included,morocco.pdf,pdf,application/pdf,2519659,f4b45335e40da51bd6ecc73411e3f2bd9ae56373c5dd46fcb05680869cc878fb,2026,2026-07-11T12:05:54+00:00,True,include,https://humancapital.worldbank.org/content/dam/sites/data/humancapital/pdf/Morocco.pdf,WORLD_BANK_HCIPLUS:MAR:2026,raw:WORLD_BANK_HCIPLUS:MAR:2026
raw.V09STERfQkFOS19IQ0lQTFVTOk1BUjoyMDI2,WORLD_BANK_HCIPLUS,raw_snapshot,morocco.pdf,pdf,application/pdf,2519659,f4b45335e40da51bd6ecc73411e3f2bd9ae56373c5dd46fcb05680869cc878fb,2026,2026-07-11T11:45:45+00:00,False,include,https://humancapital.worldbank.org/content/dam/sites/data/humancapital/pdf/Morocco.pdf,WORLD_BANK_HCIPLUS:MAR:2026,
artifact.cmF3OldPUkxEX0JBTktfSENJUExVUzpNTVI6MjAyNg,WORLD_BANK_HCIPLUS,raw_included,myanmar.pdf,pdf,application/pdf,2468850,28671d97e2f07abe4c5f77150517a38009ce7e541afbd782d3c7b4469f67d7a6,2026,2026-07-11T12:05:54+00:00,True,include,https://humancapital.worldbank.org/content/dam/sites/data/humancapital/pdf/Myanmar.pdf,WORLD_BANK_HCIPLUS:MMR:2026,raw:WORLD_BANK_HCIPLUS:MMR:2026
raw.V09STERfQkFOS19IQ0lQTFVTOk1NUjoyMDI2,WORLD_BANK_HCIPLUS,raw_snapshot,myanmar.pdf,pdf,application/pdf,2468850,28671d97e2f07abe4c5f77150517a38009ce7e541afbd782d3c7b4469f67d7a6,2026,2026-07-11T11:45:45+00:00,False,include,https://humancapital.worldbank.org/content/dam/sites/data/humancapital/pdf/Myanmar.pdf,WORLD_BANK_HCIPLUS:MMR:2026,
artifact.cmF3OldPUkxEX0JBTktfSENJUExVUzpOQU06MjAyNg,WORLD_BANK_HCIPLUS,raw_included,namibia.pdf,pdf,application/pdf,2469615,6d643119bf62286b010a969176d7bbfb635ea0fa8d7fc94bcc09a56bf15602fa,2026,2026-07-11T12:05:54+00:00,True,include,https://humancapital.worldbank.org/content/dam/sites/data/humancapital/pdf/Namibia.pdf,WORLD_BANK_HCIPLUS:NAM:2026,raw:WORLD_BANK_HCIPLUS:NAM:2026
raw.V09STERfQkFOS19IQ0lQTFVTOk5BTToyMDI2,WORLD_BANK_HCIPLUS,raw_snapshot,namibia.pdf,pdf,application/pdf,2469615,6d643119bf62286b010a969176d7bbfb635ea0fa8d7fc94bcc09a56bf15602fa,2026,2026-07-11T11:45:45+00:00,False,include,https://humancapital.worldbank.org/content/dam/sites/data/humancapital/pdf/Namibia.pdf,WORLD_BANK_HCIPLUS:NAM:2026,
artifact.cmF3OldPUkxEX0JBTktfSENJUExVUzpOUlU6MjAyNg,WORLD_BANK_HCIPLUS,raw_included,nauru.pdf,pdf,application/pdf,2408388,87d0345c12efa68505defc44784d9081fe1d755ade109e014e2debe706428dbe,2026,2026-07-11T12:05:54+00:00,True,include,https://humancapital.worldbank.org/content/dam/sites/data/humancapital/pdf/Nauru.pdf,WORLD_BANK_HCIPLUS:NRU:2026,raw:WORLD_BANK_HCIPLUS:NRU:2026
raw.V09STERfQkFOS19IQ0lQTFVTOk5SVToyMDI2,WORLD_BANK_HCIPLUS,raw_snapshot,nauru.pdf,pdf,application/pdf,2408388,87d0345c12efa68505defc44784d9081fe1d755ade109e014e2debe706428dbe,2026,2026-07-11T11:45:45+00:00,False,include,https://humancapital.worldbank.org/content/dam/sites/data/humancapital/pdf/Nauru.pdf,WORLD_BANK_HCIPLUS:NRU:2026,
artifact.cmF3OldPUkxEX0JBTktfSENJUExVUzpOUEw6MjAyNg,WORLD_BANK_HCIPLUS,raw_included,nepal.pdf,pdf,application/pdf,2433916,171ba83976642dbb1b321057596aeb2aeecf09fe1a6ec160cfa7c5a0100c5170,2026,2026-07-11T12:05:54+00:00,True,include,https://humancapital.worldbank.org/content/dam/sites/data/humancapital/pdf/Nepal.pdf,WORLD_BANK_HCIPLUS:NPL:2026,raw:WORLD_BANK_HCIPLUS:NPL:2026
raw.V09STERfQkFOS19IQ0lQTFVTOk5QTDoyMDI2,WORLD_BANK_HCIPLUS,raw_snapshot,nepal.pdf,pdf,application/pdf,2433916,171ba83976642dbb1b321057596aeb2aeecf09fe1a6ec160cfa7c5a0100c5170,2026,2026-07-11T11:45:45+00:00,False,include,https://humancapital.worldbank.org/content/dam/sites/data/humancapital/pdf/Nepal.pdf,WORLD_BANK_HCIPLUS:NPL:2026,
artifact.cmF3OldPUkxEX0JBTktfSENJUExVUzpOTEQ6MjAyNg,WORLD_BANK_HCIPLUS,raw_included,netherlands.pdf,pdf,application/pdf,2491665,ad711b009c1487712f2d2f3a30ba938d04a90551a0db4a28c8d0e10d7d9e18c4,2026,2026-07-11T12:05:54+00:00,True,include,https://humancapital.worldbank.org/content/dam/sites/data/humancapital/pdf/Netherlands.pdf,WORLD_BANK_HCIPLUS:NLD:2026,raw:WORLD_BANK_HCIPLUS:NLD:2026
raw.V09STERfQkFOS19IQ0lQTFVTOk5MRDoyMDI2,WORLD_BANK_HCIPLUS,raw_snapshot,netherlands.pdf,pdf,application/pdf,2491665,ad711b009c1487712f2d2f3a30ba938d04a90551a0db4a28c8d0e10d7d9e18c4,2026,2026-07-11T11:45:45+00:00,False,include,https://humancapital.worldbank.org/content/dam/sites/data/humancapital/pdf/Netherlands.pdf,WORLD_BANK_HCIPLUS:NLD:2026,
artifact.cmF3OldPUkxEX0JBTktfSENJUExVUzpOWkw6MjAyNg,WORLD_BANK_HCIPLUS,raw_included,new-zealand.pdf,pdf,application/pdf,2485863,7c0f3d7f68b7ff58a3c02bd39feea7cd4fa1897fba26eeb78c48d2bcf28a89b0,2026,2026-07-11T12:05:54+00:00,True,include,https://humancapital.worldbank.org/content/dam/sites/data/humancapital/pdf/New-Zealand.pdf,WORLD_BANK_HCIPLUS:NZL:2026,raw:WORLD_BANK_HCIPLUS:NZL:2026
raw.V09STERfQkFOS19IQ0lQTFVTOk5aTDoyMDI2,WORLD_BANK_HCIPLUS,raw_snapshot,new-zealand.pdf,pdf,application/pdf,2485863,7c0f3d7f68b7ff58a3c02bd39feea7cd4fa1897fba26eeb78c48d2bcf28a89b0,2026,2026-07-11T11:45:45+00:00,False,include,https://humancapital.worldbank.org/content/dam/sites/data/humancapital/pdf/New-Zealand.pdf,WORLD_BANK_HCIPLUS:NZL:2026,
artifact.cmF3OldPUkxEX0JBTktfSENJUExVUzpOSUM6MjAyNg,WORLD_BANK_HCIPLUS,raw_included,nicaragua.pdf,pdf,application/pdf,2507073,e2aa71e204677c532acbfcc4577b6d544ba2021bcac9350634fd9d85b593356f,2026,2026-07-11T12:05:54+00:00,True,include,https://humancapital.worldbank.org/content/dam/sites/data/humancapital/pdf/Nicaragua.pdf,WORLD_BANK_HCIPLUS:NIC:2026,raw:WORLD_BANK_HCIPLUS:NIC:2026
raw.V09STERfQkFOS19IQ0lQTFVTOk5JQzoyMDI2,WORLD_BANK_HCIPLUS,raw_snapshot,nicaragua.pdf,pdf,application/pdf,2507073,e2aa71e204677c532acbfcc4577b6d544ba2021bcac9350634fd9d85b593356f,2026,2026-07-11T11:45:45+00:00,False,include,https://humancapital.worldbank.org/content/dam/sites/data/humancapital/pdf/Nicaragua.pdf,WORLD_BANK_HCIPLUS:NIC:2026,
artifact.cmF3OldPUkxEX0JBTktfSENJUExVUzpORVI6MjAyNg,WORLD_BANK_HCIPLUS,raw_included,niger.pdf,pdf,application/pdf,2429369,c8d407c4f9a225c0ba54bea773d0930a9a92fb068d98b50daee52674d1e860d8,2026,2026-07-11T12:05:54+00:00,True,include,https://humancapital.worldbank.org/content/dam/sites/data/humancapital/pdf/Niger.pdf,WORLD_BANK_HCIPLUS:NER:2026,raw:WORLD_BANK_HCIPLUS:NER:2026
raw.V09STERfQkFOS19IQ0lQTFVTOk5FUjoyMDI2,WORLD_BANK_HCIPLUS,raw_snapshot,niger.pdf,pdf,application/pdf,2429369,c8d407c4f9a225c0ba54bea773d0930a9a92fb068d98b50daee52674d1e860d8,2026,2026-07-11T11:45:45+00:00,False,include,https://humancapital.worldbank.org/content/dam/sites/data/humancapital/pdf/Niger.pdf,WORLD_BANK_HCIPLUS:NER:2026,
artifact.cmF3OldPUkxEX0JBTktfSENJUExVUzpOR0E6MjAyNg,WORLD_BANK_HCIPLUS,raw_included,nigeria.pdf,pdf,application/pdf,2466488,37871c2079576b76fda4eb4a07dc312f7e9a7f2e07ff1aec2821273705d7e294,2026,2026-07-11T12:05:54+00:00,True,include,https://humancapital.worldbank.org/content/dam/sites/data/humancapital/pdf/Nigeria.pdf,WORLD_BANK_HCIPLUS:NGA:2026,raw:WORLD_BANK_HCIPLUS:NGA:2026
raw.V09STERfQkFOS19IQ0lQTFVTOk5HQToyMDI2,WORLD_BANK_HCIPLUS,raw_snapshot,nigeria.pdf,pdf,application/pdf,2466488,37871c2079576b76fda4eb4a07dc312f7e9a7f2e07ff1aec2821273705d7e294,2026,2026-07-11T11:45:45+00:00,False,include,https://humancapital.worldbank.org/content/dam/sites/data/humancapital/pdf/Nigeria.pdf,WORLD_BANK_HCIPLUS:NGA:2026,
artifact.cmF3OldPUkxEX0JBTktfSENJUExVUzpNS0Q6MjAyNg,WORLD_BANK_HCIPLUS,raw_included,north-macedonia.pdf,pdf,application/pdf,2522399,15524a09463bbe3c5947ae7aadacd04cc9311e780a1522024e215ef4fd738d93,2026,2026-07-11T12:05:54+00:00,True,include,https://humancapital.worldbank.org/content/dam/sites/data/humancapital/pdf/North-Macedonia.pdf,WORLD_BANK_HCIPLUS:MKD:2026,raw:WORLD_BANK_HCIPLUS:MKD:2026
raw.V09STERfQkFOS19IQ0lQTFVTOk1LRDoyMDI2,WORLD_BANK_HCIPLUS,raw_snapshot,north-macedonia.pdf,pdf,application/pdf,2522399,15524a09463bbe3c5947ae7aadacd04cc9311e780a1522024e215ef4fd738d93,2026,2026-07-11T11:45:45+00:00,False,include,https://humancapital.worldbank.org/content/dam/sites/data/humancapital/pdf/North-Macedonia.pdf,WORLD_BANK_HCIPLUS:MKD:2026,
artifact.cmF3OldPUkxEX0JBTktfSENJUExVUzpOT1I6MjAyNg,WORLD_BANK_HCIPLUS,raw_included,norway.pdf,pdf,application/pdf,2498806,65428d231a8e6defbd625174483ded33d19bb96793fd949484a8cffe569e34dd,2026,2026-07-11T12:05:54+00:00,True,include,https://humancapital.worldbank.org/content/dam/sites/data/humancapital/pdf/Norway.pdf,WORLD_BANK_HCIPLUS:NOR:2026,raw:WORLD_BANK_HCIPLUS:NOR:2026
raw.V09STERfQkFOS19IQ0lQTFVTOk5PUjoyMDI2,WORLD_BANK_HCIPLUS,raw_snapshot,norway.pdf,pdf,application/pdf,2498806,65428d231a8e6defbd625174483ded33d19bb96793fd949484a8cffe569e34dd,2026,2026-07-11T11:45:45+00:00,False,include,https://humancapital.worldbank.org/content/dam/sites/data/humancapital/pdf/Norway.pdf,WORLD_BANK_HCIPLUS:NOR:2026,
artifact.cmF3OldPUkxEX0JBTktfSENJUExVUzpPTU46MjAyNg,WORLD_BANK_HCIPLUS,raw_included,oman.pdf,pdf,application/pdf,2481511,d01cc4ca47539bc201eb04186a3722e2eb235c5ae5618740f1d14751bd1dedaa,2026,2026-07-11T12:05:54+00:00,True,include,https://humancapital.worldbank.org/content/dam/sites/data/humancapital/pdf/Oman.pdf,WORLD_BANK_HCIPLUS:OMN:2026,raw:WORLD_BANK_HCIPLUS:OMN:2026
raw.V09STERfQkFOS19IQ0lQTFVTOk9NTjoyMDI2,WORLD_BANK_HCIPLUS,raw_snapshot,oman.pdf,pdf,application/pdf,2481511,d01cc4ca47539bc201eb04186a3722e2eb235c5ae5618740f1d14751bd1dedaa,2026,2026-07-11T11:45:45+00:00,False,include,https://humancapital.worldbank.org/content/dam/sites/data/humancapital/pdf/Oman.pdf,WORLD_BANK_HCIPLUS:OMN:2026,
artifact.cmF3OldPUkxEX0JBTktfSENJUExVUzpQQUs6MjAyNg,WORLD_BANK_HCIPLUS,raw_included,pakistan.pdf,pdf,application/pdf,2493996,99dc6fd6e2bf8d03f0d641e0c667979217bdbf847f4ac5224ec139b2ab944f73,2026,2026-07-11T12:05:54+00:00,True,include,https://humancapital.worldbank.org/content/dam/sites/data/humancapital/pdf/Pakistan.pdf,WORLD_BANK_HCIPLUS:PAK:2026,raw:WORLD_BANK_HCIPLUS:PAK:2026
raw.V09STERfQkFOS19IQ0lQTFVTOlBBSzoyMDI2,WORLD_BANK_HCIPLUS,raw_snapshot,pakistan.pdf,pdf,application/pdf,2493996,99dc6fd6e2bf8d03f0d641e0c667979217bdbf847f4ac5224ec139b2ab944f73,2026,2026-07-11T11:45:45+00:00,False,include,https://humancapital.worldbank.org/content/dam/sites/data/humancapital/pdf/Pakistan.pdf,WORLD_BANK_HCIPLUS:PAK:2026,
artifact.cmF3OldPUkxEX0JBTktfSENJUExVUzpQTFc6MjAyNg,WORLD_BANK_HCIPLUS,raw_included,palau.pdf,pdf,application/pdf,2419641,027c0b2a938d4024d571657638778c34c14f09569b534b872a814dec7611e59c,2026,2026-07-11T12:05:54+00:00,True,include,https://humancapital.worldbank.org/content/dam/sites/data/humancapital/pdf/Palau.pdf,WORLD_BANK_HCIPLUS:PLW:2026,raw:WORLD_BANK_HCIPLUS:PLW:2026
raw.V09STERfQkFOS19IQ0lQTFVTOlBMVzoyMDI2,WORLD_BANK_HCIPLUS,raw_snapshot,palau.pdf,pdf,application/pdf,2419641,027c0b2a938d4024d571657638778c34c14f09569b534b872a814dec7611e59c,2026,2026-07-11T11:45:45+00:00,False,include,https://humancapital.worldbank.org/content/dam/sites/data/humancapital/pdf/Palau.pdf,WORLD_BANK_HCIPLUS:PLW:2026,
artifact.cmF3OldPUkxEX0JBTktfSENJUExVUzpQQU46MjAyNg,WORLD_BANK_HCIPLUS,raw_included,panama.pdf,pdf,application/pdf,2458766,a37fb931aadb1482f872cfa36c340b7f02947d272ea739cc173f63e2a1441751,2026,2026-07-11T12:05:54+00:00,True,include,https://humancapital.worldbank.org/content/dam/sites/data/humancapital/pdf/Panama.pdf,WORLD_BANK_HCIPLUS:PAN:2026,raw:WORLD_BANK_HCIPLUS:PAN:2026
raw.V09STERfQkFOS19IQ0lQTFVTOlBBTjoyMDI2,WORLD_BANK_HCIPLUS,raw_snapshot,panama.pdf,pdf,application/pdf,2458766,a37fb931aadb1482f872cfa36c340b7f02947d272ea739cc173f63e2a1441751,2026,2026-07-11T11:45:45+00:00,False,include,https://humancapital.worldbank.org/content/dam/sites/data/humancapital/pdf/Panama.pdf,WORLD_BANK_HCIPLUS:PAN:2026,
artifact.cmF3OldPUkxEX0JBTktfSENJUExVUzpQUlk6MjAyNg,WORLD_BANK_HCIPLUS,raw_included,paraguay.pdf,pdf,application/pdf,2496134,4170204f03feba6bb78b64306ca52d089406f38932e7ff03d69252a548a7504a,2026,2026-07-11T12:05:54+00:00,True,include,https://humancapital.worldbank.org/content/dam/sites/data/humancapital/pdf/Paraguay.pdf,WORLD_BANK_HCIPLUS:PRY:2026,raw:WORLD_BANK_HCIPLUS:PRY:2026
raw.V09STERfQkFOS19IQ0lQTFVTOlBSWToyMDI2,WORLD_BANK_HCIPLUS,raw_snapshot,paraguay.pdf,pdf,application/pdf,2496134,4170204f03feba6bb78b64306ca52d089406f38932e7ff03d69252a548a7504a,2026,2026-07-11T11:45:45+00:00,False,include,https://humancapital.worldbank.org/content/dam/sites/data/humancapital/pdf/Paraguay.pdf,WORLD_BANK_HCIPLUS:PRY:2026,
artifact.cmF3OldPUkxEX0JBTktfSENJUExVUzpQRVI6MjAyNg,WORLD_BANK_HCIPLUS,raw_included,peru.pdf,pdf,application/pdf,2429447,84682ab3821084fd95614180f448c5cc68caf8d2dc1c301a9e6585b2d4b74757,2026,2026-07-11T12:05:54+00:00,True,include,https://humancapital.worldbank.org/content/dam/sites/data/humancapital/pdf/Peru.pdf,WORLD_BANK_HCIPLUS:PER:2026,raw:WORLD_BANK_HCIPLUS:PER:2026
raw.V09STERfQkFOS19IQ0lQTFVTOlBFUjoyMDI2,WORLD_BANK_HCIPLUS,raw_snapshot,peru.pdf,pdf,application/pdf,2429447,84682ab3821084fd95614180f448c5cc68caf8d2dc1c301a9e6585b2d4b74757,2026,2026-07-11T11:45:45+00:00,False,include,https://humancapital.worldbank.org/content/dam/sites/data/humancapital/pdf/Peru.pdf,WORLD_BANK_HCIPLUS:PER:2026,
artifact.cmF3OldPUkxEX0JBTktfSENJUExVUzpQSEw6MjAyNg,WORLD_BANK_HCIPLUS,raw_included,philippines.pdf,pdf,application/pdf,2448950,77b9226dca120ecba01b318eda91cd9207fddbfc444755240f8a184bab1ed0e3,2026,2026-07-11T12:05:54+00:00,True,include,https://humancapital.worldbank.org/content/dam/sites/data/humancapital/pdf/Philippines.pdf,WORLD_BANK_HCIPLUS:PHL:2026,raw:WORLD_BANK_HCIPLUS:PHL:2026
raw.V09STERfQkFOS19IQ0lQTFVTOlBITDoyMDI2,WORLD_BANK_HCIPLUS,raw_snapshot,philippines.pdf,pdf,application/pdf,2448950,77b9226dca120ecba01b318eda91cd9207fddbfc444755240f8a184bab1ed0e3,2026,2026-07-11T11:45:45+00:00,False,include,https://humancapital.worldbank.org/content/dam/sites/data/humancapital/pdf/Philippines.pdf,WORLD_BANK_HCIPLUS:PHL:2026,
artifact.cmF3OldPUkxEX0JBTktfSENJUExVUzpQT0w6MjAyNg,WORLD_BANK_HCIPLUS,raw_included,poland.pdf,pdf,application/pdf,2478964,8ce142632f118f0c30b43d0bd3b3bbfd0d7cd2de9250963764731102f0a2b124,2026,2026-07-11T12:05:54+00:00,True,include,https://humancapital.worldbank.org/content/dam/sites/data/humancapital/pdf/Poland.pdf,WORLD_BANK_HCIPLUS:POL:2026,raw:WORLD_BANK_HCIPLUS:POL:2026
raw.V09STERfQkFOS19IQ0lQTFVTOlBPTDoyMDI2,WORLD_BANK_HCIPLUS,raw_snapshot,poland.pdf,pdf,application/pdf,2478964,8ce142632f118f0c30b43d0bd3b3bbfd0d7cd2de9250963764731102f0a2b124,2026,2026-07-11T11:45:45+00:00,False,include,https://humancapital.worldbank.org/content/dam/sites/data/humancapital/pdf/Poland.pdf,WORLD_BANK_HCIPLUS:POL:2026,
artifact.cmF3OldPUkxEX0JBTktfSENJUExVUzpQUlQ6MjAyNg,WORLD_BANK_HCIPLUS,raw_included,portugal.pdf,pdf,application/pdf,2478562,1b2d54bfa1a000dd4a60690310c60e4eef3fa4b46e8b5ab2b07f1d8c76cdc2ba,2026,2026-07-11T12:05:54+00:00,True,include,https://humancapital.worldbank.org/content/dam/sites/data/humancapital/pdf/Portugal.pdf,WORLD_BANK_HCIPLUS:PRT:2026,raw:WORLD_BANK_HCIPLUS:PRT:2026
raw.V09STERfQkFOS19IQ0lQTFVTOlBSVDoyMDI2,WORLD_BANK_HCIPLUS,raw_snapshot,portugal.pdf,pdf,application/pdf,2478562,1b2d54bfa1a000dd4a60690310c60e4eef3fa4b46e8b5ab2b07f1d8c76cdc2ba,2026,2026-07-11T11:45:45+00:00,False,include,https://humancapital.worldbank.org/content/dam/sites/data/humancapital/pdf/Portugal.pdf,WORLD_BANK_HCIPLUS:PRT:2026,
artifact.cmF3OldPUkxEX0JBTktfSENJUExVUzpRQVQ6MjAyNg,WORLD_BANK_HCIPLUS,raw_included,qatar.pdf,pdf,application/pdf,2504336,8632f9ff16cc3d4f376f4c57cb2c1d0daac84c26724eabb5562b6f5661f3226a,2026,2026-07-11T12:05:54+00:00,True,include,https://humancapital.worldbank.org/content/dam/sites/data/humancapital/pdf/Qatar.pdf,WORLD_BANK_HCIPLUS:QAT:2026,raw:WORLD_BANK_HCIPLUS:QAT:2026
raw.V09STERfQkFOS19IQ0lQTFVTOlFBVDoyMDI2,WORLD_BANK_HCIPLUS,raw_snapshot,qatar.pdf,pdf,application/pdf,2504336,8632f9ff16cc3d4f376f4c57cb2c1d0daac84c26724eabb5562b6f5661f3226a,2026,2026-07-11T11:45:45+00:00,False,include,https://humancapital.worldbank.org/content/dam/sites/data/humancapital/pdf/Qatar.pdf,WORLD_BANK_HCIPLUS:QAT:2026,
artifact.cmF3OldPUkxEX0JBTktfSENJUExVUzpDT0c6MjAyNg,WORLD_BANK_HCIPLUS,raw_included,republic-of-congo.pdf,pdf,application/pdf,2554727,4f45f14fb8de024607b7284a502f77857136fd188817dc01a75fe101c0207172,2026,2026-07-11T12:05:53+00:00,True,include,https://humancapital.worldbank.org/content/dam/sites/data/humancapital/pdf/Republic-of-Congo.pdf,WORLD_BANK_HCIPLUS:COG:2026,raw:WORLD_BANK_HCIPLUS:COG:2026
raw.V09STERfQkFOS19IQ0lQTFVTOkNPRzoyMDI2,WORLD_BANK_HCIPLUS,raw_snapshot,republic-of-congo.pdf,pdf,application/pdf,2554727,4f45f14fb8de024607b7284a502f77857136fd188817dc01a75fe101c0207172,2026,2026-07-11T11:45:45+00:00,False,include,https://humancapital.worldbank.org/content/dam/sites/data/humancapital/pdf/Republic-of-Congo.pdf,WORLD_BANK_HCIPLUS:COG:2026,
artifact.cmF3OldPUkxEX0JBTktfSENJUExVUzpLT1I6MjAyNg,WORLD_BANK_HCIPLUS,raw_included,republic-of-korea.pdf,pdf,application/pdf,2500982,f2a1e1bac8629a9a54b2cb7041fd3ea1e8e361ba9a2cc46f6f9311461d61a620,2026,2026-07-11T12:05:53+00:00,True,include,https://humancapital.worldbank.org/content/dam/sites/data/humancapital/pdf/Republic-of-Korea.pdf,WORLD_BANK_HCIPLUS:KOR:2026,raw:WORLD_BANK_HCIPLUS:KOR:2026
raw.V09STERfQkFOS19IQ0lQTFVTOktPUjoyMDI2,WORLD_BANK_HCIPLUS,raw_snapshot,republic-of-korea.pdf,pdf,application/pdf,2500982,f2a1e1bac8629a9a54b2cb7041fd3ea1e8e361ba9a2cc46f6f9311461d61a620,2026,2026-07-11T11:45:45+00:00,False,include,https://humancapital.worldbank.org/content/dam/sites/data/humancapital/pdf/Republic-of-Korea.pdf,WORLD_BANK_HCIPLUS:KOR:2026,
artifact.cmF3OldPUkxEX0JBTktfSENJUExVUzpST1U6MjAyNg,WORLD_BANK_HCIPLUS,raw_included,romania.pdf,pdf,application/pdf,2490395,b766aac43bf7cebc3e9bd741c30b82f0974eef368fd95eaf9c9a4ad380ab219f,2026,2026-07-11T12:05:54+00:00,True,include,https://humancapital.worldbank.org/content/dam/sites/data/humancapital/pdf/Romania.pdf,WORLD_BANK_HCIPLUS:ROU:2026,raw:WORLD_BANK_HCIPLUS:ROU:2026
raw.V09STERfQkFOS19IQ0lQTFVTOlJPVToyMDI2,WORLD_BANK_HCIPLUS,raw_snapshot,romania.pdf,pdf,application/pdf,2490395,b766aac43bf7cebc3e9bd741c30b82f0974eef368fd95eaf9c9a4ad380ab219f,2026,2026-07-11T11:45:45+00:00,False,include,https://humancapital.worldbank.org/content/dam/sites/data/humancapital/pdf/Romania.pdf,WORLD_BANK_HCIPLUS:ROU:2026,
artifact.cmF3OldPUkxEX0JBTktfSENJUExVUzpSVVM6MjAyNg,WORLD_BANK_HCIPLUS,raw_included,russian-federation.pdf,pdf,application/pdf,2536547,ef5c7b407239691c32ad48b753a6313b3d88ce941bcf30ed1f1aad46b97002df,2026,2026-07-11T12:05:54+00:00,True,include,https://humancapital.worldbank.org/content/dam/sites/data/humancapital/pdf/Russian-Federation.pdf,WORLD_BANK_HCIPLUS:RUS:2026,raw:WORLD_BANK_HCIPLUS:RUS:2026
raw.V09STERfQkFOS19IQ0lQTFVTOlJVUzoyMDI2,WORLD_BANK_HCIPLUS,raw_snapshot,russian-federation.pdf,pdf,application/pdf,2536547,ef5c7b407239691c32ad48b753a6313b3d88ce941bcf30ed1f1aad46b97002df,2026,2026-07-11T11:45:45+00:00,False,include,https://humancapital.worldbank.org/content/dam/sites/data/humancapital/pdf/Russian-Federation.pdf,WORLD_BANK_HCIPLUS:RUS:2026,
artifact.cmF3OldPUkxEX0JBTktfSENJUExVUzpSV0E6MjAyNg,WORLD_BANK_HCIPLUS,raw_included,rwanda.pdf,pdf,application/pdf,2466432,e3cc745b83459909affdbbd766b271a96b11d4b94f5e75e8cbec1086e221ba62,2026,2026-07-11T12:05:54+00:00,True,include,https://humancapital.worldbank.org/content/dam/sites/data/humancapital/pdf/Rwanda.pdf,WORLD_BANK_HCIPLUS:RWA:2026,raw:WORLD_BANK_HCIPLUS:RWA:2026
raw.V09STERfQkFOS19IQ0lQTFVTOlJXQToyMDI2,WORLD_BANK_HCIPLUS,raw_snapshot,rwanda.pdf,pdf,application/pdf,2466432,e3cc745b83459909affdbbd766b271a96b11d4b94f5e75e8cbec1086e221ba62,2026,2026-07-11T11:45:45+00:00,False,include,https://humancapital.worldbank.org/content/dam/sites/data/humancapital/pdf/Rwanda.pdf,WORLD_BANK_HCIPLUS:RWA:2026,
artifact.cmF3OldPUkxEX0JBTktfSENJUExVUzpTVFA6MjAyNg,WORLD_BANK_HCIPLUS,raw_included,sa-o-tome-and-principe.pdf,pdf,application/pdf,2528243,f766f3a5db1dcb9583c8d5fbd1ab1b0b36e2b7d9efe4274b20891b3746172820,2026,2026-07-11T12:05:54+00:00,True,include,https://humancapital.worldbank.org/content/dam/sites/data/humancapital/pdf/Sa-o-Tome-and-Principe.pdf,WORLD_BANK_HCIPLUS:STP:2026,raw:WORLD_BANK_HCIPLUS:STP:2026
raw.V09STERfQkFOS19IQ0lQTFVTOlNUUDoyMDI2,WORLD_BANK_HCIPLUS,raw_snapshot,sa-o-tome-and-principe.pdf,pdf,application/pdf,2528243,f766f3a5db1dcb9583c8d5fbd1ab1b0b36e2b7d9efe4274b20891b3746172820,2026,2026-07-11T11:45:45+00:00,False,include,https://humancapital.worldbank.org/content/dam/sites/data/humancapital/pdf/Sa-o-Tome-and-Principe.pdf,WORLD_BANK_HCIPLUS:STP:2026,
artifact.cmF3OldPUkxEX0JBTktfSENJUExVUzpXU006MjAyNg,WORLD_BANK_HCIPLUS,raw_included,samoa.pdf,pdf,application/pdf,2476293,b8bf6d885ed87b904c4868651b37e1a69b601265c5231242ace87ede515687dd,2026,2026-07-11T12:05:55+00:00,True,include,https://humancapital.worldbank.org/content/dam/sites/data/humancapital/pdf/Samoa.pdf,WORLD_BANK_HCIPLUS:WSM:2026,raw:WORLD_BANK_HCIPLUS:WSM:2026
raw.V09STERfQkFOS19IQ0lQTFVTOldTTToyMDI2,WORLD_BANK_HCIPLUS,raw_snapshot,samoa.pdf,pdf,application/pdf,2476293,b8bf6d885ed87b904c4868651b37e1a69b601265c5231242ace87ede515687dd,2026,2026-07-11T11:45:45+00:00,False,include,https://humancapital.worldbank.org/content/dam/sites/data/humancapital/pdf/Samoa.pdf,WORLD_BANK_HCIPLUS:WSM:2026,
artifact.cmF3OldPUkxEX0JBTktfSENJUExVUzpTQVU6MjAyNg,WORLD_BANK_HCIPLUS,raw_included,saudi-arabia.pdf,pdf,application/pdf,2526790,4b5c3c91b43c34a51f7109e6e08d6054dd0be5de0e7d9cabd9047274cca7a9ad,2026,2026-07-11T12:05:54+00:00,True,include,https://humancapital.worldbank.org/content/dam/sites/data/humancapital/pdf/Saudi-Arabia.pdf,WORLD_BANK_HCIPLUS:SAU:2026,raw:WORLD_BANK_HCIPLUS:SAU:2026
raw.V09STERfQkFOS19IQ0lQTFVTOlNBVToyMDI2,WORLD_BANK_HCIPLUS,raw_snapshot,saudi-arabia.pdf,pdf,application/pdf,2526790,4b5c3c91b43c34a51f7109e6e08d6054dd0be5de0e7d9cabd9047274cca7a9ad,2026,2026-07-11T11:45:45+00:00,False,include,https://humancapital.worldbank.org/content/dam/sites/data/humancapital/pdf/Saudi-Arabia.pdf,WORLD_BANK_HCIPLUS:SAU:2026,
artifact.cmF3OldPUkxEX0JBTktfSENJUExVUzpTRU46MjAyNg,WORLD_BANK_HCIPLUS,raw_included,senegal.pdf,pdf,application/pdf,2472606,0b73e4c3ad25d07a1c4642fc8cf3a49f87afb451411f52b9ccff2a5dc9ca985e,2026,2026-07-11T12:05:54+00:00,True,include,https://humancapital.worldbank.org/content/dam/sites/data/humancapital/pdf/Senegal.pdf,WORLD_BANK_HCIPLUS:SEN:2026,raw:WORLD_BANK_HCIPLUS:SEN:2026
raw.V09STERfQkFOS19IQ0lQTFVTOlNFTjoyMDI2,WORLD_BANK_HCIPLUS,raw_snapshot,senegal.pdf,pdf,application/pdf,2472606,0b73e4c3ad25d07a1c4642fc8cf3a49f87afb451411f52b9ccff2a5dc9ca985e,2026,2026-07-11T11:45:45+00:00,False,include,https://humancapital.worldbank.org/content/dam/sites/data/humancapital/pdf/Senegal.pdf,WORLD_BANK_HCIPLUS:SEN:2026,
artifact.cmF3OldPUkxEX0JBTktfSENJUExVUzpTUkI6MjAyNg,WORLD_BANK_HCIPLUS,raw_included,serbia.pdf,pdf,application/pdf,2478948,7f941364b600c6e16c4424b67a80a468ca477aa8592dcf64a7abb4e4f73f0420,2026,2026-07-11T12:05:54+00:00,True,include,https://humancapital.worldbank.org/content/dam/sites/data/humancapital/pdf/Serbia.pdf,WORLD_BANK_HCIPLUS:SRB:2026,raw:WORLD_BANK_HCIPLUS:SRB:2026
raw.V09STERfQkFOS19IQ0lQTFVTOlNSQjoyMDI2,WORLD_BANK_HCIPLUS,raw_snapshot,serbia.pdf,pdf,application/pdf,2478948,7f941364b600c6e16c4424b67a80a468ca477aa8592dcf64a7abb4e4f73f0420,2026,2026-07-11T11:45:45+00:00,False,include,https://humancapital.worldbank.org/content/dam/sites/data/humancapital/pdf/Serbia.pdf,WORLD_BANK_HCIPLUS:SRB:2026,
artifact.cmF3OldPUkxEX0JBTktfSENJUExVUzpTWUM6MjAyNg,WORLD_BANK_HCIPLUS,raw_included,seychelles.pdf,pdf,application/pdf,2484094,b29e2aca4157dadaba9e05816d44151c4c9b1c1a65738efab4ebacfb09cf4212,2026,2026-07-11T12:05:54+00:00,True,include,https://humancapital.worldbank.org/content/dam/sites/data/humancapital/pdf/Seychelles.pdf,WORLD_BANK_HCIPLUS:SYC:2026,raw:WORLD_BANK_HCIPLUS:SYC:2026
raw.V09STERfQkFOS19IQ0lQTFVTOlNZQzoyMDI2,WORLD_BANK_HCIPLUS,raw_snapshot,seychelles.pdf,pdf,application/pdf,2484094,b29e2aca4157dadaba9e05816d44151c4c9b1c1a65738efab4ebacfb09cf4212,2026,2026-07-11T11:45:45+00:00,False,include,https://humancapital.worldbank.org/content/dam/sites/data/humancapital/pdf/Seychelles.pdf,WORLD_BANK_HCIPLUS:SYC:2026,
artifact.cmF3OldPUkxEX0JBTktfSENJUExVUzpTTEU6MjAyNg,WORLD_BANK_HCIPLUS,raw_included,sierra-leone.pdf,pdf,application/pdf,2485085,6191d261c85e82b7c9989649f39e8128ea8913862729d912b843eba319767a3c,2026,2026-07-11T12:05:54+00:00,True,include,https://humancapital.worldbank.org/content/dam/sites/data/humancapital/pdf/Sierra-Leone.pdf,WORLD_BANK_HCIPLUS:SLE:2026,raw:WORLD_BANK_HCIPLUS:SLE:2026
raw.V09STERfQkFOS19IQ0lQTFVTOlNMRToyMDI2,WORLD_BANK_HCIPLUS,raw_snapshot,sierra-leone.pdf,pdf,application/pdf,2485085,6191d261c85e82b7c9989649f39e8128ea8913862729d912b843eba319767a3c,2026,2026-07-11T11:45:45+00:00,False,include,https://humancapital.worldbank.org/content/dam/sites/data/humancapital/pdf/Sierra-Leone.pdf,WORLD_BANK_HCIPLUS:SLE:2026,
artifact.cmF3OldPUkxEX0JBTktfSENJUExVUzpTR1A6MjAyNg,WORLD_BANK_HCIPLUS,raw_included,singapore.pdf,pdf,application/pdf,2465457,2d6230989d304297ef51e6160c46bf9476cb414569825e262073aacc5cf11129,2026,2026-07-11T12:05:54+00:00,True,include,https://humancapital.worldbank.org/content/dam/sites/data/humancapital/pdf/Singapore.pdf,WORLD_BANK_HCIPLUS:SGP:2026,raw:WORLD_BANK_HCIPLUS:SGP:2026
raw.V09STERfQkFOS19IQ0lQTFVTOlNHUDoyMDI2,WORLD_BANK_HCIPLUS,raw_snapshot,singapore.pdf,pdf,application/pdf,2465457,2d6230989d304297ef51e6160c46bf9476cb414569825e262073aacc5cf11129,2026,2026-07-11T11:45:45+00:00,False,include,https://humancapital.worldbank.org/content/dam/sites/data/humancapital/pdf/Singapore.pdf,WORLD_BANK_HCIPLUS:SGP:2026,
artifact.cmF3OldPUkxEX0JBTktfSENJUExVUzpTVks6MjAyNg,WORLD_BANK_HCIPLUS,raw_included,slovak-republic.pdf,pdf,application/pdf,2531481,8c9557410733dc01b0699fb4e00f116e57f931c761628b9329b9bb6178bc2431,2026,2026-07-11T12:05:54+00:00,True,include,https://humancapital.worldbank.org/content/dam/sites/data/humancapital/pdf/Slovak-Republic.pdf,WORLD_BANK_HCIPLUS:SVK:2026,raw:WORLD_BANK_HCIPLUS:SVK:2026
raw.V09STERfQkFOS19IQ0lQTFVTOlNWSzoyMDI2,WORLD_BANK_HCIPLUS,raw_snapshot,slovak-republic.pdf,pdf,application/pdf,2531481,8c9557410733dc01b0699fb4e00f116e57f931c761628b9329b9bb6178bc2431,2026,2026-07-11T11:45:45+00:00,False,include,https://humancapital.worldbank.org/content/dam/sites/data/humancapital/pdf/Slovak-Republic.pdf,WORLD_BANK_HCIPLUS:SVK:2026,
artifact.cmF3OldPUkxEX0JBTktfSENJUExVUzpTVk46MjAyNg,WORLD_BANK_HCIPLUS,raw_included,slovenia.pdf,pdf,application/pdf,2481032,e3c52d366329517a9c6825c9724b66e9e7a795376d973c774dd38fc27ac31be0,2026,2026-07-11T12:05:54+00:00,True,include,https://humancapital.worldbank.org/content/dam/sites/data/humancapital/pdf/Slovenia.pdf,WORLD_BANK_HCIPLUS:SVN:2026,raw:WORLD_BANK_HCIPLUS:SVN:2026
raw.V09STERfQkFOS19IQ0lQTFVTOlNWTjoyMDI2,WORLD_BANK_HCIPLUS,raw_snapshot,slovenia.pdf,pdf,application/pdf,2481032,e3c52d366329517a9c6825c9724b66e9e7a795376d973c774dd38fc27ac31be0,2026,2026-07-11T11:45:45+00:00,False,include,https://humancapital.worldbank.org/content/dam/sites/data/humancapital/pdf/Slovenia.pdf,WORLD_BANK_HCIPLUS:SVN:2026,
artifact.cmF3OldPUkxEX0JBTktfSENJUExVUzpaQUY6MjAyNg,WORLD_BANK_HCIPLUS,raw_included,south-africa.pdf,pdf,application/pdf,2490743,c92d46b50394160fa6f5c4f73e119d855593250703c4f43ebd13559f1b2571fb,2026,2026-07-11T12:05:55+00:00,True,include,https://humancapital.worldbank.org/content/dam/sites/data/humancapital/pdf/South-Africa.pdf,WORLD_BANK_HCIPLUS:ZAF:2026,raw:WORLD_BANK_HCIPLUS:ZAF:2026
raw.V09STERfQkFOS19IQ0lQTFVTOlpBRjoyMDI2,WORLD_BANK_HCIPLUS,raw_snapshot,south-africa.pdf,pdf,application/pdf,2490743,c92d46b50394160fa6f5c4f73e119d855593250703c4f43ebd13559f1b2571fb,2026,2026-07-11T11:45:45+00:00,False,include,https://humancapital.worldbank.org/content/dam/sites/data/humancapital/pdf/South-Africa.pdf,WORLD_BANK_HCIPLUS:ZAF:2026,
artifact.cmF3OldPUkxEX0JBTktfSENJUExVUzpFU1A6MjAyNg,WORLD_BANK_HCIPLUS,raw_included,spain.pdf,pdf,application/pdf,2457625,5635258a50d1fa2d23d66f78991d0aaaac36805164734ee799b39085b980b3be,2026,2026-07-11T12:05:53+00:00,True,include,https://humancapital.worldbank.org/content/dam/sites/data/humancapital/pdf/Spain.pdf,WORLD_BANK_HCIPLUS:ESP:2026,raw:WORLD_BANK_HCIPLUS:ESP:2026
raw.V09STERfQkFOS19IQ0lQTFVTOkVTUDoyMDI2,WORLD_BANK_HCIPLUS,raw_snapshot,spain.pdf,pdf,application/pdf,2457625,5635258a50d1fa2d23d66f78991d0aaaac36805164734ee799b39085b980b3be,2026,2026-07-11T11:45:45+00:00,False,include,https://humancapital.worldbank.org/content/dam/sites/data/humancapital/pdf/Spain.pdf,WORLD_BANK_HCIPLUS:ESP:2026,
artifact.cmF3OldPUkxEX0JBTktfSENJUExVUzpMQ0E6MjAyNg,WORLD_BANK_HCIPLUS,raw_included,st-lucia.pdf,pdf,application/pdf,2462391,15a25b1e2db0ada29c6bef53fb6c4eb26e3253b76ea4a9db0dd02e9535341770,2026,2026-07-11T12:05:54+00:00,True,include,https://humancapital.worldbank.org/content/dam/sites/data/humancapital/pdf/St-Lucia.pdf,WORLD_BANK_HCIPLUS:LCA:2026,raw:WORLD_BANK_HCIPLUS:LCA:2026
raw.V09STERfQkFOS19IQ0lQTFVTOkxDQToyMDI2,WORLD_BANK_HCIPLUS,raw_snapshot,st-lucia.pdf,pdf,application/pdf,2462391,15a25b1e2db0ada29c6bef53fb6c4eb26e3253b76ea4a9db0dd02e9535341770,2026,2026-07-11T11:45:45+00:00,False,include,https://humancapital.worldbank.org/content/dam/sites/data/humancapital/pdf/St-Lucia.pdf,WORLD_BANK_HCIPLUS:LCA:2026,
artifact.cmF3OldPUkxEX0JBTktfSENJUExVUzpWQ1Q6MjAyNg,WORLD_BANK_HCIPLUS,raw_included,st-vincent-and-the-grenadines.pdf,pdf,application/pdf,2567580,86c8b29cd1ef9cc3f09e189c045ac2b4ab03211197ac91506f313803820e3093,2026,2026-07-11T12:05:55+00:00,True,include,https://humancapital.worldbank.org/content/dam/sites/data/humancapital/pdf/St-Vincent-and-the-Grenadines.pdf,WORLD_BANK_HCIPLUS:VCT:2026,raw:WORLD_BANK_HCIPLUS:VCT:2026
raw.V09STERfQkFOS19IQ0lQTFVTOlZDVDoyMDI2,WORLD_BANK_HCIPLUS,raw_snapshot,st-vincent-and-the-grenadines.pdf,pdf,application/pdf,2567580,86c8b29cd1ef9cc3f09e189c045ac2b4ab03211197ac91506f313803820e3093,2026,2026-07-11T11:45:45+00:00,False,include,https://humancapital.worldbank.org/content/dam/sites/data/humancapital/pdf/St-Vincent-and-the-Grenadines.pdf,WORLD_BANK_HCIPLUS:VCT:2026,
artifact.cmF3OldPUkxEX0JBTktfSENJUExVUzpTRE46MjAyNg,WORLD_BANK_HCIPLUS,raw_included,sudan.pdf,pdf,application/pdf,2465651,bd196c8da4ea54af4fe755a5f83bd7c259925e289661647bad6aa5dc03d8c355,2026,2026-07-11T12:05:54+00:00,True,include,https://humancapital.worldbank.org/content/dam/sites/data/humancapital/pdf/Sudan.pdf,WORLD_BANK_HCIPLUS:SDN:2026,raw:WORLD_BANK_HCIPLUS:SDN:2026
raw.V09STERfQkFOS19IQ0lQTFVTOlNETjoyMDI2,WORLD_BANK_HCIPLUS,raw_snapshot,sudan.pdf,pdf,application/pdf,2465651,bd196c8da4ea54af4fe755a5f83bd7c259925e289661647bad6aa5dc03d8c355,2026,2026-07-11T11:45:45+00:00,False,include,https://humancapital.worldbank.org/content/dam/sites/data/humancapital/pdf/Sudan.pdf,WORLD_BANK_HCIPLUS:SDN:2026,
artifact.cmF3OldPUkxEX0JBTktfSENJUExVUzpTV0U6MjAyNg,WORLD_BANK_HCIPLUS,raw_included,sweden.pdf,pdf,application/pdf,2477790,970d6b2137101bf6aacb9373b3d506f1dd4fbb5f20750b531f5b4c5d512a6a70,2026,2026-07-11T12:05:54+00:00,True,include,https://humancapital.worldbank.org/content/dam/sites/data/humancapital/pdf/Sweden.pdf,WORLD_BANK_HCIPLUS:SWE:2026,raw:WORLD_BANK_HCIPLUS:SWE:2026
raw.V09STERfQkFOS19IQ0lQTFVTOlNXRToyMDI2,WORLD_BANK_HCIPLUS,raw_snapshot,sweden.pdf,pdf,application/pdf,2477790,970d6b2137101bf6aacb9373b3d506f1dd4fbb5f20750b531f5b4c5d512a6a70,2026,2026-07-11T11:45:45+00:00,False,include,https://humancapital.worldbank.org/content/dam/sites/data/humancapital/pdf/Sweden.pdf,WORLD_BANK_HCIPLUS:SWE:2026,
artifact.cmF3OldPUkxEX0JBTktfSENJUExVUzpDSEU6MjAyNg,WORLD_BANK_HCIPLUS,raw_included,switzerland.pdf,pdf,application/pdf,2502662,b07e2e44ab197a0e74d284b3ba63d76f1be1ea423583b1b52f5630742bbb0ebb,2026,2026-07-11T12:05:53+00:00,True,include,https://humancapital.worldbank.org/content/dam/sites/data/humancapital/pdf/Switzerland.pdf,WORLD_BANK_HCIPLUS:CHE:2026,raw:WORLD_BANK_HCIPLUS:CHE:2026
raw.V09STERfQkFOS19IQ0lQTFVTOkNIRToyMDI2,WORLD_BANK_HCIPLUS,raw_snapshot,switzerland.pdf,pdf,application/pdf,2502662,b07e2e44ab197a0e74d284b3ba63d76f1be1ea423583b1b52f5630742bbb0ebb,2026,2026-07-11T11:45:45+00:00,False,include,https://humancapital.worldbank.org/content/dam/sites/data/humancapital/pdf/Switzerland.pdf,WORLD_BANK_HCIPLUS:CHE:2026,
artifact.cmF3OldPUkxEX0JBTktfSENJUExVUzpUSks6MjAyNg,WORLD_BANK_HCIPLUS,raw_included,tajikistan.pdf,pdf,application/pdf,2485340,a449c584601d73fbe7a29a8ade5a276718364c54208e63077826cd33be3bb22e,2026,2026-07-11T12:05:54+00:00,True,include,https://humancapital.worldbank.org/content/dam/sites/data/humancapital/pdf/Tajikistan.pdf,WORLD_BANK_HCIPLUS:TJK:2026,raw:WORLD_BANK_HCIPLUS:TJK:2026
raw.V09STERfQkFOS19IQ0lQTFVTOlRKSzoyMDI2,WORLD_BANK_HCIPLUS,raw_snapshot,tajikistan.pdf,pdf,application/pdf,2485340,a449c584601d73fbe7a29a8ade5a276718364c54208e63077826cd33be3bb22e,2026,2026-07-11T11:45:45+00:00,False,include,https://humancapital.worldbank.org/content/dam/sites/data/humancapital/pdf/Tajikistan.pdf,WORLD_BANK_HCIPLUS:TJK:2026,
artifact.cmF3OldPUkxEX0JBTktfSENJUExVUzpUWkE6MjAyNg,WORLD_BANK_HCIPLUS,raw_included,tanzania.pdf,pdf,application/pdf,2461752,ec0d40ec63355168c5f58a89829e8c2de5b211bad89df9cfe1f7c1c204a732ba,2026,2026-07-11T12:05:55+00:00,True,include,https://humancapital.worldbank.org/content/dam/sites/data/humancapital/pdf/Tanzania.pdf,WORLD_BANK_HCIPLUS:TZA:2026,raw:WORLD_BANK_HCIPLUS:TZA:2026
raw.V09STERfQkFOS19IQ0lQTFVTOlRaQToyMDI2,WORLD_BANK_HCIPLUS,raw_snapshot,tanzania.pdf,pdf,application/pdf,2461752,ec0d40ec63355168c5f58a89829e8c2de5b211bad89df9cfe1f7c1c204a732ba,2026,2026-07-11T11:45:45+00:00,False,include,https://humancapital.worldbank.org/content/dam/sites/data/humancapital/pdf/Tanzania.pdf,WORLD_BANK_HCIPLUS:TZA:2026,
artifact.cmF3OldPUkxEX0JBTktfSENJUExVUzpUSEE6MjAyNg,WORLD_BANK_HCIPLUS,raw_included,thailand.pdf,pdf,application/pdf,2448733,1f8da1d7d2adc85c96b4657faab55ff842b14a95acd94315776c640862cbd710,2026,2026-07-11T12:05:54+00:00,True,include,https://humancapital.worldbank.org/content/dam/sites/data/humancapital/pdf/Thailand.pdf,WORLD_BANK_HCIPLUS:THA:2026,raw:WORLD_BANK_HCIPLUS:THA:2026
raw.V09STERfQkFOS19IQ0lQTFVTOlRIQToyMDI2,WORLD_BANK_HCIPLUS,raw_snapshot,thailand.pdf,pdf,application/pdf,2448733,1f8da1d7d2adc85c96b4657faab55ff842b14a95acd94315776c640862cbd710,2026,2026-07-11T11:45:45+00:00,False,include,https://humancapital.worldbank.org/content/dam/sites/data/humancapital/pdf/Thailand.pdf,WORLD_BANK_HCIPLUS:THA:2026,
artifact.cmF3OldPUkxEX0JBTktfSENJUExVUzpUR086MjAyNg,WORLD_BANK_HCIPLUS,raw_included,togo.pdf,pdf,application/pdf,2453884,332b6a0807b1483a3553d231a5cb71154998a6bcc7d0d4ac9a396358108e3825,2026,2026-07-11T12:05:54+00:00,True,include,https://humancapital.worldbank.org/content/dam/sites/data/humancapital/pdf/Togo.pdf,WORLD_BANK_HCIPLUS:TGO:2026,raw:WORLD_BANK_HCIPLUS:TGO:2026
raw.V09STERfQkFOS19IQ0lQTFVTOlRHTzoyMDI2,WORLD_BANK_HCIPLUS,raw_snapshot,togo.pdf,pdf,application/pdf,2453884,332b6a0807b1483a3553d231a5cb71154998a6bcc7d0d4ac9a396358108e3825,2026,2026-07-11T11:45:45+00:00,False,include,https://humancapital.worldbank.org/content/dam/sites/data/humancapital/pdf/Togo.pdf,WORLD_BANK_HCIPLUS:TGO:2026,
artifact.cmF3OldPUkxEX0JBTktfSENJUExVUzpUT046MjAyNg,WORLD_BANK_HCIPLUS,raw_included,tonga.pdf,pdf,application/pdf,2441687,e7f4642640eec6c3c1bce6bc9157bb42be88fa31f40379ebdd65c433b0a6123c,2026,2026-07-11T12:05:54+00:00,True,include,https://humancapital.worldbank.org/content/dam/sites/data/humancapital/pdf/Tonga.pdf,WORLD_BANK_HCIPLUS:TON:2026,raw:WORLD_BANK_HCIPLUS:TON:2026
raw.V09STERfQkFOS19IQ0lQTFVTOlRPTjoyMDI2,WORLD_BANK_HCIPLUS,raw_snapshot,tonga.pdf,pdf,application/pdf,2441687,e7f4642640eec6c3c1bce6bc9157bb42be88fa31f40379ebdd65c433b0a6123c,2026,2026-07-11T11:45:45+00:00,False,include,https://humancapital.worldbank.org/content/dam/sites/data/humancapital/pdf/Tonga.pdf,WORLD_BANK_HCIPLUS:TON:2026,
artifact.cmF3OldPUkxEX0JBTktfSENJUExVUzpUVE86MjAyNg,WORLD_BANK_HCIPLUS,raw_included,trinidad-and-tobago.pdf,pdf,application/pdf,2542473,63af73d03bc374cbeabd90a0cf89aba314c3dcf5cdca472b419d793c66ca064b,2026,2026-07-11T12:05:54+00:00,True,include,https://humancapital.worldbank.org/content/dam/sites/data/humancapital/pdf/Trinidad-and-Tobago.pdf,WORLD_BANK_HCIPLUS:TTO:2026,raw:WORLD_BANK_HCIPLUS:TTO:2026
raw.V09STERfQkFOS19IQ0lQTFVTOlRUTzoyMDI2,WORLD_BANK_HCIPLUS,raw_snapshot,trinidad-and-tobago.pdf,pdf,application/pdf,2542473,63af73d03bc374cbeabd90a0cf89aba314c3dcf5cdca472b419d793c66ca064b,2026,2026-07-11T11:45:45+00:00,False,include,https://humancapital.worldbank.org/content/dam/sites/data/humancapital/pdf/Trinidad-and-Tobago.pdf,WORLD_BANK_HCIPLUS:TTO:2026,
artifact.cmF3OldPUkxEX0JBTktfSENJUExVUzpUVVI6MjAyNg,WORLD_BANK_HCIPLUS,raw_included,tu-rkiye.pdf,pdf,application/pdf,2454869,81c0fc47e518da4fec951f4e1c22aa224355c4049f534199ecef3265f4ef89ed,2026,2026-07-11T12:05:54+00:00,True,include,https://humancapital.worldbank.org/content/dam/sites/data/humancapital/pdf/Tu-rkiye.pdf,WORLD_BANK_HCIPLUS:TUR:2026,raw:WORLD_BANK_HCIPLUS:TUR:2026
raw.V09STERfQkFOS19IQ0lQTFVTOlRVUjoyMDI2,WORLD_BANK_HCIPLUS,raw_snapshot,tu-rkiye.pdf,pdf,application/pdf,2454869,81c0fc47e518da4fec951f4e1c22aa224355c4049f534199ecef3265f4ef89ed,2026,2026-07-11T11:45:45+00:00,False,include,https://humancapital.worldbank.org/content/dam/sites/data/humancapital/pdf/Tu-rkiye.pdf,WORLD_BANK_HCIPLUS:TUR:2026,
artifact.cmF3OldPUkxEX0JBTktfSENJUExVUzpUVU46MjAyNg,WORLD_BANK_HCIPLUS,raw_included,tunisia.pdf,pdf,application/pdf,2475335,4e474f41aa92d4a943a4076d2a75abcc0cf0eca6c669b4573fc65b2ab1ad2c43,2026,2026-07-11T12:05:54+00:00,True,include,https://humancapital.worldbank.org/content/dam/sites/data/humancapital/pdf/Tunisia.pdf,WORLD_BANK_HCIPLUS:TUN:2026,raw:WORLD_BANK_HCIPLUS:TUN:2026
raw.V09STERfQkFOS19IQ0lQTFVTOlRVTjoyMDI2,WORLD_BANK_HCIPLUS,raw_snapshot,tunisia.pdf,pdf,application/pdf,2475335,4e474f41aa92d4a943a4076d2a75abcc0cf0eca6c669b4573fc65b2ab1ad2c43,2026,2026-07-11T11:45:45+00:00,False,include,https://humancapital.worldbank.org/content/dam/sites/data/humancapital/pdf/Tunisia.pdf,WORLD_BANK_HCIPLUS:TUN:2026,
artifact.cmF3OldPUkxEX0JBTktfSENJUExVUzpUS006MjAyNg,WORLD_BANK_HCIPLUS,raw_included,turkmenistan.pdf,pdf,application/pdf,2501673,70b13ac7d5e84aa0829ac06e78adb88a1a101411a7e855739313cc02542df766,2026,2026-07-11T12:05:54+00:00,True,include,https://humancapital.worldbank.org/content/dam/sites/data/humancapital/pdf/Turkmenistan.pdf,WORLD_BANK_HCIPLUS:TKM:2026,raw:WORLD_BANK_HCIPLUS:TKM:2026
raw.V09STERfQkFOS19IQ0lQTFVTOlRLTToyMDI2,WORLD_BANK_HCIPLUS,raw_snapshot,turkmenistan.pdf,pdf,application/pdf,2501673,70b13ac7d5e84aa0829ac06e78adb88a1a101411a7e855739313cc02542df766,2026,2026-07-11T11:45:45+00:00,False,include,https://humancapital.worldbank.org/content/dam/sites/data/humancapital/pdf/Turkmenistan.pdf,WORLD_BANK_HCIPLUS:TKM:2026,
artifact.cmF3OldPUkxEX0JBTktfSENJUExVUzpUVVY6MjAyNg,WORLD_BANK_HCIPLUS,raw_included,tuvalu.pdf,pdf,application/pdf,2460460,85473c4f4b3385d699a22a89fbd3f6c3a9c90996397f17752b61ea7f4d1e04d9,2026,2026-07-11T12:05:55+00:00,True,include,https://humancapital.worldbank.org/content/dam/sites/data/humancapital/pdf/Tuvalu.pdf,WORLD_BANK_HCIPLUS:TUV:2026,raw:WORLD_BANK_HCIPLUS:TUV:2026
raw.V09STERfQkFOS19IQ0lQTFVTOlRVVjoyMDI2,WORLD_BANK_HCIPLUS,raw_snapshot,tuvalu.pdf,pdf,application/pdf,2460460,85473c4f4b3385d699a22a89fbd3f6c3a9c90996397f17752b61ea7f4d1e04d9,2026,2026-07-11T11:45:45+00:00,False,include,https://humancapital.worldbank.org/content/dam/sites/data/humancapital/pdf/Tuvalu.pdf,WORLD_BANK_HCIPLUS:TUV:2026,
artifact.cmF3OldPUkxEX0JBTktfSENJUExVUzpVR0E6MjAyNg,WORLD_BANK_HCIPLUS,raw_included,uganda.pdf,pdf,application/pdf,2471758,3dc4e4cbb9918e9cfbd24ab81eb7f2a684966b3ed38b35a01ba45f99c078baaf,2026,2026-07-11T12:05:55+00:00,True,include,https://humancapital.worldbank.org/content/dam/sites/data/humancapital/pdf/Uganda.pdf,WORLD_BANK_HCIPLUS:UGA:2026,raw:WORLD_BANK_HCIPLUS:UGA:2026
raw.V09STERfQkFOS19IQ0lQTFVTOlVHQToyMDI2,WORLD_BANK_HCIPLUS,raw_snapshot,uganda.pdf,pdf,application/pdf,2471758,3dc4e4cbb9918e9cfbd24ab81eb7f2a684966b3ed38b35a01ba45f99c078baaf,2026,2026-07-11T11:45:45+00:00,False,include,https://humancapital.worldbank.org/content/dam/sites/data/humancapital/pdf/Uganda.pdf,WORLD_BANK_HCIPLUS:UGA:2026,
artifact.cmF3OldPUkxEX0JBTktfSENJUExVUzpVS1I6MjAyNg,WORLD_BANK_HCIPLUS,raw_included,ukraine.pdf,pdf,application/pdf,2469464,ef375efdf64aab174b4af417335658961a0d47a56369fb5ef0fa4f80d6692755,2026,2026-07-11T12:05:55+00:00,True,include,https://humancapital.worldbank.org/content/dam/sites/data/humancapital/pdf/Ukraine.pdf,WORLD_BANK_HCIPLUS:UKR:2026,raw:WORLD_BANK_HCIPLUS:UKR:2026
raw.V09STERfQkFOS19IQ0lQTFVTOlVLUjoyMDI2,WORLD_BANK_HCIPLUS,raw_snapshot,ukraine.pdf,pdf,application/pdf,2469464,ef375efdf64aab174b4af417335658961a0d47a56369fb5ef0fa4f80d6692755,2026,2026-07-11T11:45:45+00:00,False,include,https://humancapital.worldbank.org/content/dam/sites/data/humancapital/pdf/Ukraine.pdf,WORLD_BANK_HCIPLUS:UKR:2026,
artifact.cmF3OldPUkxEX0JBTktfSENJUExVUzpBUkU6MjAyNg,WORLD_BANK_HCIPLUS,raw_included,united-arab-emirates.pdf,pdf,application/pdf,2533553,a355e000e399eb3b275ce310c6c484f71ebda502327b71622b84ed15d47ef531,2026,2026-07-11T12:05:52+00:00,True,include,https://humancapital.worldbank.org/content/dam/sites/data/humancapital/pdf/United-Arab-Emirates.pdf,WORLD_BANK_HCIPLUS:ARE:2026,raw:WORLD_BANK_HCIPLUS:ARE:2026
raw.V09STERfQkFOS19IQ0lQTFVTOkFSRToyMDI2,WORLD_BANK_HCIPLUS,raw_snapshot,united-arab-emirates.pdf,pdf,application/pdf,2533553,a355e000e399eb3b275ce310c6c484f71ebda502327b71622b84ed15d47ef531,2026,2026-07-11T11:45:45+00:00,False,include,https://humancapital.worldbank.org/content/dam/sites/data/humancapital/pdf/United-Arab-Emirates.pdf,WORLD_BANK_HCIPLUS:ARE:2026,
artifact.cmF3OldPUkxEX0JBTktfSENJUExVUzpHQlI6MjAyNg,WORLD_BANK_HCIPLUS,raw_included,united-kingdom.pdf,pdf,application/pdf,2511269,396ab8e2cf1ef59bbcd80ed5dd1574540bdf1ea4adca4b9aed6b9f4b8a3e10a7,2026,2026-07-11T12:05:53+00:00,True,include,https://humancapital.worldbank.org/content/dam/sites/data/humancapital/pdf/United-Kingdom.pdf,WORLD_BANK_HCIPLUS:GBR:2026,raw:WORLD_BANK_HCIPLUS:GBR:2026
raw.V09STERfQkFOS19IQ0lQTFVTOkdCUjoyMDI2,WORLD_BANK_HCIPLUS,raw_snapshot,united-kingdom.pdf,pdf,application/pdf,2511269,396ab8e2cf1ef59bbcd80ed5dd1574540bdf1ea4adca4b9aed6b9f4b8a3e10a7,2026,2026-07-11T11:45:45+00:00,False,include,https://humancapital.worldbank.org/content/dam/sites/data/humancapital/pdf/United-Kingdom.pdf,WORLD_BANK_HCIPLUS:GBR:2026,
artifact.cmF3OldPUkxEX0JBTktfSENJUExVUzpVU0E6MjAyNg,WORLD_BANK_HCIPLUS,raw_included,united-states.pdf,pdf,application/pdf,2481942,a85445c5b5a314353c46577b5b66a2217b4f04e4e3eea04b1ecf3043edfb7b96,2026,2026-07-11T12:05:55+00:00,True,include,https://humancapital.worldbank.org/content/dam/sites/data/humancapital/pdf/United-States.pdf,WORLD_BANK_HCIPLUS:USA:2026,raw:WORLD_BANK_HCIPLUS:USA:2026
raw.V09STERfQkFOS19IQ0lQTFVTOlVTQToyMDI2,WORLD_BANK_HCIPLUS,raw_snapshot,united-states.pdf,pdf,application/pdf,2481942,a85445c5b5a314353c46577b5b66a2217b4f04e4e3eea04b1ecf3043edfb7b96,2026,2026-07-11T11:45:45+00:00,False,include,https://humancapital.worldbank.org/content/dam/sites/data/humancapital/pdf/United-States.pdf,WORLD_BANK_HCIPLUS:USA:2026,
artifact.cmF3OldPUkxEX0JBTktfSENJUExVUzpVUlk6MjAyNg,WORLD_BANK_HCIPLUS,raw_included,uruguay.pdf,pdf,application/pdf,2474264,460b64c3c510a7eaee474ffe419f21dcd25fd710c9c31f788c061cf7025f4cf9,2026,2026-07-11T12:05:55+00:00,True,include,https://humancapital.worldbank.org/content/dam/sites/data/humancapital/pdf/Uruguay.pdf,WORLD_BANK_HCIPLUS:URY:2026,raw:WORLD_BANK_HCIPLUS:URY:2026
raw.V09STERfQkFOS19IQ0lQTFVTOlVSWToyMDI2,WORLD_BANK_HCIPLUS,raw_snapshot,uruguay.pdf,pdf,application/pdf,2474264,460b64c3c510a7eaee474ffe419f21dcd25fd710c9c31f788c061cf7025f4cf9,2026,2026-07-11T11:45:45+00:00,False,include,https://humancapital.worldbank.org/content/dam/sites/data/humancapital/pdf/Uruguay.pdf,WORLD_BANK_HCIPLUS:URY:2026,
artifact.cmF3OldPUkxEX0JBTktfSENJUExVUzpVWkI6MjAyNg,WORLD_BANK_HCIPLUS,raw_included,uzbekistan.pdf,pdf,application/pdf,2506786,e6512fb33b1ec1a20cd20366c5872a2dc663e7562554ed502845131d362dfa18,2026,2026-07-11T12:05:55+00:00,True,include,https://humancapital.worldbank.org/content/dam/sites/data/humancapital/pdf/Uzbekistan.pdf,WORLD_BANK_HCIPLUS:UZB:2026,raw:WORLD_BANK_HCIPLUS:UZB:2026
raw.V09STERfQkFOS19IQ0lQTFVTOlVaQjoyMDI2,WORLD_BANK_HCIPLUS,raw_snapshot,uzbekistan.pdf,pdf,application/pdf,2506786,e6512fb33b1ec1a20cd20366c5872a2dc663e7562554ed502845131d362dfa18,2026,2026-07-11T11:45:45+00:00,False,include,https://humancapital.worldbank.org/content/dam/sites/data/humancapital/pdf/Uzbekistan.pdf,WORLD_BANK_HCIPLUS:UZB:2026,
artifact.cmF3OldPUkxEX0JBTktfSENJUExVUzpWVVQ6MjAyNg,WORLD_BANK_HCIPLUS,raw_included,vanuatu.pdf,pdf,application/pdf,2470131,b0da4ffa6b91c970261204d7c50bef6f218117e90b05d6f0cebf6161c12192da,2026,2026-07-11T12:05:55+00:00,True,include,https://humancapital.worldbank.org/content/dam/sites/data/humancapital/pdf/Vanuatu.pdf,WORLD_BANK_HCIPLUS:VUT:2026,raw:WORLD_BANK_HCIPLUS:VUT:2026
raw.V09STERfQkFOS19IQ0lQTFVTOlZVVDoyMDI2,WORLD_BANK_HCIPLUS,raw_snapshot,vanuatu.pdf,pdf,application/pdf,2470131,b0da4ffa6b91c970261204d7c50bef6f218117e90b05d6f0cebf6161c12192da,2026,2026-07-11T11:45:45+00:00,False,include,https://humancapital.worldbank.org/content/dam/sites/data/humancapital/pdf/Vanuatu.pdf,WORLD_BANK_HCIPLUS:VUT:2026,
artifact.cmF3OldPUkxEX0JBTktfSENJUExVUzpWTk06MjAyNg,WORLD_BANK_HCIPLUS,raw_included,viet-nam.pdf,pdf,application/pdf,2453158,9f0ef139ea331fdfbeb082f8caee2eb7a4d4c53122b590bb716577a465a9b214,2026,2026-07-11T12:05:55+00:00,True,include,https://humancapital.worldbank.org/content/dam/sites/data/humancapital/pdf/Viet-Nam.pdf,WORLD_BANK_HCIPLUS:VNM:2026,raw:WORLD_BANK_HCIPLUS:VNM:2026
raw.V09STERfQkFOS19IQ0lQTFVTOlZOTToyMDI2,WORLD_BANK_HCIPLUS,raw_snapshot,viet-nam.pdf,pdf,application/pdf,2453158,9f0ef139ea331fdfbeb082f8caee2eb7a4d4c53122b590bb716577a465a9b214,2026,2026-07-11T11:45:45+00:00,False,include,https://humancapital.worldbank.org/content/dam/sites/data/humancapital/pdf/Viet-Nam.pdf,WORLD_BANK_HCIPLUS:VNM:2026,
artifact.cmF3OldPUkxEX0JBTktfSENJUExVUzpQU0U6MjAyNg,WORLD_BANK_HCIPLUS,raw_included,west-bank-and-gaza.pdf,pdf,application/pdf,2570609,a4f7a9a0fafc1c727153d81c032432ee680de571a5b97febd96f59f8c050d08c,2026,2026-07-11T12:05:54+00:00,True,include,https://humancapital.worldbank.org/content/dam/sites/data/humancapital/pdf/West-Bank-and-Gaza.pdf,WORLD_BANK_HCIPLUS:PSE:2026,raw:WORLD_BANK_HCIPLUS:PSE:2026
raw.V09STERfQkFOS19IQ0lQTFVTOlBTRToyMDI2,WORLD_BANK_HCIPLUS,raw_snapshot,west-bank-and-gaza.pdf,pdf,application/pdf,2570609,a4f7a9a0fafc1c727153d81c032432ee680de571a5b97febd96f59f8c050d08c,2026,2026-07-11T11:45:45+00:00,False,include,https://humancapital.worldbank.org/content/dam/sites/data/humancapital/pdf/West-Bank-and-Gaza.pdf,WORLD_BANK_HCIPLUS:PSE:2026,
artifact.cmF3OldPUkxEX0JBTktfSENJUExVUzpaTUI6MjAyNg,WORLD_BANK_HCIPLUS,raw_included,zambia.pdf,pdf,application/pdf,2458640,f7ca30ff048ab4e80803c998e039332ad159203ee1594f3346d3b9c6abc14686,2026,2026-07-11T12:05:55+00:00,True,include,https://humancapital.worldbank.org/content/dam/sites/data/humancapital/pdf/Zambia.pdf,WORLD_BANK_HCIPLUS:ZMB:2026,raw:WORLD_BANK_HCIPLUS:ZMB:2026
raw.V09STERfQkFOS19IQ0lQTFVTOlpNQjoyMDI2,WORLD_BANK_HCIPLUS,raw_snapshot,zambia.pdf,pdf,application/pdf,2458640,f7ca30ff048ab4e80803c998e039332ad159203ee1594f3346d3b9c6abc14686,2026,2026-07-11T11:45:45+00:00,False,include,https://humancapital.worldbank.org/content/dam/sites/data/humancapital/pdf/Zambia.pdf,WORLD_BANK_HCIPLUS:ZMB:2026,
artifact.cmF3OldPUkxEX0JBTktfSENJUExVUzpaV0U6MjAyNg,WORLD_BANK_HCIPLUS,raw_included,zimbabwe.pdf,pdf,application/pdf,2470508,40da7adc9afcbdc6022f4e677f76882ac705e8e7878678305f7b6d054eacef72,2026,2026-07-11T12:05:55+00:00,True,include,https://humancapital.worldbank.org/content/dam/sites/data/humancapital/pdf/Zimbabwe.pdf,WORLD_BANK_HCIPLUS:ZWE:2026,raw:WORLD_BANK_HCIPLUS:ZWE:2026
raw.V09STERfQkFOS19IQ0lQTFVTOlpXRToyMDI2,WORLD_BANK_HCIPLUS,raw_snapshot,zimbabwe.pdf,pdf,application/pdf,2470508,40da7adc9afcbdc6022f4e677f76882ac705e8e7878678305f7b6d054eacef72,2026,2026-07-11T11:45:45+00:00,False,include,https://humancapital.worldbank.org/content/dam/sites/data/humancapital/pdf/Zimbabwe.pdf,WORLD_BANK_HCIPLUS:ZWE:2026,
artifact.cmF3OldPUkxEX0JBTktfSFRFSToyMDI1OjMxZjJjOGMyMGI1YzRjYTQ,WORLD_BANK_HTEI,raw_included,world_bank_htei_indicators.json,json,application/json,61292278,31f2c8c20b5c4ca42569541ed7502d8782cf8e2b50558bf100b96766f912495f,2025,2026-07-11T12:05:55+00:00,True,include,https://api.worldbank.org/v2/indicator,WORLD_BANK_HTEI:2025:31f2c8c20b5c4ca4,raw:WORLD_BANK_HTEI:2025:31f2c8c20b5c4ca4
